-- phpMyAdmin SQL Dump
-- version 5.1.1
-- https://www.phpmyadmin.net/
--
-- Servidor: mysql
-- Tiempo de generaci贸n: 21-03-2023 a las 19:39:49
-- Versi贸n del servidor: 8.0.28
-- Versi贸n de PHP: 7.4.27

SET SQL_MODE = "NO_AUTO_VALUE_ON_ZERO";
START TRANSACTION;
SET time_zone = "+00:00";


/*!40101 SET @OLD_CHARACTER_SET_CLIENT=@@CHARACTER_SET_CLIENT */;
/*!40101 SET @OLD_CHARACTER_SET_RESULTS=@@CHARACTER_SET_RESULTS */;
/*!40101 SET @OLD_COLLATION_CONNECTION=@@COLLATION_CONNECTION */;
/*!40101 SET NAMES utf8mb4 */;

--
-- Base de datos: `ecommerce2`
--

-- --------------------------------------------------------

--
-- Estructura de tabla para la tabla `brands`
--

CREATE TABLE `brands` (
  `id` bigint UNSIGNED NOT NULL,
  `name` varchar(255) COLLATE utf8mb4_unicode_ci NOT NULL,
  `created_at` timestamp NULL DEFAULT NULL,
  `updated_at` timestamp NULL DEFAULT NULL
) ENGINE=InnoDB DEFAULT CHARSET=utf8mb4 COLLATE=utf8mb4_unicode_ci;

--
-- Volcado de datos para la tabla `brands`
--

INSERT INTO `brands` (`id`, `name`, `created_at`, `updated_at`) VALUES
(1, 'sequi', '2023-03-21 19:23:38', '2023-03-21 19:23:38'),
(2, 'reprehenderit', '2023-03-21 19:23:38', '2023-03-21 19:23:38'),
(3, 'corporis', '2023-03-21 19:23:38', '2023-03-21 19:23:38'),
(4, 'non', '2023-03-21 19:23:38', '2023-03-21 19:23:38'),
(5, 'hic', '2023-03-21 19:23:38', '2023-03-21 19:23:38'),
(6, 'reiciendis', '2023-03-21 19:23:38', '2023-03-21 19:23:38'),
(7, 'eveniet', '2023-03-21 19:23:38', '2023-03-21 19:23:38'),
(8, 'in', '2023-03-21 19:23:38', '2023-03-21 19:23:38'),
(9, 'sunt', '2023-03-21 19:23:39', '2023-03-21 19:23:39'),
(10, 'molestias', '2023-03-21 19:23:39', '2023-03-21 19:23:39'),
(11, 'et', '2023-03-21 19:23:39', '2023-03-21 19:23:39'),
(12, 'quis', '2023-03-21 19:23:39', '2023-03-21 19:23:39'),
(13, 'ut', '2023-03-21 19:23:39', '2023-03-21 19:23:39'),
(14, 'adipisci', '2023-03-21 19:23:39', '2023-03-21 19:23:39'),
(15, 'a', '2023-03-21 19:23:39', '2023-03-21 19:23:39'),
(16, 'aut', '2023-03-21 19:23:39', '2023-03-21 19:23:39'),
(17, 'eveniet', '2023-03-21 19:23:40', '2023-03-21 19:23:40'),
(18, 'consequatur', '2023-03-21 19:23:40', '2023-03-21 19:23:40'),
(19, 'dolores', '2023-03-21 19:23:40', '2023-03-21 19:23:40'),
(20, 'quia', '2023-03-21 19:23:40', '2023-03-21 19:23:40');

-- --------------------------------------------------------

--
-- Estructura de tabla para la tabla `brand_category`
--

CREATE TABLE `brand_category` (
  `id` bigint UNSIGNED NOT NULL,
  `brand_id` bigint UNSIGNED NOT NULL,
  `category_id` bigint UNSIGNED NOT NULL,
  `created_at` timestamp NULL DEFAULT NULL,
  `updated_at` timestamp NULL DEFAULT NULL
) ENGINE=InnoDB DEFAULT CHARSET=utf8mb4 COLLATE=utf8mb4_unicode_ci;

--
-- Volcado de datos para la tabla `brand_category`
--

INSERT INTO `brand_category` (`id`, `brand_id`, `category_id`, `created_at`, `updated_at`) VALUES
(1, 1, 1, NULL, NULL),
(2, 2, 1, NULL, NULL),
(3, 3, 1, NULL, NULL),
(4, 4, 1, NULL, NULL),
(5, 5, 2, NULL, NULL),
(6, 6, 2, NULL, NULL),
(7, 7, 2, NULL, NULL),
(8, 8, 2, NULL, NULL),
(9, 9, 3, NULL, NULL),
(10, 10, 3, NULL, NULL),
(11, 11, 3, NULL, NULL),
(12, 12, 3, NULL, NULL),
(13, 13, 4, NULL, NULL),
(14, 14, 4, NULL, NULL),
(15, 15, 4, NULL, NULL),
(16, 16, 4, NULL, NULL),
(17, 17, 5, NULL, NULL),
(18, 18, 5, NULL, NULL),
(19, 19, 5, NULL, NULL),
(20, 20, 5, NULL, NULL);

-- --------------------------------------------------------

--
-- Estructura de tabla para la tabla `categories`
--

CREATE TABLE `categories` (
  `id` bigint UNSIGNED NOT NULL,
  `name` varchar(255) COLLATE utf8mb4_unicode_ci NOT NULL,
  `slug` varchar(255) COLLATE utf8mb4_unicode_ci NOT NULL,
  `icon` varchar(255) COLLATE utf8mb4_unicode_ci NOT NULL,
  `image` varchar(255) COLLATE utf8mb4_unicode_ci NOT NULL,
  `created_at` timestamp NULL DEFAULT NULL,
  `updated_at` timestamp NULL DEFAULT NULL
) ENGINE=InnoDB DEFAULT CHARSET=utf8mb4 COLLATE=utf8mb4_unicode_ci;

--
-- Volcado de datos para la tabla `categories`
--

INSERT INTO `categories` (`id`, `name`, `slug`, `icon`, `image`, `created_at`, `updated_at`) VALUES
(1, 'Celulares y tablets', 'celulares-y-tablets', '<i class=\"fas fa-mobile-alt\"></i>', 'categories/f64044009c751f1df6a1dbe4a4f338b8.png', '2023-03-21 19:23:38', '2023-03-21 19:23:38'),
(2, 'TV, audio y video', 'tv-audio-y-video', '<i class=\"fas fa-tv\"></i>', 'categories/ad98099983b9dff28ca717ebc4fbe0f9.png', '2023-03-21 19:23:38', '2023-03-21 19:23:38'),
(3, 'Consola y videojuegos', 'consola-y-videojuegos', '<i class=\"fas fa-gamepad\"></i>', 'categories/cf720181a8295e5e9f59a7f990248d1c.png', '2023-03-21 19:23:39', '2023-03-21 19:23:39'),
(4, 'Computaci贸n', 'computacion', '<i class=\"fas fa-laptop\"></i>', 'categories/920b8835ac4565597b5a11ab65c7c512.png', '2023-03-21 19:23:39', '2023-03-21 19:23:39'),
(5, 'Moda', 'moda', '<i class=\"fas fa-tshirt\"></i>', 'categories/55963f6f13a902c602b323028ac09af7.png', '2023-03-21 19:23:40', '2023-03-21 19:23:40');

-- --------------------------------------------------------

--
-- Estructura de tabla para la tabla `cities`
--

CREATE TABLE `cities` (
  `id` bigint UNSIGNED NOT NULL,
  `name` varchar(255) COLLATE utf8mb4_unicode_ci NOT NULL,
  `cost` double(8,2) NOT NULL,
  `department_id` bigint UNSIGNED NOT NULL,
  `created_at` timestamp NULL DEFAULT NULL,
  `updated_at` timestamp NULL DEFAULT NULL
) ENGINE=InnoDB DEFAULT CHARSET=utf8mb4 COLLATE=utf8mb4_unicode_ci;

--
-- Volcado de datos para la tabla `cities`
--

INSERT INTO `cities` (`id`, `name`, `cost`, `department_id`, `created_at`, `updated_at`) VALUES
(1, 'quam', 15.00, 1, '2023-03-21 19:32:19', '2023-03-21 19:32:19'),
(2, 'necessitatibus', 5.00, 1, '2023-03-21 19:32:19', '2023-03-21 19:32:19'),
(3, 'deleniti', 15.00, 1, '2023-03-21 19:32:19', '2023-03-21 19:32:19'),
(4, 'omnis', 5.00, 1, '2023-03-21 19:32:19', '2023-03-21 19:32:19'),
(5, 'est', 10.00, 1, '2023-03-21 19:32:19', '2023-03-21 19:32:19'),
(6, 'perferendis', 10.00, 1, '2023-03-21 19:32:19', '2023-03-21 19:32:19'),
(7, 'blanditiis', 5.00, 1, '2023-03-21 19:32:19', '2023-03-21 19:32:19'),
(8, 'dolore', 10.00, 1, '2023-03-21 19:32:19', '2023-03-21 19:32:19'),
(9, 'aperiam', 5.00, 2, '2023-03-21 19:32:19', '2023-03-21 19:32:19'),
(10, 'voluptatum', 10.00, 2, '2023-03-21 19:32:19', '2023-03-21 19:32:19'),
(11, 'ut', 15.00, 2, '2023-03-21 19:32:19', '2023-03-21 19:32:19'),
(12, 'consequatur', 15.00, 2, '2023-03-21 19:32:19', '2023-03-21 19:32:19'),
(13, 'impedit', 5.00, 2, '2023-03-21 19:32:19', '2023-03-21 19:32:19'),
(14, 'aspernatur', 15.00, 2, '2023-03-21 19:32:19', '2023-03-21 19:32:19'),
(15, 'ea', 10.00, 2, '2023-03-21 19:32:19', '2023-03-21 19:32:19'),
(16, 'officia', 15.00, 2, '2023-03-21 19:32:19', '2023-03-21 19:32:19'),
(17, 'nihil', 5.00, 3, '2023-03-21 19:32:19', '2023-03-21 19:32:19'),
(18, 'inventore', 5.00, 3, '2023-03-21 19:32:19', '2023-03-21 19:32:19'),
(19, 'sint', 10.00, 3, '2023-03-21 19:32:19', '2023-03-21 19:32:19'),
(20, 'qui', 10.00, 3, '2023-03-21 19:32:19', '2023-03-21 19:32:19'),
(21, 'natus', 5.00, 3, '2023-03-21 19:32:19', '2023-03-21 19:32:19'),
(22, 'ut', 5.00, 3, '2023-03-21 19:32:19', '2023-03-21 19:32:19'),
(23, 'ut', 15.00, 3, '2023-03-21 19:32:19', '2023-03-21 19:32:19'),
(24, 'consequatur', 15.00, 3, '2023-03-21 19:32:19', '2023-03-21 19:32:19'),
(25, 'aut', 15.00, 4, '2023-03-21 19:32:19', '2023-03-21 19:32:19'),
(26, 'ullam', 15.00, 4, '2023-03-21 19:32:19', '2023-03-21 19:32:19'),
(27, 'qui', 10.00, 4, '2023-03-21 19:32:19', '2023-03-21 19:32:19'),
(28, 'sequi', 15.00, 4, '2023-03-21 19:32:19', '2023-03-21 19:32:19'),
(29, 'quisquam', 15.00, 4, '2023-03-21 19:32:19', '2023-03-21 19:32:19'),
(30, 'ut', 5.00, 4, '2023-03-21 19:32:19', '2023-03-21 19:32:19'),
(31, 'sed', 10.00, 4, '2023-03-21 19:32:19', '2023-03-21 19:32:19'),
(32, 'dolor', 5.00, 4, '2023-03-21 19:32:19', '2023-03-21 19:32:19'),
(33, 'in', 5.00, 5, '2023-03-21 19:32:19', '2023-03-21 19:32:19'),
(34, 'ut', 10.00, 5, '2023-03-21 19:32:19', '2023-03-21 19:32:19'),
(35, 'numquam', 10.00, 5, '2023-03-21 19:32:19', '2023-03-21 19:32:19'),
(36, 'exercitationem', 10.00, 5, '2023-03-21 19:32:19', '2023-03-21 19:32:19'),
(37, 'possimus', 15.00, 5, '2023-03-21 19:32:19', '2023-03-21 19:32:19'),
(38, 'quis', 10.00, 5, '2023-03-21 19:32:19', '2023-03-21 19:32:19'),
(39, 'alias', 5.00, 5, '2023-03-21 19:32:19', '2023-03-21 19:32:19'),
(40, 'nostrum', 10.00, 5, '2023-03-21 19:32:19', '2023-03-21 19:32:19'),
(41, 'eum', 5.00, 6, '2023-03-21 19:32:19', '2023-03-21 19:32:19'),
(42, 'aliquid', 10.00, 6, '2023-03-21 19:32:19', '2023-03-21 19:32:19'),
(43, 'eum', 5.00, 6, '2023-03-21 19:32:19', '2023-03-21 19:32:19'),
(44, 'quidem', 5.00, 6, '2023-03-21 19:32:19', '2023-03-21 19:32:19'),
(45, 'nihil', 15.00, 6, '2023-03-21 19:32:19', '2023-03-21 19:32:19'),
(46, 'dicta', 15.00, 6, '2023-03-21 19:32:19', '2023-03-21 19:32:19'),
(47, 'enim', 5.00, 6, '2023-03-21 19:32:19', '2023-03-21 19:32:19'),
(48, 'itaque', 5.00, 6, '2023-03-21 19:32:19', '2023-03-21 19:32:19'),
(49, 'sint', 10.00, 7, '2023-03-21 19:32:19', '2023-03-21 19:32:19'),
(50, 'nostrum', 10.00, 7, '2023-03-21 19:32:19', '2023-03-21 19:32:19'),
(51, 'rerum', 15.00, 7, '2023-03-21 19:32:19', '2023-03-21 19:32:19'),
(52, 'quia', 15.00, 7, '2023-03-21 19:32:19', '2023-03-21 19:32:19'),
(53, 'sit', 10.00, 7, '2023-03-21 19:32:19', '2023-03-21 19:32:19'),
(54, 'beatae', 15.00, 7, '2023-03-21 19:32:19', '2023-03-21 19:32:19'),
(55, 'consequatur', 10.00, 7, '2023-03-21 19:32:19', '2023-03-21 19:32:19'),
(56, 'alias', 10.00, 7, '2023-03-21 19:32:20', '2023-03-21 19:32:20'),
(57, 'nam', 5.00, 8, '2023-03-21 19:32:20', '2023-03-21 19:32:20'),
(58, 'vel', 10.00, 8, '2023-03-21 19:32:20', '2023-03-21 19:32:20'),
(59, 'sapiente', 5.00, 8, '2023-03-21 19:32:20', '2023-03-21 19:32:20'),
(60, 'rerum', 5.00, 8, '2023-03-21 19:32:20', '2023-03-21 19:32:20'),
(61, 'consectetur', 15.00, 8, '2023-03-21 19:32:20', '2023-03-21 19:32:20'),
(62, 'commodi', 10.00, 8, '2023-03-21 19:32:20', '2023-03-21 19:32:20'),
(63, 'numquam', 5.00, 8, '2023-03-21 19:32:20', '2023-03-21 19:32:20'),
(64, 'architecto', 15.00, 8, '2023-03-21 19:32:20', '2023-03-21 19:32:20');

-- --------------------------------------------------------

--
-- Estructura de tabla para la tabla `colors`
--

CREATE TABLE `colors` (
  `id` bigint UNSIGNED NOT NULL,
  `name` varchar(255) COLLATE utf8mb4_unicode_ci NOT NULL,
  `created_at` timestamp NULL DEFAULT NULL,
  `updated_at` timestamp NULL DEFAULT NULL
) ENGINE=InnoDB DEFAULT CHARSET=utf8mb4 COLLATE=utf8mb4_unicode_ci;

--
-- Volcado de datos para la tabla `colors`
--

INSERT INTO `colors` (`id`, `name`, `created_at`, `updated_at`) VALUES
(1, 'white', '2023-03-21 19:32:18', '2023-03-21 19:32:18'),
(2, 'blue', '2023-03-21 19:32:18', '2023-03-21 19:32:18'),
(3, 'red', '2023-03-21 19:32:18', '2023-03-21 19:32:18'),
(4, 'black', '2023-03-21 19:32:18', '2023-03-21 19:32:18');

-- --------------------------------------------------------

--
-- Estructura de tabla para la tabla `color_product`
--

CREATE TABLE `color_product` (
  `id` bigint UNSIGNED NOT NULL,
  `color_id` bigint UNSIGNED NOT NULL,
  `product_id` bigint UNSIGNED NOT NULL,
  `quantity` int NOT NULL,
  `created_at` timestamp NULL DEFAULT NULL,
  `updated_at` timestamp NULL DEFAULT NULL
) ENGINE=InnoDB DEFAULT CHARSET=utf8mb4 COLLATE=utf8mb4_unicode_ci;

--
-- Volcado de datos para la tabla `color_product`
--

INSERT INTO `color_product` (`id`, `color_id`, `product_id`, `quantity`, `created_at`, `updated_at`) VALUES
(1, 1, 18, 10, NULL, NULL),
(2, 2, 18, 10, NULL, NULL),
(3, 3, 18, 10, NULL, NULL),
(4, 4, 18, 10, NULL, NULL),
(5, 1, 38, 10, NULL, NULL),
(6, 2, 38, 10, NULL, NULL),
(7, 3, 38, 10, NULL, NULL),
(8, 4, 38, 10, NULL, NULL),
(9, 1, 39, 10, NULL, NULL),
(10, 2, 39, 10, NULL, NULL),
(11, 3, 39, 10, NULL, NULL),
(12, 4, 39, 10, NULL, NULL),
(13, 1, 78, 10, NULL, NULL),
(14, 2, 78, 10, NULL, NULL),
(15, 3, 78, 10, NULL, NULL),
(16, 4, 78, 10, NULL, NULL),
(17, 1, 81, 10, NULL, NULL),
(18, 2, 81, 10, NULL, NULL),
(19, 3, 81, 10, NULL, NULL),
(20, 4, 81, 10, NULL, NULL),
(21, 1, 93, 10, NULL, NULL),
(22, 2, 93, 10, NULL, NULL),
(23, 3, 93, 10, NULL, NULL),
(24, 4, 93, 10, NULL, NULL),
(25, 1, 100, 10, NULL, NULL),
(26, 2, 100, 10, NULL, NULL),
(27, 3, 100, 10, NULL, NULL),
(28, 4, 100, 10, NULL, NULL),
(29, 1, 168, 10, NULL, NULL),
(30, 2, 168, 10, NULL, NULL),
(31, 3, 168, 10, NULL, NULL),
(32, 4, 168, 10, NULL, NULL),
(33, 1, 173, 10, NULL, NULL),
(34, 2, 173, 10, NULL, NULL),
(35, 3, 173, 10, NULL, NULL),
(36, 4, 173, 10, NULL, NULL),
(37, 1, 205, 10, NULL, NULL),
(38, 2, 205, 10, NULL, NULL),
(39, 3, 205, 10, NULL, NULL),
(40, 4, 205, 10, NULL, NULL),
(41, 1, 211, 10, NULL, NULL),
(42, 2, 211, 10, NULL, NULL),
(43, 3, 211, 10, NULL, NULL),
(44, 4, 211, 10, NULL, NULL),
(45, 1, 220, 10, NULL, NULL),
(46, 2, 220, 10, NULL, NULL),
(47, 3, 220, 10, NULL, NULL),
(48, 4, 220, 10, NULL, NULL),
(49, 1, 230, 10, NULL, NULL),
(50, 2, 230, 10, NULL, NULL),
(51, 3, 230, 10, NULL, NULL),
(52, 4, 230, 10, NULL, NULL),
(53, 1, 249, 10, NULL, NULL),
(54, 2, 249, 10, NULL, NULL),
(55, 3, 249, 10, NULL, NULL),
(56, 4, 249, 10, NULL, NULL);

-- --------------------------------------------------------

--
-- Estructura de tabla para la tabla `color_size`
--

CREATE TABLE `color_size` (
  `id` bigint UNSIGNED NOT NULL,
  `color_id` bigint UNSIGNED NOT NULL,
  `size_id` bigint UNSIGNED NOT NULL,
  `quantity` int NOT NULL,
  `created_at` timestamp NULL DEFAULT NULL,
  `updated_at` timestamp NULL DEFAULT NULL
) ENGINE=InnoDB DEFAULT CHARSET=utf8mb4 COLLATE=utf8mb4_unicode_ci;

--
-- Volcado de datos para la tabla `color_size`
--

INSERT INTO `color_size` (`id`, `color_id`, `size_id`, `quantity`, `created_at`, `updated_at`) VALUES
(1, 1, 1, 10, NULL, NULL),
(2, 2, 1, 10, NULL, NULL),
(3, 3, 1, 10, NULL, NULL),
(4, 4, 1, 10, NULL, NULL),
(5, 1, 2, 10, NULL, NULL),
(6, 2, 2, 10, NULL, NULL),
(7, 3, 2, 10, NULL, NULL),
(8, 4, 2, 10, NULL, NULL),
(9, 1, 3, 10, NULL, NULL),
(10, 2, 3, 10, NULL, NULL),
(11, 3, 3, 10, NULL, NULL),
(12, 4, 3, 10, NULL, NULL),
(13, 1, 4, 10, NULL, NULL),
(14, 2, 4, 10, NULL, NULL),
(15, 3, 4, 10, NULL, NULL),
(16, 4, 4, 10, NULL, NULL),
(17, 1, 5, 10, NULL, NULL),
(18, 2, 5, 10, NULL, NULL),
(19, 3, 5, 10, NULL, NULL),
(20, 4, 5, 10, NULL, NULL),
(21, 1, 6, 10, NULL, NULL),
(22, 2, 6, 10, NULL, NULL),
(23, 3, 6, 10, NULL, NULL),
(24, 4, 6, 10, NULL, NULL),
(25, 1, 7, 10, NULL, NULL),
(26, 2, 7, 10, NULL, NULL),
(27, 3, 7, 10, NULL, NULL),
(28, 4, 7, 10, NULL, NULL),
(29, 1, 8, 10, NULL, NULL),
(30, 2, 8, 10, NULL, NULL),
(31, 3, 8, 10, NULL, NULL),
(32, 4, 8, 10, NULL, NULL),
(33, 1, 9, 10, NULL, NULL),
(34, 2, 9, 10, NULL, NULL),
(35, 3, 9, 10, NULL, NULL),
(36, 4, 9, 10, NULL, NULL),
(37, 1, 10, 10, NULL, NULL),
(38, 2, 10, 10, NULL, NULL),
(39, 3, 10, 10, NULL, NULL),
(40, 4, 10, 10, NULL, NULL),
(41, 1, 11, 10, NULL, NULL),
(42, 2, 11, 10, NULL, NULL),
(43, 3, 11, 10, NULL, NULL),
(44, 4, 11, 10, NULL, NULL),
(45, 1, 12, 10, NULL, NULL),
(46, 2, 12, 10, NULL, NULL),
(47, 3, 12, 10, NULL, NULL),
(48, 4, 12, 10, NULL, NULL),
(49, 1, 13, 10, NULL, NULL),
(50, 2, 13, 10, NULL, NULL),
(51, 3, 13, 10, NULL, NULL),
(52, 4, 13, 10, NULL, NULL),
(53, 1, 14, 10, NULL, NULL),
(54, 2, 14, 10, NULL, NULL),
(55, 3, 14, 10, NULL, NULL),
(56, 4, 14, 10, NULL, NULL),
(57, 1, 15, 10, NULL, NULL),
(58, 2, 15, 10, NULL, NULL),
(59, 3, 15, 10, NULL, NULL),
(60, 4, 15, 10, NULL, NULL),
(61, 1, 16, 10, NULL, NULL),
(62, 2, 16, 10, NULL, NULL),
(63, 3, 16, 10, NULL, NULL),
(64, 4, 16, 10, NULL, NULL),
(65, 1, 17, 10, NULL, NULL),
(66, 2, 17, 10, NULL, NULL),
(67, 3, 17, 10, NULL, NULL),
(68, 4, 17, 10, NULL, NULL),
(69, 1, 18, 10, NULL, NULL),
(70, 2, 18, 10, NULL, NULL),
(71, 3, 18, 10, NULL, NULL),
(72, 4, 18, 10, NULL, NULL),
(73, 1, 19, 10, NULL, NULL),
(74, 2, 19, 10, NULL, NULL),
(75, 3, 19, 10, NULL, NULL),
(76, 4, 19, 10, NULL, NULL),
(77, 1, 20, 10, NULL, NULL),
(78, 2, 20, 10, NULL, NULL),
(79, 3, 20, 10, NULL, NULL),
(80, 4, 20, 10, NULL, NULL),
(81, 1, 21, 10, NULL, NULL),
(82, 2, 21, 10, NULL, NULL),
(83, 3, 21, 10, NULL, NULL),
(84, 4, 21, 10, NULL, NULL),
(85, 1, 22, 10, NULL, NULL),
(86, 2, 22, 10, NULL, NULL),
(87, 3, 22, 10, NULL, NULL),
(88, 4, 22, 10, NULL, NULL),
(89, 1, 23, 10, NULL, NULL),
(90, 2, 23, 10, NULL, NULL),
(91, 3, 23, 10, NULL, NULL),
(92, 4, 23, 10, NULL, NULL),
(93, 1, 24, 10, NULL, NULL),
(94, 2, 24, 10, NULL, NULL),
(95, 3, 24, 10, NULL, NULL),
(96, 4, 24, 10, NULL, NULL),
(97, 1, 25, 10, NULL, NULL),
(98, 2, 25, 10, NULL, NULL),
(99, 3, 25, 10, NULL, NULL),
(100, 4, 25, 10, NULL, NULL),
(101, 1, 26, 10, NULL, NULL),
(102, 2, 26, 10, NULL, NULL),
(103, 3, 26, 10, NULL, NULL),
(104, 4, 26, 10, NULL, NULL),
(105, 1, 27, 10, NULL, NULL),
(106, 2, 27, 10, NULL, NULL),
(107, 3, 27, 10, NULL, NULL),
(108, 4, 27, 10, NULL, NULL),
(109, 1, 28, 10, NULL, NULL),
(110, 2, 28, 10, NULL, NULL),
(111, 3, 28, 10, NULL, NULL),
(112, 4, 28, 10, NULL, NULL),
(113, 1, 29, 10, NULL, NULL),
(114, 2, 29, 10, NULL, NULL),
(115, 3, 29, 10, NULL, NULL),
(116, 4, 29, 10, NULL, NULL),
(117, 1, 30, 10, NULL, NULL),
(118, 2, 30, 10, NULL, NULL),
(119, 3, 30, 10, NULL, NULL),
(120, 4, 30, 10, NULL, NULL),
(121, 1, 31, 10, NULL, NULL),
(122, 2, 31, 10, NULL, NULL),
(123, 3, 31, 10, NULL, NULL),
(124, 4, 31, 10, NULL, NULL),
(125, 1, 32, 10, NULL, NULL),
(126, 2, 32, 10, NULL, NULL),
(127, 3, 32, 10, NULL, NULL),
(128, 4, 32, 10, NULL, NULL),
(129, 1, 33, 10, NULL, NULL),
(130, 2, 33, 10, NULL, NULL),
(131, 3, 33, 10, NULL, NULL),
(132, 4, 33, 10, NULL, NULL),
(133, 1, 34, 10, NULL, NULL),
(134, 2, 34, 10, NULL, NULL),
(135, 3, 34, 10, NULL, NULL),
(136, 4, 34, 10, NULL, NULL),
(137, 1, 35, 10, NULL, NULL),
(138, 2, 35, 10, NULL, NULL),
(139, 3, 35, 10, NULL, NULL),
(140, 4, 35, 10, NULL, NULL),
(141, 1, 36, 10, NULL, NULL),
(142, 2, 36, 10, NULL, NULL),
(143, 3, 36, 10, NULL, NULL),
(144, 4, 36, 10, NULL, NULL),
(145, 1, 37, 10, NULL, NULL),
(146, 2, 37, 10, NULL, NULL),
(147, 3, 37, 10, NULL, NULL),
(148, 4, 37, 10, NULL, NULL),
(149, 1, 38, 10, NULL, NULL),
(150, 2, 38, 10, NULL, NULL),
(151, 3, 38, 10, NULL, NULL),
(152, 4, 38, 10, NULL, NULL),
(153, 1, 39, 10, NULL, NULL),
(154, 2, 39, 10, NULL, NULL),
(155, 3, 39, 10, NULL, NULL),
(156, 4, 39, 10, NULL, NULL),
(157, 1, 40, 10, NULL, NULL),
(158, 2, 40, 10, NULL, NULL),
(159, 3, 40, 10, NULL, NULL),
(160, 4, 40, 10, NULL, NULL),
(161, 1, 41, 10, NULL, NULL),
(162, 2, 41, 10, NULL, NULL),
(163, 3, 41, 10, NULL, NULL),
(164, 4, 41, 10, NULL, NULL),
(165, 1, 42, 10, NULL, NULL),
(166, 2, 42, 10, NULL, NULL),
(167, 3, 42, 10, NULL, NULL),
(168, 4, 42, 10, NULL, NULL),
(169, 1, 43, 10, NULL, NULL),
(170, 2, 43, 10, NULL, NULL),
(171, 3, 43, 10, NULL, NULL),
(172, 4, 43, 10, NULL, NULL),
(173, 1, 44, 10, NULL, NULL),
(174, 2, 44, 10, NULL, NULL),
(175, 3, 44, 10, NULL, NULL),
(176, 4, 44, 10, NULL, NULL),
(177, 1, 45, 10, NULL, NULL),
(178, 2, 45, 10, NULL, NULL),
(179, 3, 45, 10, NULL, NULL),
(180, 4, 45, 10, NULL, NULL),
(181, 1, 46, 10, NULL, NULL),
(182, 2, 46, 10, NULL, NULL),
(183, 3, 46, 10, NULL, NULL),
(184, 4, 46, 10, NULL, NULL),
(185, 1, 47, 10, NULL, NULL),
(186, 2, 47, 10, NULL, NULL),
(187, 3, 47, 10, NULL, NULL),
(188, 4, 47, 10, NULL, NULL),
(189, 1, 48, 10, NULL, NULL),
(190, 2, 48, 10, NULL, NULL),
(191, 3, 48, 10, NULL, NULL),
(192, 4, 48, 10, NULL, NULL),
(193, 1, 49, 10, NULL, NULL),
(194, 2, 49, 10, NULL, NULL),
(195, 3, 49, 10, NULL, NULL),
(196, 4, 49, 10, NULL, NULL),
(197, 1, 50, 10, NULL, NULL),
(198, 2, 50, 10, NULL, NULL),
(199, 3, 50, 10, NULL, NULL),
(200, 4, 50, 10, NULL, NULL),
(201, 1, 51, 10, NULL, NULL),
(202, 2, 51, 10, NULL, NULL),
(203, 3, 51, 10, NULL, NULL),
(204, 4, 51, 10, NULL, NULL),
(205, 1, 52, 10, NULL, NULL),
(206, 2, 52, 10, NULL, NULL),
(207, 3, 52, 10, NULL, NULL),
(208, 4, 52, 10, NULL, NULL),
(209, 1, 53, 10, NULL, NULL),
(210, 2, 53, 10, NULL, NULL),
(211, 3, 53, 10, NULL, NULL),
(212, 4, 53, 10, NULL, NULL),
(213, 1, 54, 10, NULL, NULL),
(214, 2, 54, 10, NULL, NULL),
(215, 3, 54, 10, NULL, NULL),
(216, 4, 54, 10, NULL, NULL),
(217, 1, 55, 10, NULL, NULL),
(218, 2, 55, 10, NULL, NULL),
(219, 3, 55, 10, NULL, NULL),
(220, 4, 55, 10, NULL, NULL),
(221, 1, 56, 10, NULL, NULL),
(222, 2, 56, 10, NULL, NULL),
(223, 3, 56, 10, NULL, NULL),
(224, 4, 56, 10, NULL, NULL),
(225, 1, 57, 10, NULL, NULL),
(226, 2, 57, 10, NULL, NULL),
(227, 3, 57, 10, NULL, NULL),
(228, 4, 57, 10, NULL, NULL),
(229, 1, 58, 10, NULL, NULL),
(230, 2, 58, 10, NULL, NULL),
(231, 3, 58, 10, NULL, NULL),
(232, 4, 58, 10, NULL, NULL),
(233, 1, 59, 10, NULL, NULL),
(234, 2, 59, 10, NULL, NULL),
(235, 3, 59, 10, NULL, NULL),
(236, 4, 59, 10, NULL, NULL),
(237, 1, 60, 10, NULL, NULL),
(238, 2, 60, 10, NULL, NULL),
(239, 3, 60, 10, NULL, NULL),
(240, 4, 60, 10, NULL, NULL),
(241, 1, 61, 10, NULL, NULL),
(242, 2, 61, 10, NULL, NULL),
(243, 3, 61, 10, NULL, NULL),
(244, 4, 61, 10, NULL, NULL),
(245, 1, 62, 10, NULL, NULL),
(246, 2, 62, 10, NULL, NULL),
(247, 3, 62, 10, NULL, NULL),
(248, 4, 62, 10, NULL, NULL),
(249, 1, 63, 10, NULL, NULL),
(250, 2, 63, 10, NULL, NULL),
(251, 3, 63, 10, NULL, NULL),
(252, 4, 63, 10, NULL, NULL),
(253, 1, 64, 10, NULL, NULL),
(254, 2, 64, 10, NULL, NULL),
(255, 3, 64, 10, NULL, NULL),
(256, 4, 64, 10, NULL, NULL),
(257, 1, 65, 10, NULL, NULL),
(258, 2, 65, 10, NULL, NULL),
(259, 3, 65, 10, NULL, NULL),
(260, 4, 65, 10, NULL, NULL),
(261, 1, 66, 10, NULL, NULL),
(262, 2, 66, 10, NULL, NULL),
(263, 3, 66, 10, NULL, NULL),
(264, 4, 66, 10, NULL, NULL),
(265, 1, 67, 10, NULL, NULL),
(266, 2, 67, 10, NULL, NULL),
(267, 3, 67, 10, NULL, NULL),
(268, 4, 67, 10, NULL, NULL),
(269, 1, 68, 10, NULL, NULL),
(270, 2, 68, 10, NULL, NULL),
(271, 3, 68, 10, NULL, NULL),
(272, 4, 68, 10, NULL, NULL),
(273, 1, 69, 10, NULL, NULL),
(274, 2, 69, 10, NULL, NULL),
(275, 3, 69, 10, NULL, NULL),
(276, 4, 69, 10, NULL, NULL),
(277, 1, 70, 10, NULL, NULL),
(278, 2, 70, 10, NULL, NULL),
(279, 3, 70, 10, NULL, NULL),
(280, 4, 70, 10, NULL, NULL),
(281, 1, 71, 10, NULL, NULL),
(282, 2, 71, 10, NULL, NULL),
(283, 3, 71, 10, NULL, NULL),
(284, 4, 71, 10, NULL, NULL),
(285, 1, 72, 10, NULL, NULL),
(286, 2, 72, 10, NULL, NULL),
(287, 3, 72, 10, NULL, NULL),
(288, 4, 72, 10, NULL, NULL);

-- --------------------------------------------------------

--
-- Estructura de tabla para la tabla `departments`
--

CREATE TABLE `departments` (
  `id` bigint UNSIGNED NOT NULL,
  `name` varchar(255) COLLATE utf8mb4_unicode_ci NOT NULL,
  `created_at` timestamp NULL DEFAULT NULL,
  `updated_at` timestamp NULL DEFAULT NULL
) ENGINE=InnoDB DEFAULT CHARSET=utf8mb4 COLLATE=utf8mb4_unicode_ci;

--
-- Volcado de datos para la tabla `departments`
--

INSERT INTO `departments` (`id`, `name`, `created_at`, `updated_at`) VALUES
(1, 'officia', '2023-03-21 19:32:19', '2023-03-21 19:32:19'),
(2, 'ut', '2023-03-21 19:32:19', '2023-03-21 19:32:19'),
(3, 'facilis', '2023-03-21 19:32:19', '2023-03-21 19:32:19'),
(4, 'voluptas', '2023-03-21 19:32:19', '2023-03-21 19:32:19'),
(5, 'praesentium', '2023-03-21 19:32:19', '2023-03-21 19:32:19'),
(6, 'consectetur', '2023-03-21 19:32:19', '2023-03-21 19:32:19'),
(7, 'non', '2023-03-21 19:32:19', '2023-03-21 19:32:19'),
(8, 'itaque', '2023-03-21 19:32:19', '2023-03-21 19:32:19');

-- --------------------------------------------------------

--
-- Estructura de tabla para la tabla `districts`
--

CREATE TABLE `districts` (
  `id` bigint UNSIGNED NOT NULL,
  `name` varchar(255) COLLATE utf8mb4_unicode_ci NOT NULL,
  `city_id` bigint UNSIGNED NOT NULL,
  `created_at` timestamp NULL DEFAULT NULL,
  `updated_at` timestamp NULL DEFAULT NULL
) ENGINE=InnoDB DEFAULT CHARSET=utf8mb4 COLLATE=utf8mb4_unicode_ci;

--
-- Volcado de datos para la tabla `districts`
--

INSERT INTO `districts` (`id`, `name`, `city_id`, `created_at`, `updated_at`) VALUES
(1, 'aut', 1, '2023-03-21 19:32:19', '2023-03-21 19:32:19'),
(2, 'ducimus', 1, '2023-03-21 19:32:19', '2023-03-21 19:32:19'),
(3, 'occaecati', 1, '2023-03-21 19:32:19', '2023-03-21 19:32:19'),
(4, 'numquam', 1, '2023-03-21 19:32:19', '2023-03-21 19:32:19'),
(5, 'enim', 1, '2023-03-21 19:32:19', '2023-03-21 19:32:19'),
(6, 'architecto', 1, '2023-03-21 19:32:19', '2023-03-21 19:32:19'),
(7, 'voluptatem', 1, '2023-03-21 19:32:19', '2023-03-21 19:32:19'),
(8, 'doloremque', 1, '2023-03-21 19:32:19', '2023-03-21 19:32:19'),
(9, 'et', 2, '2023-03-21 19:32:19', '2023-03-21 19:32:19'),
(10, 'ut', 2, '2023-03-21 19:32:19', '2023-03-21 19:32:19'),
(11, 'provident', 2, '2023-03-21 19:32:19', '2023-03-21 19:32:19'),
(12, 'laborum', 2, '2023-03-21 19:32:19', '2023-03-21 19:32:19'),
(13, 'ut', 2, '2023-03-21 19:32:19', '2023-03-21 19:32:19'),
(14, 'ut', 2, '2023-03-21 19:32:19', '2023-03-21 19:32:19'),
(15, 'ut', 2, '2023-03-21 19:32:19', '2023-03-21 19:32:19'),
(16, 'numquam', 2, '2023-03-21 19:32:19', '2023-03-21 19:32:19'),
(17, 'nisi', 3, '2023-03-21 19:32:19', '2023-03-21 19:32:19'),
(18, 'commodi', 3, '2023-03-21 19:32:19', '2023-03-21 19:32:19'),
(19, 'exercitationem', 3, '2023-03-21 19:32:19', '2023-03-21 19:32:19'),
(20, 'saepe', 3, '2023-03-21 19:32:19', '2023-03-21 19:32:19'),
(21, 'dolores', 3, '2023-03-21 19:32:19', '2023-03-21 19:32:19'),
(22, 'ipsum', 3, '2023-03-21 19:32:19', '2023-03-21 19:32:19'),
(23, 'eos', 3, '2023-03-21 19:32:19', '2023-03-21 19:32:19'),
(24, 'eaque', 3, '2023-03-21 19:32:19', '2023-03-21 19:32:19'),
(25, 'ea', 4, '2023-03-21 19:32:19', '2023-03-21 19:32:19'),
(26, 'et', 4, '2023-03-21 19:32:19', '2023-03-21 19:32:19'),
(27, 'ducimus', 4, '2023-03-21 19:32:19', '2023-03-21 19:32:19'),
(28, 'nihil', 4, '2023-03-21 19:32:19', '2023-03-21 19:32:19'),
(29, 'quia', 4, '2023-03-21 19:32:19', '2023-03-21 19:32:19'),
(30, 'delectus', 4, '2023-03-21 19:32:19', '2023-03-21 19:32:19'),
(31, 'exercitationem', 4, '2023-03-21 19:32:19', '2023-03-21 19:32:19'),
(32, 'voluptates', 4, '2023-03-21 19:32:19', '2023-03-21 19:32:19'),
(33, 'ut', 5, '2023-03-21 19:32:19', '2023-03-21 19:32:19'),
(34, 'molestias', 5, '2023-03-21 19:32:19', '2023-03-21 19:32:19'),
(35, 'vero', 5, '2023-03-21 19:32:19', '2023-03-21 19:32:19'),
(36, 'qui', 5, '2023-03-21 19:32:19', '2023-03-21 19:32:19'),
(37, 'non', 5, '2023-03-21 19:32:19', '2023-03-21 19:32:19'),
(38, 'impedit', 5, '2023-03-21 19:32:19', '2023-03-21 19:32:19'),
(39, 'accusantium', 5, '2023-03-21 19:32:19', '2023-03-21 19:32:19'),
(40, 'aut', 5, '2023-03-21 19:32:19', '2023-03-21 19:32:19'),
(41, 'aliquid', 6, '2023-03-21 19:32:19', '2023-03-21 19:32:19'),
(42, 'asperiores', 6, '2023-03-21 19:32:19', '2023-03-21 19:32:19'),
(43, 'consequatur', 6, '2023-03-21 19:32:19', '2023-03-21 19:32:19'),
(44, 'atque', 6, '2023-03-21 19:32:19', '2023-03-21 19:32:19'),
(45, 'laborum', 6, '2023-03-21 19:32:19', '2023-03-21 19:32:19'),
(46, 'architecto', 6, '2023-03-21 19:32:19', '2023-03-21 19:32:19'),
(47, 'reiciendis', 6, '2023-03-21 19:32:19', '2023-03-21 19:32:19'),
(48, 'officia', 6, '2023-03-21 19:32:19', '2023-03-21 19:32:19'),
(49, 'quibusdam', 7, '2023-03-21 19:32:19', '2023-03-21 19:32:19'),
(50, 'aut', 7, '2023-03-21 19:32:19', '2023-03-21 19:32:19'),
(51, 'maxime', 7, '2023-03-21 19:32:19', '2023-03-21 19:32:19'),
(52, 'enim', 7, '2023-03-21 19:32:19', '2023-03-21 19:32:19'),
(53, 'id', 7, '2023-03-21 19:32:19', '2023-03-21 19:32:19'),
(54, 'distinctio', 7, '2023-03-21 19:32:19', '2023-03-21 19:32:19'),
(55, 'autem', 7, '2023-03-21 19:32:19', '2023-03-21 19:32:19'),
(56, 'voluptas', 7, '2023-03-21 19:32:19', '2023-03-21 19:32:19'),
(57, 'ullam', 8, '2023-03-21 19:32:19', '2023-03-21 19:32:19'),
(58, 'nisi', 8, '2023-03-21 19:32:19', '2023-03-21 19:32:19'),
(59, 'voluptatem', 8, '2023-03-21 19:32:19', '2023-03-21 19:32:19'),
(60, 'ea', 8, '2023-03-21 19:32:19', '2023-03-21 19:32:19'),
(61, 'vitae', 8, '2023-03-21 19:32:19', '2023-03-21 19:32:19'),
(62, 'pariatur', 8, '2023-03-21 19:32:19', '2023-03-21 19:32:19'),
(63, 'iure', 8, '2023-03-21 19:32:19', '2023-03-21 19:32:19'),
(64, 'rerum', 8, '2023-03-21 19:32:19', '2023-03-21 19:32:19'),
(65, 'odit', 9, '2023-03-21 19:32:19', '2023-03-21 19:32:19'),
(66, 'quo', 9, '2023-03-21 19:32:19', '2023-03-21 19:32:19'),
(67, 'aut', 9, '2023-03-21 19:32:19', '2023-03-21 19:32:19'),
(68, 'qui', 9, '2023-03-21 19:32:19', '2023-03-21 19:32:19'),
(69, 'ratione', 9, '2023-03-21 19:32:19', '2023-03-21 19:32:19'),
(70, 'labore', 9, '2023-03-21 19:32:19', '2023-03-21 19:32:19'),
(71, 'mollitia', 9, '2023-03-21 19:32:19', '2023-03-21 19:32:19'),
(72, 'ipsa', 9, '2023-03-21 19:32:19', '2023-03-21 19:32:19'),
(73, 'quia', 10, '2023-03-21 19:32:19', '2023-03-21 19:32:19'),
(74, 'dolor', 10, '2023-03-21 19:32:19', '2023-03-21 19:32:19'),
(75, 'sequi', 10, '2023-03-21 19:32:19', '2023-03-21 19:32:19'),
(76, 'non', 10, '2023-03-21 19:32:19', '2023-03-21 19:32:19'),
(77, 'dolor', 10, '2023-03-21 19:32:19', '2023-03-21 19:32:19'),
(78, 'et', 10, '2023-03-21 19:32:19', '2023-03-21 19:32:19'),
(79, 'omnis', 10, '2023-03-21 19:32:19', '2023-03-21 19:32:19'),
(80, 'error', 10, '2023-03-21 19:32:19', '2023-03-21 19:32:19'),
(81, 'a', 11, '2023-03-21 19:32:19', '2023-03-21 19:32:19'),
(82, 'quis', 11, '2023-03-21 19:32:19', '2023-03-21 19:32:19'),
(83, 'sint', 11, '2023-03-21 19:32:19', '2023-03-21 19:32:19'),
(84, 'dolor', 11, '2023-03-21 19:32:19', '2023-03-21 19:32:19'),
(85, 'laboriosam', 11, '2023-03-21 19:32:19', '2023-03-21 19:32:19'),
(86, 'libero', 11, '2023-03-21 19:32:19', '2023-03-21 19:32:19'),
(87, 'ea', 11, '2023-03-21 19:32:19', '2023-03-21 19:32:19'),
(88, 'expedita', 11, '2023-03-21 19:32:19', '2023-03-21 19:32:19'),
(89, 'maxime', 12, '2023-03-21 19:32:19', '2023-03-21 19:32:19'),
(90, 'consequatur', 12, '2023-03-21 19:32:19', '2023-03-21 19:32:19'),
(91, 'id', 12, '2023-03-21 19:32:19', '2023-03-21 19:32:19'),
(92, 'dolore', 12, '2023-03-21 19:32:19', '2023-03-21 19:32:19'),
(93, 'et', 12, '2023-03-21 19:32:19', '2023-03-21 19:32:19'),
(94, 'id', 12, '2023-03-21 19:32:19', '2023-03-21 19:32:19'),
(95, 'molestias', 12, '2023-03-21 19:32:19', '2023-03-21 19:32:19'),
(96, 'vero', 12, '2023-03-21 19:32:19', '2023-03-21 19:32:19'),
(97, 'exercitationem', 13, '2023-03-21 19:32:19', '2023-03-21 19:32:19'),
(98, 'dolor', 13, '2023-03-21 19:32:19', '2023-03-21 19:32:19'),
(99, 'vitae', 13, '2023-03-21 19:32:19', '2023-03-21 19:32:19'),
(100, 'reprehenderit', 13, '2023-03-21 19:32:19', '2023-03-21 19:32:19'),
(101, 'doloribus', 13, '2023-03-21 19:32:19', '2023-03-21 19:32:19'),
(102, 'nihil', 13, '2023-03-21 19:32:19', '2023-03-21 19:32:19'),
(103, 'libero', 13, '2023-03-21 19:32:19', '2023-03-21 19:32:19'),
(104, 'quia', 13, '2023-03-21 19:32:19', '2023-03-21 19:32:19'),
(105, 'asperiores', 14, '2023-03-21 19:32:19', '2023-03-21 19:32:19'),
(106, 'fuga', 14, '2023-03-21 19:32:19', '2023-03-21 19:32:19'),
(107, 'recusandae', 14, '2023-03-21 19:32:19', '2023-03-21 19:32:19'),
(108, 'quia', 14, '2023-03-21 19:32:19', '2023-03-21 19:32:19'),
(109, 'consequatur', 14, '2023-03-21 19:32:19', '2023-03-21 19:32:19'),
(110, 'ut', 14, '2023-03-21 19:32:19', '2023-03-21 19:32:19'),
(111, 'tenetur', 14, '2023-03-21 19:32:19', '2023-03-21 19:32:19'),
(112, 'explicabo', 14, '2023-03-21 19:32:19', '2023-03-21 19:32:19'),
(113, 'voluptatem', 15, '2023-03-21 19:32:19', '2023-03-21 19:32:19'),
(114, 'exercitationem', 15, '2023-03-21 19:32:19', '2023-03-21 19:32:19'),
(115, 'consequatur', 15, '2023-03-21 19:32:19', '2023-03-21 19:32:19'),
(116, 'qui', 15, '2023-03-21 19:32:19', '2023-03-21 19:32:19'),
(117, 'nemo', 15, '2023-03-21 19:32:19', '2023-03-21 19:32:19'),
(118, 'adipisci', 15, '2023-03-21 19:32:19', '2023-03-21 19:32:19'),
(119, 'quis', 15, '2023-03-21 19:32:19', '2023-03-21 19:32:19'),
(120, 'et', 15, '2023-03-21 19:32:19', '2023-03-21 19:32:19'),
(121, 'non', 16, '2023-03-21 19:32:19', '2023-03-21 19:32:19'),
(122, 'fugiat', 16, '2023-03-21 19:32:19', '2023-03-21 19:32:19'),
(123, 'fuga', 16, '2023-03-21 19:32:19', '2023-03-21 19:32:19'),
(124, 'sit', 16, '2023-03-21 19:32:19', '2023-03-21 19:32:19'),
(125, 'ut', 16, '2023-03-21 19:32:19', '2023-03-21 19:32:19'),
(126, 'sed', 16, '2023-03-21 19:32:19', '2023-03-21 19:32:19'),
(127, 'facere', 16, '2023-03-21 19:32:19', '2023-03-21 19:32:19'),
(128, 'delectus', 16, '2023-03-21 19:32:19', '2023-03-21 19:32:19'),
(129, 'quis', 17, '2023-03-21 19:32:19', '2023-03-21 19:32:19'),
(130, 'debitis', 17, '2023-03-21 19:32:19', '2023-03-21 19:32:19'),
(131, 'soluta', 17, '2023-03-21 19:32:19', '2023-03-21 19:32:19'),
(132, 'consectetur', 17, '2023-03-21 19:32:19', '2023-03-21 19:32:19'),
(133, 'amet', 17, '2023-03-21 19:32:19', '2023-03-21 19:32:19'),
(134, 'at', 17, '2023-03-21 19:32:19', '2023-03-21 19:32:19'),
(135, 'totam', 17, '2023-03-21 19:32:19', '2023-03-21 19:32:19'),
(136, 'qui', 17, '2023-03-21 19:32:19', '2023-03-21 19:32:19'),
(137, 'itaque', 18, '2023-03-21 19:32:19', '2023-03-21 19:32:19'),
(138, 'quam', 18, '2023-03-21 19:32:19', '2023-03-21 19:32:19'),
(139, 'odit', 18, '2023-03-21 19:32:19', '2023-03-21 19:32:19'),
(140, 'natus', 18, '2023-03-21 19:32:19', '2023-03-21 19:32:19'),
(141, 'est', 18, '2023-03-21 19:32:19', '2023-03-21 19:32:19'),
(142, 'debitis', 18, '2023-03-21 19:32:19', '2023-03-21 19:32:19'),
(143, 'voluptates', 18, '2023-03-21 19:32:19', '2023-03-21 19:32:19'),
(144, 'possimus', 18, '2023-03-21 19:32:19', '2023-03-21 19:32:19'),
(145, 'sit', 19, '2023-03-21 19:32:19', '2023-03-21 19:32:19'),
(146, 'sed', 19, '2023-03-21 19:32:19', '2023-03-21 19:32:19'),
(147, 'consequatur', 19, '2023-03-21 19:32:19', '2023-03-21 19:32:19'),
(148, 'cum', 19, '2023-03-21 19:32:19', '2023-03-21 19:32:19'),
(149, 'eligendi', 19, '2023-03-21 19:32:19', '2023-03-21 19:32:19'),
(150, 'odio', 19, '2023-03-21 19:32:19', '2023-03-21 19:32:19'),
(151, 'earum', 19, '2023-03-21 19:32:19', '2023-03-21 19:32:19'),
(152, 'deserunt', 19, '2023-03-21 19:32:19', '2023-03-21 19:32:19'),
(153, 'nulla', 20, '2023-03-21 19:32:19', '2023-03-21 19:32:19'),
(154, 'rem', 20, '2023-03-21 19:32:19', '2023-03-21 19:32:19'),
(155, 'rerum', 20, '2023-03-21 19:32:19', '2023-03-21 19:32:19'),
(156, 'fugiat', 20, '2023-03-21 19:32:19', '2023-03-21 19:32:19'),
(157, 'earum', 20, '2023-03-21 19:32:19', '2023-03-21 19:32:19'),
(158, 'et', 20, '2023-03-21 19:32:19', '2023-03-21 19:32:19'),
(159, 'est', 20, '2023-03-21 19:32:19', '2023-03-21 19:32:19'),
(160, 'accusantium', 20, '2023-03-21 19:32:19', '2023-03-21 19:32:19'),
(161, 'similique', 21, '2023-03-21 19:32:19', '2023-03-21 19:32:19'),
(162, 'a', 21, '2023-03-21 19:32:19', '2023-03-21 19:32:19'),
(163, 'officia', 21, '2023-03-21 19:32:19', '2023-03-21 19:32:19'),
(164, 'aliquid', 21, '2023-03-21 19:32:19', '2023-03-21 19:32:19'),
(165, 'quisquam', 21, '2023-03-21 19:32:19', '2023-03-21 19:32:19'),
(166, 'rem', 21, '2023-03-21 19:32:19', '2023-03-21 19:32:19'),
(167, 'libero', 21, '2023-03-21 19:32:19', '2023-03-21 19:32:19'),
(168, 'nam', 21, '2023-03-21 19:32:19', '2023-03-21 19:32:19'),
(169, 'harum', 22, '2023-03-21 19:32:19', '2023-03-21 19:32:19'),
(170, 'sed', 22, '2023-03-21 19:32:19', '2023-03-21 19:32:19'),
(171, 'ad', 22, '2023-03-21 19:32:19', '2023-03-21 19:32:19'),
(172, 'id', 22, '2023-03-21 19:32:19', '2023-03-21 19:32:19'),
(173, 'dolores', 22, '2023-03-21 19:32:19', '2023-03-21 19:32:19'),
(174, 'quaerat', 22, '2023-03-21 19:32:19', '2023-03-21 19:32:19'),
(175, 'natus', 22, '2023-03-21 19:32:19', '2023-03-21 19:32:19'),
(176, 'voluptatibus', 22, '2023-03-21 19:32:19', '2023-03-21 19:32:19'),
(177, 'voluptatem', 23, '2023-03-21 19:32:19', '2023-03-21 19:32:19'),
(178, 'dolorem', 23, '2023-03-21 19:32:19', '2023-03-21 19:32:19'),
(179, 'non', 23, '2023-03-21 19:32:19', '2023-03-21 19:32:19'),
(180, 'est', 23, '2023-03-21 19:32:19', '2023-03-21 19:32:19'),
(181, 'et', 23, '2023-03-21 19:32:19', '2023-03-21 19:32:19'),
(182, 'odio', 23, '2023-03-21 19:32:19', '2023-03-21 19:32:19'),
(183, 'similique', 23, '2023-03-21 19:32:19', '2023-03-21 19:32:19'),
(184, 'natus', 23, '2023-03-21 19:32:19', '2023-03-21 19:32:19'),
(185, 'commodi', 24, '2023-03-21 19:32:19', '2023-03-21 19:32:19'),
(186, 'voluptatum', 24, '2023-03-21 19:32:19', '2023-03-21 19:32:19'),
(187, 'veritatis', 24, '2023-03-21 19:32:19', '2023-03-21 19:32:19'),
(188, 'voluptates', 24, '2023-03-21 19:32:19', '2023-03-21 19:32:19'),
(189, 'assumenda', 24, '2023-03-21 19:32:19', '2023-03-21 19:32:19'),
(190, 'in', 24, '2023-03-21 19:32:19', '2023-03-21 19:32:19'),
(191, 'illum', 24, '2023-03-21 19:32:19', '2023-03-21 19:32:19'),
(192, 'quam', 24, '2023-03-21 19:32:19', '2023-03-21 19:32:19'),
(193, 'et', 25, '2023-03-21 19:32:19', '2023-03-21 19:32:19'),
(194, 'enim', 25, '2023-03-21 19:32:19', '2023-03-21 19:32:19'),
(195, 'molestiae', 25, '2023-03-21 19:32:19', '2023-03-21 19:32:19'),
(196, 'neque', 25, '2023-03-21 19:32:19', '2023-03-21 19:32:19'),
(197, 'sit', 25, '2023-03-21 19:32:19', '2023-03-21 19:32:19'),
(198, 'error', 25, '2023-03-21 19:32:19', '2023-03-21 19:32:19'),
(199, 'nemo', 25, '2023-03-21 19:32:19', '2023-03-21 19:32:19'),
(200, 'sint', 25, '2023-03-21 19:32:19', '2023-03-21 19:32:19'),
(201, 'est', 26, '2023-03-21 19:32:19', '2023-03-21 19:32:19'),
(202, 'omnis', 26, '2023-03-21 19:32:19', '2023-03-21 19:32:19'),
(203, 'enim', 26, '2023-03-21 19:32:19', '2023-03-21 19:32:19'),
(204, 'non', 26, '2023-03-21 19:32:19', '2023-03-21 19:32:19'),
(205, 'quia', 26, '2023-03-21 19:32:19', '2023-03-21 19:32:19'),
(206, 'iusto', 26, '2023-03-21 19:32:19', '2023-03-21 19:32:19'),
(207, 'ipsa', 26, '2023-03-21 19:32:19', '2023-03-21 19:32:19'),
(208, 'laborum', 26, '2023-03-21 19:32:19', '2023-03-21 19:32:19'),
(209, 'voluptatem', 27, '2023-03-21 19:32:19', '2023-03-21 19:32:19'),
(210, 'esse', 27, '2023-03-21 19:32:19', '2023-03-21 19:32:19'),
(211, 'quis', 27, '2023-03-21 19:32:19', '2023-03-21 19:32:19'),
(212, 'itaque', 27, '2023-03-21 19:32:19', '2023-03-21 19:32:19'),
(213, 'fuga', 27, '2023-03-21 19:32:19', '2023-03-21 19:32:19'),
(214, 'quam', 27, '2023-03-21 19:32:19', '2023-03-21 19:32:19'),
(215, 'possimus', 27, '2023-03-21 19:32:19', '2023-03-21 19:32:19'),
(216, 'nihil', 27, '2023-03-21 19:32:19', '2023-03-21 19:32:19'),
(217, 'ea', 28, '2023-03-21 19:32:19', '2023-03-21 19:32:19'),
(218, 'consectetur', 28, '2023-03-21 19:32:19', '2023-03-21 19:32:19'),
(219, 'voluptas', 28, '2023-03-21 19:32:19', '2023-03-21 19:32:19'),
(220, 'provident', 28, '2023-03-21 19:32:19', '2023-03-21 19:32:19'),
(221, 'doloribus', 28, '2023-03-21 19:32:19', '2023-03-21 19:32:19'),
(222, 'iusto', 28, '2023-03-21 19:32:19', '2023-03-21 19:32:19'),
(223, 'voluptatem', 28, '2023-03-21 19:32:19', '2023-03-21 19:32:19'),
(224, 'omnis', 28, '2023-03-21 19:32:19', '2023-03-21 19:32:19'),
(225, 'praesentium', 29, '2023-03-21 19:32:19', '2023-03-21 19:32:19'),
(226, 'laborum', 29, '2023-03-21 19:32:19', '2023-03-21 19:32:19'),
(227, 'est', 29, '2023-03-21 19:32:19', '2023-03-21 19:32:19'),
(228, 'inventore', 29, '2023-03-21 19:32:19', '2023-03-21 19:32:19'),
(229, 'aut', 29, '2023-03-21 19:32:19', '2023-03-21 19:32:19'),
(230, 'explicabo', 29, '2023-03-21 19:32:19', '2023-03-21 19:32:19'),
(231, 'deserunt', 29, '2023-03-21 19:32:19', '2023-03-21 19:32:19'),
(232, 'voluptatum', 29, '2023-03-21 19:32:19', '2023-03-21 19:32:19'),
(233, 'minus', 30, '2023-03-21 19:32:19', '2023-03-21 19:32:19'),
(234, 'aliquid', 30, '2023-03-21 19:32:19', '2023-03-21 19:32:19'),
(235, 'nostrum', 30, '2023-03-21 19:32:19', '2023-03-21 19:32:19'),
(236, 'est', 30, '2023-03-21 19:32:19', '2023-03-21 19:32:19'),
(237, 'animi', 30, '2023-03-21 19:32:19', '2023-03-21 19:32:19'),
(238, 'et', 30, '2023-03-21 19:32:19', '2023-03-21 19:32:19'),
(239, 'tenetur', 30, '2023-03-21 19:32:19', '2023-03-21 19:32:19'),
(240, 'natus', 30, '2023-03-21 19:32:19', '2023-03-21 19:32:19'),
(241, 'voluptate', 31, '2023-03-21 19:32:19', '2023-03-21 19:32:19'),
(242, 'totam', 31, '2023-03-21 19:32:19', '2023-03-21 19:32:19'),
(243, 'doloremque', 31, '2023-03-21 19:32:19', '2023-03-21 19:32:19'),
(244, 'illum', 31, '2023-03-21 19:32:19', '2023-03-21 19:32:19'),
(245, 'sed', 31, '2023-03-21 19:32:19', '2023-03-21 19:32:19'),
(246, 'voluptate', 31, '2023-03-21 19:32:19', '2023-03-21 19:32:19'),
(247, 'commodi', 31, '2023-03-21 19:32:19', '2023-03-21 19:32:19'),
(248, 'repudiandae', 31, '2023-03-21 19:32:19', '2023-03-21 19:32:19'),
(249, 'repudiandae', 32, '2023-03-21 19:32:19', '2023-03-21 19:32:19'),
(250, 'hic', 32, '2023-03-21 19:32:19', '2023-03-21 19:32:19'),
(251, 'quia', 32, '2023-03-21 19:32:19', '2023-03-21 19:32:19'),
(252, 'et', 32, '2023-03-21 19:32:19', '2023-03-21 19:32:19'),
(253, 'atque', 32, '2023-03-21 19:32:19', '2023-03-21 19:32:19'),
(254, 'ut', 32, '2023-03-21 19:32:19', '2023-03-21 19:32:19'),
(255, 'laboriosam', 32, '2023-03-21 19:32:19', '2023-03-21 19:32:19'),
(256, 'omnis', 32, '2023-03-21 19:32:19', '2023-03-21 19:32:19'),
(257, 'repellendus', 33, '2023-03-21 19:32:19', '2023-03-21 19:32:19'),
(258, 'omnis', 33, '2023-03-21 19:32:19', '2023-03-21 19:32:19'),
(259, 'nobis', 33, '2023-03-21 19:32:19', '2023-03-21 19:32:19'),
(260, 'iure', 33, '2023-03-21 19:32:19', '2023-03-21 19:32:19'),
(261, 'hic', 33, '2023-03-21 19:32:19', '2023-03-21 19:32:19'),
(262, 'ut', 33, '2023-03-21 19:32:19', '2023-03-21 19:32:19'),
(263, 'a', 33, '2023-03-21 19:32:19', '2023-03-21 19:32:19'),
(264, 'sequi', 33, '2023-03-21 19:32:19', '2023-03-21 19:32:19'),
(265, 'cum', 34, '2023-03-21 19:32:19', '2023-03-21 19:32:19'),
(266, 'qui', 34, '2023-03-21 19:32:19', '2023-03-21 19:32:19'),
(267, 'perspiciatis', 34, '2023-03-21 19:32:19', '2023-03-21 19:32:19'),
(268, 'voluptates', 34, '2023-03-21 19:32:19', '2023-03-21 19:32:19'),
(269, 'architecto', 34, '2023-03-21 19:32:19', '2023-03-21 19:32:19'),
(270, 'sed', 34, '2023-03-21 19:32:19', '2023-03-21 19:32:19'),
(271, 'ex', 34, '2023-03-21 19:32:19', '2023-03-21 19:32:19'),
(272, 'nulla', 34, '2023-03-21 19:32:19', '2023-03-21 19:32:19'),
(273, 'sapiente', 35, '2023-03-21 19:32:19', '2023-03-21 19:32:19'),
(274, 'enim', 35, '2023-03-21 19:32:19', '2023-03-21 19:32:19'),
(275, 'eius', 35, '2023-03-21 19:32:19', '2023-03-21 19:32:19'),
(276, 'asperiores', 35, '2023-03-21 19:32:19', '2023-03-21 19:32:19'),
(277, 'distinctio', 35, '2023-03-21 19:32:19', '2023-03-21 19:32:19'),
(278, 'sed', 35, '2023-03-21 19:32:19', '2023-03-21 19:32:19'),
(279, 'iste', 35, '2023-03-21 19:32:19', '2023-03-21 19:32:19'),
(280, 'sit', 35, '2023-03-21 19:32:19', '2023-03-21 19:32:19'),
(281, 'numquam', 36, '2023-03-21 19:32:19', '2023-03-21 19:32:19'),
(282, 'quaerat', 36, '2023-03-21 19:32:19', '2023-03-21 19:32:19'),
(283, 'aut', 36, '2023-03-21 19:32:19', '2023-03-21 19:32:19'),
(284, 'asperiores', 36, '2023-03-21 19:32:19', '2023-03-21 19:32:19'),
(285, 'fugit', 36, '2023-03-21 19:32:19', '2023-03-21 19:32:19'),
(286, 'facilis', 36, '2023-03-21 19:32:19', '2023-03-21 19:32:19'),
(287, 'qui', 36, '2023-03-21 19:32:19', '2023-03-21 19:32:19'),
(288, 'aut', 36, '2023-03-21 19:32:19', '2023-03-21 19:32:19'),
(289, 'maiores', 37, '2023-03-21 19:32:19', '2023-03-21 19:32:19'),
(290, 'dignissimos', 37, '2023-03-21 19:32:19', '2023-03-21 19:32:19'),
(291, 'assumenda', 37, '2023-03-21 19:32:19', '2023-03-21 19:32:19'),
(292, 'vero', 37, '2023-03-21 19:32:19', '2023-03-21 19:32:19'),
(293, 'ea', 37, '2023-03-21 19:32:19', '2023-03-21 19:32:19'),
(294, 'odio', 37, '2023-03-21 19:32:19', '2023-03-21 19:32:19'),
(295, 'asperiores', 37, '2023-03-21 19:32:19', '2023-03-21 19:32:19'),
(296, 'dolores', 37, '2023-03-21 19:32:19', '2023-03-21 19:32:19'),
(297, 'voluptatibus', 38, '2023-03-21 19:32:19', '2023-03-21 19:32:19'),
(298, 'perferendis', 38, '2023-03-21 19:32:19', '2023-03-21 19:32:19'),
(299, 'consequatur', 38, '2023-03-21 19:32:19', '2023-03-21 19:32:19'),
(300, 'est', 38, '2023-03-21 19:32:19', '2023-03-21 19:32:19'),
(301, 'ut', 38, '2023-03-21 19:32:19', '2023-03-21 19:32:19'),
(302, 'quia', 38, '2023-03-21 19:32:19', '2023-03-21 19:32:19'),
(303, 'ut', 38, '2023-03-21 19:32:19', '2023-03-21 19:32:19'),
(304, 'reiciendis', 38, '2023-03-21 19:32:19', '2023-03-21 19:32:19'),
(305, 'asperiores', 39, '2023-03-21 19:32:19', '2023-03-21 19:32:19'),
(306, 'aperiam', 39, '2023-03-21 19:32:19', '2023-03-21 19:32:19'),
(307, 'harum', 39, '2023-03-21 19:32:19', '2023-03-21 19:32:19'),
(308, 'quia', 39, '2023-03-21 19:32:19', '2023-03-21 19:32:19'),
(309, 'deleniti', 39, '2023-03-21 19:32:19', '2023-03-21 19:32:19'),
(310, 'qui', 39, '2023-03-21 19:32:19', '2023-03-21 19:32:19'),
(311, 'placeat', 39, '2023-03-21 19:32:19', '2023-03-21 19:32:19'),
(312, 'assumenda', 39, '2023-03-21 19:32:19', '2023-03-21 19:32:19'),
(313, 'eos', 40, '2023-03-21 19:32:19', '2023-03-21 19:32:19'),
(314, 'accusantium', 40, '2023-03-21 19:32:19', '2023-03-21 19:32:19'),
(315, 'aut', 40, '2023-03-21 19:32:19', '2023-03-21 19:32:19'),
(316, 'et', 40, '2023-03-21 19:32:19', '2023-03-21 19:32:19'),
(317, 'totam', 40, '2023-03-21 19:32:19', '2023-03-21 19:32:19'),
(318, 'est', 40, '2023-03-21 19:32:19', '2023-03-21 19:32:19'),
(319, 'distinctio', 40, '2023-03-21 19:32:19', '2023-03-21 19:32:19'),
(320, 'quo', 40, '2023-03-21 19:32:19', '2023-03-21 19:32:19'),
(321, 'consequatur', 41, '2023-03-21 19:32:19', '2023-03-21 19:32:19'),
(322, 'a', 41, '2023-03-21 19:32:19', '2023-03-21 19:32:19'),
(323, 'totam', 41, '2023-03-21 19:32:19', '2023-03-21 19:32:19'),
(324, 'est', 41, '2023-03-21 19:32:19', '2023-03-21 19:32:19'),
(325, 'et', 41, '2023-03-21 19:32:19', '2023-03-21 19:32:19'),
(326, 'nemo', 41, '2023-03-21 19:32:19', '2023-03-21 19:32:19'),
(327, 'commodi', 41, '2023-03-21 19:32:19', '2023-03-21 19:32:19'),
(328, 'nostrum', 41, '2023-03-21 19:32:19', '2023-03-21 19:32:19'),
(329, 'rerum', 42, '2023-03-21 19:32:19', '2023-03-21 19:32:19'),
(330, 'est', 42, '2023-03-21 19:32:19', '2023-03-21 19:32:19'),
(331, 'nihil', 42, '2023-03-21 19:32:19', '2023-03-21 19:32:19'),
(332, 'occaecati', 42, '2023-03-21 19:32:19', '2023-03-21 19:32:19'),
(333, 'officiis', 42, '2023-03-21 19:32:19', '2023-03-21 19:32:19'),
(334, 'voluptatibus', 42, '2023-03-21 19:32:19', '2023-03-21 19:32:19'),
(335, 'necessitatibus', 42, '2023-03-21 19:32:19', '2023-03-21 19:32:19'),
(336, 'voluptates', 42, '2023-03-21 19:32:19', '2023-03-21 19:32:19'),
(337, 'autem', 43, '2023-03-21 19:32:19', '2023-03-21 19:32:19'),
(338, 'minima', 43, '2023-03-21 19:32:19', '2023-03-21 19:32:19'),
(339, 'veritatis', 43, '2023-03-21 19:32:19', '2023-03-21 19:32:19'),
(340, 'quae', 43, '2023-03-21 19:32:19', '2023-03-21 19:32:19'),
(341, 'nihil', 43, '2023-03-21 19:32:19', '2023-03-21 19:32:19'),
(342, 'quia', 43, '2023-03-21 19:32:19', '2023-03-21 19:32:19'),
(343, 'enim', 43, '2023-03-21 19:32:19', '2023-03-21 19:32:19'),
(344, 'quis', 43, '2023-03-21 19:32:19', '2023-03-21 19:32:19'),
(345, 'quis', 44, '2023-03-21 19:32:19', '2023-03-21 19:32:19'),
(346, 'ex', 44, '2023-03-21 19:32:19', '2023-03-21 19:32:19'),
(347, 'quo', 44, '2023-03-21 19:32:19', '2023-03-21 19:32:19'),
(348, 'dolorem', 44, '2023-03-21 19:32:19', '2023-03-21 19:32:19'),
(349, 'id', 44, '2023-03-21 19:32:19', '2023-03-21 19:32:19'),
(350, 'labore', 44, '2023-03-21 19:32:19', '2023-03-21 19:32:19'),
(351, 'libero', 44, '2023-03-21 19:32:19', '2023-03-21 19:32:19'),
(352, 'doloribus', 44, '2023-03-21 19:32:19', '2023-03-21 19:32:19'),
(353, 'unde', 45, '2023-03-21 19:32:19', '2023-03-21 19:32:19'),
(354, 'provident', 45, '2023-03-21 19:32:19', '2023-03-21 19:32:19'),
(355, 'reiciendis', 45, '2023-03-21 19:32:19', '2023-03-21 19:32:19'),
(356, 'nam', 45, '2023-03-21 19:32:19', '2023-03-21 19:32:19'),
(357, 'odit', 45, '2023-03-21 19:32:19', '2023-03-21 19:32:19'),
(358, 'vel', 45, '2023-03-21 19:32:19', '2023-03-21 19:32:19'),
(359, 'culpa', 45, '2023-03-21 19:32:19', '2023-03-21 19:32:19'),
(360, 'nulla', 45, '2023-03-21 19:32:19', '2023-03-21 19:32:19'),
(361, 'perferendis', 46, '2023-03-21 19:32:19', '2023-03-21 19:32:19'),
(362, 'et', 46, '2023-03-21 19:32:19', '2023-03-21 19:32:19'),
(363, 'quidem', 46, '2023-03-21 19:32:19', '2023-03-21 19:32:19'),
(364, 'nihil', 46, '2023-03-21 19:32:19', '2023-03-21 19:32:19'),
(365, 'aut', 46, '2023-03-21 19:32:19', '2023-03-21 19:32:19'),
(366, 'voluptatem', 46, '2023-03-21 19:32:19', '2023-03-21 19:32:19'),
(367, 'voluptate', 46, '2023-03-21 19:32:19', '2023-03-21 19:32:19'),
(368, 'architecto', 46, '2023-03-21 19:32:19', '2023-03-21 19:32:19'),
(369, 'enim', 47, '2023-03-21 19:32:19', '2023-03-21 19:32:19'),
(370, 'ut', 47, '2023-03-21 19:32:19', '2023-03-21 19:32:19'),
(371, 'consequatur', 47, '2023-03-21 19:32:19', '2023-03-21 19:32:19'),
(372, 'qui', 47, '2023-03-21 19:32:19', '2023-03-21 19:32:19'),
(373, 'velit', 47, '2023-03-21 19:32:19', '2023-03-21 19:32:19'),
(374, 'molestias', 47, '2023-03-21 19:32:19', '2023-03-21 19:32:19'),
(375, 'suscipit', 47, '2023-03-21 19:32:19', '2023-03-21 19:32:19'),
(376, 'odit', 47, '2023-03-21 19:32:19', '2023-03-21 19:32:19'),
(377, 'consequatur', 48, '2023-03-21 19:32:19', '2023-03-21 19:32:19'),
(378, 'dolorem', 48, '2023-03-21 19:32:19', '2023-03-21 19:32:19'),
(379, 'quae', 48, '2023-03-21 19:32:19', '2023-03-21 19:32:19'),
(380, 'repudiandae', 48, '2023-03-21 19:32:19', '2023-03-21 19:32:19'),
(381, 'et', 48, '2023-03-21 19:32:19', '2023-03-21 19:32:19'),
(382, 'quia', 48, '2023-03-21 19:32:19', '2023-03-21 19:32:19'),
(383, 'qui', 48, '2023-03-21 19:32:19', '2023-03-21 19:32:19'),
(384, 'nesciunt', 48, '2023-03-21 19:32:19', '2023-03-21 19:32:19'),
(385, 'laboriosam', 49, '2023-03-21 19:32:20', '2023-03-21 19:32:20'),
(386, 'odit', 49, '2023-03-21 19:32:20', '2023-03-21 19:32:20'),
(387, 'assumenda', 49, '2023-03-21 19:32:20', '2023-03-21 19:32:20'),
(388, 'magni', 49, '2023-03-21 19:32:20', '2023-03-21 19:32:20'),
(389, 'aut', 49, '2023-03-21 19:32:20', '2023-03-21 19:32:20'),
(390, 'est', 49, '2023-03-21 19:32:20', '2023-03-21 19:32:20'),
(391, 'dolores', 49, '2023-03-21 19:32:20', '2023-03-21 19:32:20'),
(392, 'nostrum', 49, '2023-03-21 19:32:20', '2023-03-21 19:32:20'),
(393, 'consequuntur', 50, '2023-03-21 19:32:20', '2023-03-21 19:32:20'),
(394, 'laboriosam', 50, '2023-03-21 19:32:20', '2023-03-21 19:32:20'),
(395, 'nihil', 50, '2023-03-21 19:32:20', '2023-03-21 19:32:20'),
(396, 'possimus', 50, '2023-03-21 19:32:20', '2023-03-21 19:32:20'),
(397, 'laboriosam', 50, '2023-03-21 19:32:20', '2023-03-21 19:32:20'),
(398, 'sequi', 50, '2023-03-21 19:32:20', '2023-03-21 19:32:20'),
(399, 'sunt', 50, '2023-03-21 19:32:20', '2023-03-21 19:32:20'),
(400, 'rerum', 50, '2023-03-21 19:32:20', '2023-03-21 19:32:20'),
(401, 'consequatur', 51, '2023-03-21 19:32:20', '2023-03-21 19:32:20'),
(402, 'vero', 51, '2023-03-21 19:32:20', '2023-03-21 19:32:20'),
(403, 'repellendus', 51, '2023-03-21 19:32:20', '2023-03-21 19:32:20'),
(404, 'tempora', 51, '2023-03-21 19:32:20', '2023-03-21 19:32:20'),
(405, 'iste', 51, '2023-03-21 19:32:20', '2023-03-21 19:32:20'),
(406, 'nisi', 51, '2023-03-21 19:32:20', '2023-03-21 19:32:20'),
(407, 'et', 51, '2023-03-21 19:32:20', '2023-03-21 19:32:20'),
(408, 'velit', 51, '2023-03-21 19:32:20', '2023-03-21 19:32:20'),
(409, 'autem', 52, '2023-03-21 19:32:20', '2023-03-21 19:32:20'),
(410, 'deleniti', 52, '2023-03-21 19:32:20', '2023-03-21 19:32:20'),
(411, 'ipsa', 52, '2023-03-21 19:32:20', '2023-03-21 19:32:20'),
(412, 'sunt', 52, '2023-03-21 19:32:20', '2023-03-21 19:32:20'),
(413, 'facere', 52, '2023-03-21 19:32:20', '2023-03-21 19:32:20'),
(414, 'qui', 52, '2023-03-21 19:32:20', '2023-03-21 19:32:20'),
(415, 'ad', 52, '2023-03-21 19:32:20', '2023-03-21 19:32:20'),
(416, 'id', 52, '2023-03-21 19:32:20', '2023-03-21 19:32:20'),
(417, 'nisi', 53, '2023-03-21 19:32:20', '2023-03-21 19:32:20'),
(418, 'architecto', 53, '2023-03-21 19:32:20', '2023-03-21 19:32:20'),
(419, 'omnis', 53, '2023-03-21 19:32:20', '2023-03-21 19:32:20'),
(420, 'quis', 53, '2023-03-21 19:32:20', '2023-03-21 19:32:20'),
(421, 'est', 53, '2023-03-21 19:32:20', '2023-03-21 19:32:20'),
(422, 'incidunt', 53, '2023-03-21 19:32:20', '2023-03-21 19:32:20'),
(423, 'qui', 53, '2023-03-21 19:32:20', '2023-03-21 19:32:20'),
(424, 'ut', 53, '2023-03-21 19:32:20', '2023-03-21 19:32:20'),
(425, 'eaque', 54, '2023-03-21 19:32:20', '2023-03-21 19:32:20'),
(426, 'nesciunt', 54, '2023-03-21 19:32:20', '2023-03-21 19:32:20'),
(427, 'temporibus', 54, '2023-03-21 19:32:20', '2023-03-21 19:32:20'),
(428, 'esse', 54, '2023-03-21 19:32:20', '2023-03-21 19:32:20'),
(429, 'earum', 54, '2023-03-21 19:32:20', '2023-03-21 19:32:20'),
(430, 'ut', 54, '2023-03-21 19:32:20', '2023-03-21 19:32:20'),
(431, 'quibusdam', 54, '2023-03-21 19:32:20', '2023-03-21 19:32:20'),
(432, 'eaque', 54, '2023-03-21 19:32:20', '2023-03-21 19:32:20'),
(433, 'enim', 55, '2023-03-21 19:32:20', '2023-03-21 19:32:20'),
(434, 'vel', 55, '2023-03-21 19:32:20', '2023-03-21 19:32:20'),
(435, 'sit', 55, '2023-03-21 19:32:20', '2023-03-21 19:32:20'),
(436, 'culpa', 55, '2023-03-21 19:32:20', '2023-03-21 19:32:20'),
(437, 'ipsa', 55, '2023-03-21 19:32:20', '2023-03-21 19:32:20'),
(438, 'quia', 55, '2023-03-21 19:32:20', '2023-03-21 19:32:20'),
(439, 'vel', 55, '2023-03-21 19:32:20', '2023-03-21 19:32:20'),
(440, 'qui', 55, '2023-03-21 19:32:20', '2023-03-21 19:32:20'),
(441, 'vel', 56, '2023-03-21 19:32:20', '2023-03-21 19:32:20'),
(442, 'neque', 56, '2023-03-21 19:32:20', '2023-03-21 19:32:20'),
(443, 'deserunt', 56, '2023-03-21 19:32:20', '2023-03-21 19:32:20'),
(444, 'nam', 56, '2023-03-21 19:32:20', '2023-03-21 19:32:20'),
(445, 'repudiandae', 56, '2023-03-21 19:32:20', '2023-03-21 19:32:20'),
(446, 'vel', 56, '2023-03-21 19:32:20', '2023-03-21 19:32:20'),
(447, 'modi', 56, '2023-03-21 19:32:20', '2023-03-21 19:32:20'),
(448, 'qui', 56, '2023-03-21 19:32:20', '2023-03-21 19:32:20'),
(449, 'magni', 57, '2023-03-21 19:32:20', '2023-03-21 19:32:20'),
(450, 'aut', 57, '2023-03-21 19:32:20', '2023-03-21 19:32:20'),
(451, 'et', 57, '2023-03-21 19:32:20', '2023-03-21 19:32:20'),
(452, 'alias', 57, '2023-03-21 19:32:20', '2023-03-21 19:32:20'),
(453, 'earum', 57, '2023-03-21 19:32:20', '2023-03-21 19:32:20'),
(454, 'quis', 57, '2023-03-21 19:32:20', '2023-03-21 19:32:20'),
(455, 'omnis', 57, '2023-03-21 19:32:20', '2023-03-21 19:32:20'),
(456, 'nisi', 57, '2023-03-21 19:32:20', '2023-03-21 19:32:20'),
(457, 'doloremque', 58, '2023-03-21 19:32:20', '2023-03-21 19:32:20'),
(458, 'et', 58, '2023-03-21 19:32:20', '2023-03-21 19:32:20'),
(459, 'dignissimos', 58, '2023-03-21 19:32:20', '2023-03-21 19:32:20'),
(460, 'sunt', 58, '2023-03-21 19:32:20', '2023-03-21 19:32:20'),
(461, 'libero', 58, '2023-03-21 19:32:20', '2023-03-21 19:32:20'),
(462, 'eveniet', 58, '2023-03-21 19:32:20', '2023-03-21 19:32:20'),
(463, 'qui', 58, '2023-03-21 19:32:20', '2023-03-21 19:32:20'),
(464, 'repudiandae', 58, '2023-03-21 19:32:20', '2023-03-21 19:32:20'),
(465, 'autem', 59, '2023-03-21 19:32:20', '2023-03-21 19:32:20'),
(466, 'quia', 59, '2023-03-21 19:32:20', '2023-03-21 19:32:20'),
(467, 'id', 59, '2023-03-21 19:32:20', '2023-03-21 19:32:20'),
(468, 'nihil', 59, '2023-03-21 19:32:20', '2023-03-21 19:32:20'),
(469, 'aliquam', 59, '2023-03-21 19:32:20', '2023-03-21 19:32:20'),
(470, 'nihil', 59, '2023-03-21 19:32:20', '2023-03-21 19:32:20'),
(471, 'neque', 59, '2023-03-21 19:32:20', '2023-03-21 19:32:20'),
(472, 'saepe', 59, '2023-03-21 19:32:20', '2023-03-21 19:32:20'),
(473, 'deleniti', 60, '2023-03-21 19:32:20', '2023-03-21 19:32:20'),
(474, 'qui', 60, '2023-03-21 19:32:20', '2023-03-21 19:32:20'),
(475, 'ut', 60, '2023-03-21 19:32:20', '2023-03-21 19:32:20'),
(476, 'voluptate', 60, '2023-03-21 19:32:20', '2023-03-21 19:32:20'),
(477, 'expedita', 60, '2023-03-21 19:32:20', '2023-03-21 19:32:20'),
(478, 'atque', 60, '2023-03-21 19:32:20', '2023-03-21 19:32:20'),
(479, 'quo', 60, '2023-03-21 19:32:20', '2023-03-21 19:32:20'),
(480, 'corrupti', 60, '2023-03-21 19:32:20', '2023-03-21 19:32:20'),
(481, 'sed', 61, '2023-03-21 19:32:20', '2023-03-21 19:32:20'),
(482, 'quia', 61, '2023-03-21 19:32:20', '2023-03-21 19:32:20'),
(483, 'sapiente', 61, '2023-03-21 19:32:20', '2023-03-21 19:32:20'),
(484, 'dolor', 61, '2023-03-21 19:32:20', '2023-03-21 19:32:20'),
(485, 'nulla', 61, '2023-03-21 19:32:20', '2023-03-21 19:32:20'),
(486, 'dolorum', 61, '2023-03-21 19:32:20', '2023-03-21 19:32:20'),
(487, 'quia', 61, '2023-03-21 19:32:20', '2023-03-21 19:32:20'),
(488, 'est', 61, '2023-03-21 19:32:20', '2023-03-21 19:32:20'),
(489, 'quia', 62, '2023-03-21 19:32:20', '2023-03-21 19:32:20'),
(490, 'rerum', 62, '2023-03-21 19:32:20', '2023-03-21 19:32:20'),
(491, 'sunt', 62, '2023-03-21 19:32:20', '2023-03-21 19:32:20'),
(492, 'qui', 62, '2023-03-21 19:32:20', '2023-03-21 19:32:20'),
(493, 'quia', 62, '2023-03-21 19:32:20', '2023-03-21 19:32:20'),
(494, 'hic', 62, '2023-03-21 19:32:20', '2023-03-21 19:32:20'),
(495, 'nobis', 62, '2023-03-21 19:32:20', '2023-03-21 19:32:20'),
(496, 'voluptatem', 62, '2023-03-21 19:32:20', '2023-03-21 19:32:20'),
(497, 'harum', 63, '2023-03-21 19:32:20', '2023-03-21 19:32:20'),
(498, 'ad', 63, '2023-03-21 19:32:20', '2023-03-21 19:32:20'),
(499, 'et', 63, '2023-03-21 19:32:20', '2023-03-21 19:32:20'),
(500, 'ab', 63, '2023-03-21 19:32:20', '2023-03-21 19:32:20'),
(501, 'doloremque', 63, '2023-03-21 19:32:20', '2023-03-21 19:32:20'),
(502, 'ad', 63, '2023-03-21 19:32:20', '2023-03-21 19:32:20'),
(503, 'repellat', 63, '2023-03-21 19:32:20', '2023-03-21 19:32:20'),
(504, 'rem', 63, '2023-03-21 19:32:20', '2023-03-21 19:32:20'),
(505, 'consequatur', 64, '2023-03-21 19:32:20', '2023-03-21 19:32:20'),
(506, 'optio', 64, '2023-03-21 19:32:20', '2023-03-21 19:32:20'),
(507, 'natus', 64, '2023-03-21 19:32:20', '2023-03-21 19:32:20'),
(508, 'ut', 64, '2023-03-21 19:32:20', '2023-03-21 19:32:20'),
(509, 'et', 64, '2023-03-21 19:32:20', '2023-03-21 19:32:20'),
(510, 'veniam', 64, '2023-03-21 19:32:20', '2023-03-21 19:32:20'),
(511, 'voluptatem', 64, '2023-03-21 19:32:20', '2023-03-21 19:32:20'),
(512, 'nulla', 64, '2023-03-21 19:32:20', '2023-03-21 19:32:20');

-- --------------------------------------------------------

--
-- Estructura de tabla para la tabla `failed_jobs`
--

CREATE TABLE `failed_jobs` (
  `id` bigint UNSIGNED NOT NULL,
  `uuid` varchar(255) COLLATE utf8mb4_unicode_ci NOT NULL,
  `connection` text COLLATE utf8mb4_unicode_ci NOT NULL,
  `queue` text COLLATE utf8mb4_unicode_ci NOT NULL,
  `payload` longtext COLLATE utf8mb4_unicode_ci NOT NULL,
  `exception` longtext COLLATE utf8mb4_unicode_ci NOT NULL,
  `failed_at` timestamp NOT NULL DEFAULT CURRENT_TIMESTAMP
) ENGINE=InnoDB DEFAULT CHARSET=utf8mb4 COLLATE=utf8mb4_unicode_ci;

-- --------------------------------------------------------

--
-- Estructura de tabla para la tabla `images`
--

CREATE TABLE `images` (
  `id` bigint UNSIGNED NOT NULL,
  `url` varchar(255) COLLATE utf8mb4_unicode_ci NOT NULL,
  `imageable_id` bigint UNSIGNED NOT NULL,
  `imageable_type` varchar(255) COLLATE utf8mb4_unicode_ci NOT NULL,
  `created_at` timestamp NULL DEFAULT NULL,
  `updated_at` timestamp NULL DEFAULT NULL
) ENGINE=InnoDB DEFAULT CHARSET=utf8mb4 COLLATE=utf8mb4_unicode_ci;

--
-- Volcado de datos para la tabla `images`
--

INSERT INTO `images` (`id`, `url`, `imageable_id`, `imageable_type`, `created_at`, `updated_at`) VALUES
(1, 'products/cbfe93f8e377b2edeee51dcd56c25398.png', 1, 'App\\Models\\Product', '2023-03-21 19:23:44', '2023-03-21 19:23:44'),
(2, 'products/a3dd9274ddaa634410fb10c290331801.png', 1, 'App\\Models\\Product', '2023-03-21 19:23:44', '2023-03-21 19:23:44'),
(3, 'products/ce88bcafb49c2ecc24af3c210f78aaf6.png', 1, 'App\\Models\\Product', '2023-03-21 19:23:44', '2023-03-21 19:23:44'),
(4, 'products/aa9b15e3e23cffa0484d4a493ce14981.png', 1, 'App\\Models\\Product', '2023-03-21 19:23:44', '2023-03-21 19:23:44'),
(5, 'products/c37c46b80c891d58f7252c75392daf17.png', 2, 'App\\Models\\Product', '2023-03-21 19:23:46', '2023-03-21 19:23:46'),
(6, 'products/56bfa897231442dfa29b39bf6c6256bb.png', 2, 'App\\Models\\Product', '2023-03-21 19:23:46', '2023-03-21 19:23:46'),
(7, 'products/c7f8a1b74ad25efc9d23ec85fc0dacd8.png', 2, 'App\\Models\\Product', '2023-03-21 19:23:46', '2023-03-21 19:23:46'),
(8, 'products/d622606cc4a71c2b50f1666248369ce2.png', 2, 'App\\Models\\Product', '2023-03-21 19:23:46', '2023-03-21 19:23:46'),
(9, 'products/4614b5964ce27d2b4c50a10b526307fb.png', 3, 'App\\Models\\Product', '2023-03-21 19:23:47', '2023-03-21 19:23:47'),
(10, 'products/9b29f464d12ca1ae92318fbe3713ab36.png', 3, 'App\\Models\\Product', '2023-03-21 19:23:47', '2023-03-21 19:23:47'),
(11, 'products/62d94317ebd23db3956c18510f7a124f.png', 3, 'App\\Models\\Product', '2023-03-21 19:23:47', '2023-03-21 19:23:47'),
(12, 'products/5c3b46cad3b06fb172469f460f7ec2ec.png', 3, 'App\\Models\\Product', '2023-03-21 19:23:47', '2023-03-21 19:23:47'),
(13, 'products/9449a6c98e80407204d3de128e966000.png', 4, 'App\\Models\\Product', '2023-03-21 19:23:49', '2023-03-21 19:23:49'),
(14, 'products/1717989ccc63ea961386b003efe264c0.png', 4, 'App\\Models\\Product', '2023-03-21 19:23:49', '2023-03-21 19:23:49'),
(15, 'products/75d265e61b1d1545870f7060b1c105ce.png', 4, 'App\\Models\\Product', '2023-03-21 19:23:49', '2023-03-21 19:23:49'),
(16, 'products/0621bacf8075260d75835f757d3f55c5.png', 4, 'App\\Models\\Product', '2023-03-21 19:23:49', '2023-03-21 19:23:49'),
(17, 'products/f3ad9d6cc3537f4b36bdaba18b078351.png', 5, 'App\\Models\\Product', '2023-03-21 19:23:51', '2023-03-21 19:23:51'),
(18, 'products/9a79035bae6555459b4c4a65a2dd319e.png', 5, 'App\\Models\\Product', '2023-03-21 19:23:51', '2023-03-21 19:23:51'),
(19, 'products/21353bcc7734bc084d83b737c6b1fb33.png', 5, 'App\\Models\\Product', '2023-03-21 19:23:51', '2023-03-21 19:23:51'),
(20, 'products/81f9f2a0eacd54c19b05ba2d85385157.png', 5, 'App\\Models\\Product', '2023-03-21 19:23:51', '2023-03-21 19:23:51'),
(21, 'products/aa090186c5c7bafbbd009e3b961f9bdc.png', 6, 'App\\Models\\Product', '2023-03-21 19:23:53', '2023-03-21 19:23:53'),
(22, 'products/8f0864956c4fc35a538bf314d8d75057.png', 6, 'App\\Models\\Product', '2023-03-21 19:23:53', '2023-03-21 19:23:53'),
(23, 'products/8114710b82431f864df087c0007f43a8.png', 6, 'App\\Models\\Product', '2023-03-21 19:23:53', '2023-03-21 19:23:53'),
(24, 'products/73c7e4a37d580d0fc3a62087b6958cd5.png', 6, 'App\\Models\\Product', '2023-03-21 19:23:53', '2023-03-21 19:23:53'),
(25, 'products/a8235d13daad38d9f7afa2cb2a8aa17d.png', 7, 'App\\Models\\Product', '2023-03-21 19:23:55', '2023-03-21 19:23:55'),
(26, 'products/4d73e241d7b8670cf25fd072c6e2ad17.png', 7, 'App\\Models\\Product', '2023-03-21 19:23:55', '2023-03-21 19:23:55'),
(27, 'products/d7b36cccaedb68152ead911f5f0a7367.png', 7, 'App\\Models\\Product', '2023-03-21 19:23:56', '2023-03-21 19:23:56'),
(28, 'products/0abbcc227f3a7bbe613ac03137a06278.png', 7, 'App\\Models\\Product', '2023-03-21 19:23:56', '2023-03-21 19:23:56'),
(29, 'products/8926dbdb3c3e04b1ffe4ec2126028d4e.png', 8, 'App\\Models\\Product', '2023-03-21 19:23:57', '2023-03-21 19:23:57'),
(30, 'products/f1ed5d98b164f63cb5eb3f20cb99d636.png', 8, 'App\\Models\\Product', '2023-03-21 19:23:57', '2023-03-21 19:23:57'),
(31, 'products/7f7695b9622782a2af97baacb7abe362.png', 8, 'App\\Models\\Product', '2023-03-21 19:23:57', '2023-03-21 19:23:57'),
(32, 'products/15ecfed11f8b69634e06e7ea8738cb27.png', 8, 'App\\Models\\Product', '2023-03-21 19:23:57', '2023-03-21 19:23:57'),
(33, 'products/9aacf903fbd9730235a862596522c722.png', 9, 'App\\Models\\Product', '2023-03-21 19:23:59', '2023-03-21 19:23:59'),
(34, 'products/d6393ea7938df3b204038b8326591b3a.png', 9, 'App\\Models\\Product', '2023-03-21 19:23:59', '2023-03-21 19:23:59'),
(35, 'products/808c9965e4ee9eb16cb299bb4cb852db.png', 9, 'App\\Models\\Product', '2023-03-21 19:23:59', '2023-03-21 19:23:59'),
(36, 'products/da7595afb96b14d4ad9a6a40654e6371.png', 9, 'App\\Models\\Product', '2023-03-21 19:23:59', '2023-03-21 19:23:59'),
(37, 'products/334f194d5428abd1e5f8086d2c2b16e5.png', 10, 'App\\Models\\Product', '2023-03-21 19:24:01', '2023-03-21 19:24:01'),
(38, 'products/eb7be2280c4609b8c48d369efcfe10cc.png', 10, 'App\\Models\\Product', '2023-03-21 19:24:01', '2023-03-21 19:24:01'),
(39, 'products/e95707aaccc8a6225a3e8f8823049486.png', 10, 'App\\Models\\Product', '2023-03-21 19:24:01', '2023-03-21 19:24:01'),
(40, 'products/5f9f3b23f59e9829045a76350e4debce.png', 10, 'App\\Models\\Product', '2023-03-21 19:24:01', '2023-03-21 19:24:01'),
(41, 'products/1d178b824c638233376f709c201f7d27.png', 11, 'App\\Models\\Product', '2023-03-21 19:24:03', '2023-03-21 19:24:03'),
(42, 'products/aff348014ff359a01add1dd29c55e559.png', 11, 'App\\Models\\Product', '2023-03-21 19:24:03', '2023-03-21 19:24:03'),
(43, 'products/b0d18dc434e4d9f3acfcac4ec40b973d.png', 11, 'App\\Models\\Product', '2023-03-21 19:24:03', '2023-03-21 19:24:03'),
(44, 'products/ec1fe7e16d9fbce2077a29bd6c588bf2.png', 11, 'App\\Models\\Product', '2023-03-21 19:24:03', '2023-03-21 19:24:03'),
(45, 'products/f14fa894d0ddd4aefb2a41cf6a50f425.png', 12, 'App\\Models\\Product', '2023-03-21 19:24:06', '2023-03-21 19:24:06'),
(46, 'products/f4b97f5629fa1586f9f3035dba7aee07.png', 12, 'App\\Models\\Product', '2023-03-21 19:24:06', '2023-03-21 19:24:06'),
(47, 'products/12e4dade9a66ca201761b2f29abb88fb.png', 12, 'App\\Models\\Product', '2023-03-21 19:24:06', '2023-03-21 19:24:06'),
(48, 'products/6bcfd49533508ada2280309dde0e5a7b.png', 12, 'App\\Models\\Product', '2023-03-21 19:24:06', '2023-03-21 19:24:06'),
(49, 'products/dfebb8b61b4792192e87b516046daea3.png', 13, 'App\\Models\\Product', '2023-03-21 19:24:08', '2023-03-21 19:24:08'),
(50, 'products/47f7397efc25f8452759dff1e44f5d6e.png', 13, 'App\\Models\\Product', '2023-03-21 19:24:08', '2023-03-21 19:24:08'),
(51, 'products/0183f179047dd26a2d98d94b71c39e7e.png', 13, 'App\\Models\\Product', '2023-03-21 19:24:08', '2023-03-21 19:24:08'),
(52, 'products/a20258f81f41711ef7018cbba2955a73.png', 13, 'App\\Models\\Product', '2023-03-21 19:24:08', '2023-03-21 19:24:08'),
(53, 'products/ea04a774c445d9c969be266878cc2fcc.png', 14, 'App\\Models\\Product', '2023-03-21 19:24:11', '2023-03-21 19:24:11'),
(54, 'products/9875567ffdd4d4b85870f74bd1e0b22a.png', 14, 'App\\Models\\Product', '2023-03-21 19:24:11', '2023-03-21 19:24:11'),
(55, 'products/3292b899b571036f4e3c55c0156669f8.png', 14, 'App\\Models\\Product', '2023-03-21 19:24:11', '2023-03-21 19:24:11'),
(56, 'products/a0e5e6e5776940e1d51d21fb11f6e1d2.png', 14, 'App\\Models\\Product', '2023-03-21 19:24:11', '2023-03-21 19:24:11'),
(57, 'products/b583bb1b2eee5b564fa3744e6c6677cf.png', 15, 'App\\Models\\Product', '2023-03-21 19:24:13', '2023-03-21 19:24:13'),
(58, 'products/3a5af6bc6a8d7bbaa7f946ea299cb6c6.png', 15, 'App\\Models\\Product', '2023-03-21 19:24:13', '2023-03-21 19:24:13'),
(59, 'products/f4da1baaf4a31ea9508a5d686bdc7f9b.png', 15, 'App\\Models\\Product', '2023-03-21 19:24:13', '2023-03-21 19:24:13'),
(60, 'products/192b38fb8538cc74e929d90bc91e46fe.png', 15, 'App\\Models\\Product', '2023-03-21 19:24:13', '2023-03-21 19:24:13'),
(61, 'products/223af38d8f6cc6c87ed5b28962b3c073.png', 16, 'App\\Models\\Product', '2023-03-21 19:24:15', '2023-03-21 19:24:15'),
(62, 'products/dab0574046161a0bee1249fead477176.png', 16, 'App\\Models\\Product', '2023-03-21 19:24:15', '2023-03-21 19:24:15'),
(63, 'products/77dd3163e8464c65ebee9126756c6031.png', 16, 'App\\Models\\Product', '2023-03-21 19:24:15', '2023-03-21 19:24:15'),
(64, 'products/3b698c128e6be3e00b188966c90ce9bc.png', 16, 'App\\Models\\Product', '2023-03-21 19:24:15', '2023-03-21 19:24:15'),
(65, 'products/8961bd7cd48797531671904c9819f71e.png', 17, 'App\\Models\\Product', '2023-03-21 19:24:17', '2023-03-21 19:24:17'),
(66, 'products/82c8650e4e53c5431f0ec1c0653c149a.png', 17, 'App\\Models\\Product', '2023-03-21 19:24:17', '2023-03-21 19:24:17'),
(67, 'products/ed0d25c2f64a40f7f0299118238647f1.png', 17, 'App\\Models\\Product', '2023-03-21 19:24:17', '2023-03-21 19:24:17'),
(68, 'products/3781f48d7cde8b4c78eda4aa73c42f9c.png', 17, 'App\\Models\\Product', '2023-03-21 19:24:17', '2023-03-21 19:24:17'),
(69, 'products/fbe5e235e66689ec2ed4a843e641f18f.png', 18, 'App\\Models\\Product', '2023-03-21 19:24:19', '2023-03-21 19:24:19'),
(70, 'products/8b50014cbd43eb49ba65785e332c6a47.png', 18, 'App\\Models\\Product', '2023-03-21 19:24:19', '2023-03-21 19:24:19'),
(71, 'products/8d55106e33497ba8ae569a7ec14b1879.png', 18, 'App\\Models\\Product', '2023-03-21 19:24:19', '2023-03-21 19:24:19'),
(72, 'products/3743212e1df143f8187daf3b80c2babb.png', 18, 'App\\Models\\Product', '2023-03-21 19:24:19', '2023-03-21 19:24:19'),
(73, 'products/a3274fba65db25e65716100fb802ed5f.png', 19, 'App\\Models\\Product', '2023-03-21 19:24:23', '2023-03-21 19:24:23'),
(74, 'products/58ffbe310221dcbeda61bddbe4256e97.png', 19, 'App\\Models\\Product', '2023-03-21 19:24:23', '2023-03-21 19:24:23'),
(75, 'products/fd7b92e45c751a499e032661fd0eb5ec.png', 19, 'App\\Models\\Product', '2023-03-21 19:24:23', '2023-03-21 19:24:23'),
(76, 'products/c4c6fe779b876f6e80bf291ff06bf5c0.png', 19, 'App\\Models\\Product', '2023-03-21 19:24:23', '2023-03-21 19:24:23'),
(77, 'products/e808b348c4d2827b846704fde0768dfb.png', 20, 'App\\Models\\Product', '2023-03-21 19:24:25', '2023-03-21 19:24:25'),
(78, 'products/c738f389c058894a5e90551c75550b5e.png', 20, 'App\\Models\\Product', '2023-03-21 19:24:25', '2023-03-21 19:24:25'),
(79, 'products/46850c1f686237a9f69e9221c4612a98.png', 20, 'App\\Models\\Product', '2023-03-21 19:24:25', '2023-03-21 19:24:25'),
(80, 'products/81798633605917f60975df96259b8b3a.png', 20, 'App\\Models\\Product', '2023-03-21 19:24:25', '2023-03-21 19:24:25'),
(81, 'products/b7ec9962d848636852a2dbb782006658.png', 21, 'App\\Models\\Product', '2023-03-21 19:24:27', '2023-03-21 19:24:27'),
(82, 'products/c8c7fd305c5703298f149ea9a4f4b709.png', 21, 'App\\Models\\Product', '2023-03-21 19:24:27', '2023-03-21 19:24:27'),
(83, 'products/db82113a867d8dd27f644aa6e28edeb3.png', 21, 'App\\Models\\Product', '2023-03-21 19:24:27', '2023-03-21 19:24:27'),
(84, 'products/1fa16f0c1b37317428537921c59302b3.png', 21, 'App\\Models\\Product', '2023-03-21 19:24:27', '2023-03-21 19:24:27'),
(85, 'products/fe35148ac4763b52cba22efae03ba5ca.png', 22, 'App\\Models\\Product', '2023-03-21 19:24:29', '2023-03-21 19:24:29'),
(86, 'products/aea227e0a136c1b4e383b4d70a734fe3.png', 22, 'App\\Models\\Product', '2023-03-21 19:24:29', '2023-03-21 19:24:29'),
(87, 'products/e36f6131f3383bd3748abab6281220a9.png', 22, 'App\\Models\\Product', '2023-03-21 19:24:29', '2023-03-21 19:24:29'),
(88, 'products/9595bc704b2d6276cf495580cf7d77a6.png', 22, 'App\\Models\\Product', '2023-03-21 19:24:29', '2023-03-21 19:24:29'),
(89, 'products/e8176a5f1c569d58d279d1c37217e551.png', 23, 'App\\Models\\Product', '2023-03-21 19:24:31', '2023-03-21 19:24:31'),
(90, 'products/e32c892c4e41276c4692ccb7bfabb291.png', 23, 'App\\Models\\Product', '2023-03-21 19:24:31', '2023-03-21 19:24:31'),
(91, 'products/e4ad5eb2c67c27a4fde5de56982d5049.png', 23, 'App\\Models\\Product', '2023-03-21 19:24:31', '2023-03-21 19:24:31'),
(92, 'products/adfd3edd17b0072042f7b1b60c111d03.png', 23, 'App\\Models\\Product', '2023-03-21 19:24:31', '2023-03-21 19:24:31'),
(93, 'products/864d4291b44eafd499f6ddb648b3017f.png', 24, 'App\\Models\\Product', '2023-03-21 19:24:33', '2023-03-21 19:24:33'),
(94, 'products/8b820f51249dc65362e48d9816f3ceae.png', 24, 'App\\Models\\Product', '2023-03-21 19:24:33', '2023-03-21 19:24:33'),
(95, 'products/e13a7b7ba853607d4a3106103b1dc90b.png', 24, 'App\\Models\\Product', '2023-03-21 19:24:33', '2023-03-21 19:24:33'),
(96, 'products/daa887c0685e21b8f898a8c69fd4207e.png', 24, 'App\\Models\\Product', '2023-03-21 19:24:33', '2023-03-21 19:24:33'),
(97, 'products/d41ddd874a30cd4f159ec94c079b39fa.png', 25, 'App\\Models\\Product', '2023-03-21 19:24:35', '2023-03-21 19:24:35'),
(98, 'products/6c4a9ab5b42c1cad0fb8ae9fbbea8ebf.png', 25, 'App\\Models\\Product', '2023-03-21 19:24:35', '2023-03-21 19:24:35'),
(99, 'products/3698a29bd2a14da07e9bfd77cad66984.png', 25, 'App\\Models\\Product', '2023-03-21 19:24:35', '2023-03-21 19:24:35'),
(100, 'products/a9134d320e38eaa53972c1d3ae335bba.png', 25, 'App\\Models\\Product', '2023-03-21 19:24:35', '2023-03-21 19:24:35'),
(101, 'products/d3e21867a6db1df5e0287a25a195ee37.png', 26, 'App\\Models\\Product', '2023-03-21 19:24:37', '2023-03-21 19:24:37'),
(102, 'products/2daafb15f370d1456f972b3792e51622.png', 26, 'App\\Models\\Product', '2023-03-21 19:24:37', '2023-03-21 19:24:37'),
(103, 'products/127b19f1754d6b94cb86cba20e0aec3a.png', 26, 'App\\Models\\Product', '2023-03-21 19:24:37', '2023-03-21 19:24:37'),
(104, 'products/5b4f55ca33dd40516dfac5844a08ab9f.png', 26, 'App\\Models\\Product', '2023-03-21 19:24:37', '2023-03-21 19:24:37'),
(105, 'products/55afaee284c1fff011ee562ef0ed800e.png', 27, 'App\\Models\\Product', '2023-03-21 19:24:39', '2023-03-21 19:24:39'),
(106, 'products/65f8531d565a764630bf56e243ce031c.png', 27, 'App\\Models\\Product', '2023-03-21 19:24:39', '2023-03-21 19:24:39'),
(107, 'products/591e374ecc619fc812c1cb57c7bd6439.png', 27, 'App\\Models\\Product', '2023-03-21 19:24:39', '2023-03-21 19:24:39'),
(108, 'products/2d32c09fefa96064c5788cc5f6d3778c.png', 27, 'App\\Models\\Product', '2023-03-21 19:24:39', '2023-03-21 19:24:39'),
(109, 'products/e4cabb57c400a720fe413ef51b68d892.png', 28, 'App\\Models\\Product', '2023-03-21 19:24:41', '2023-03-21 19:24:41'),
(110, 'products/bb9307ac6862224f048f0abf40c8ea44.png', 28, 'App\\Models\\Product', '2023-03-21 19:24:41', '2023-03-21 19:24:41'),
(111, 'products/b816130002465f64cf4ad13b2917fe08.png', 28, 'App\\Models\\Product', '2023-03-21 19:24:41', '2023-03-21 19:24:41'),
(112, 'products/637830e37b0fe0b6e2da5341b7ff03ab.png', 28, 'App\\Models\\Product', '2023-03-21 19:24:41', '2023-03-21 19:24:41'),
(113, 'products/ce0f62a4eb405493ee5d114f7c35792a.png', 29, 'App\\Models\\Product', '2023-03-21 19:24:43', '2023-03-21 19:24:43'),
(114, 'products/3e8216741eb1db36044a94ca508e5059.png', 29, 'App\\Models\\Product', '2023-03-21 19:24:43', '2023-03-21 19:24:43'),
(115, 'products/26e1d5050638cb4b15f4ba2b59e15db3.png', 29, 'App\\Models\\Product', '2023-03-21 19:24:43', '2023-03-21 19:24:43'),
(116, 'products/19cc0df113e8f7129718dca92f662420.png', 29, 'App\\Models\\Product', '2023-03-21 19:24:43', '2023-03-21 19:24:43'),
(117, 'products/cc95ee725b6e348d52242ddae2636cdb.png', 30, 'App\\Models\\Product', '2023-03-21 19:24:45', '2023-03-21 19:24:45'),
(118, 'products/654699eb5b968328c9c2995bf5191266.png', 30, 'App\\Models\\Product', '2023-03-21 19:24:45', '2023-03-21 19:24:45'),
(119, 'products/d47226c3e19d8a220ae4bbd282c1d7b4.png', 30, 'App\\Models\\Product', '2023-03-21 19:24:45', '2023-03-21 19:24:45'),
(120, 'products/520e716fcce779c259e280942edee8db.png', 30, 'App\\Models\\Product', '2023-03-21 19:24:45', '2023-03-21 19:24:45'),
(121, 'products/dc77c0f1645ae7b2a1d399546b0e13f6.png', 31, 'App\\Models\\Product', '2023-03-21 19:24:47', '2023-03-21 19:24:47'),
(122, 'products/016d29e6c5c0fc5d3688a745ac633231.png', 31, 'App\\Models\\Product', '2023-03-21 19:24:47', '2023-03-21 19:24:47'),
(123, 'products/4ed44f19c81c8060ee2661c4de3d7d58.png', 31, 'App\\Models\\Product', '2023-03-21 19:24:47', '2023-03-21 19:24:47'),
(124, 'products/0122e6970486aeefd6d15d01e64d4bb0.png', 31, 'App\\Models\\Product', '2023-03-21 19:24:47', '2023-03-21 19:24:47'),
(125, 'products/9d20801809830a9c9876acb86f616485.png', 32, 'App\\Models\\Product', '2023-03-21 19:24:49', '2023-03-21 19:24:49'),
(126, 'products/dd377719c8e0d2b6df9a7a15ae667fc3.png', 32, 'App\\Models\\Product', '2023-03-21 19:24:49', '2023-03-21 19:24:49'),
(127, 'products/a1b1b7f68bc8d8d558ab367b82a6c9d6.png', 32, 'App\\Models\\Product', '2023-03-21 19:24:49', '2023-03-21 19:24:49'),
(128, 'products/22565647d9835e75c5897fdd0a8e9dcd.png', 32, 'App\\Models\\Product', '2023-03-21 19:24:49', '2023-03-21 19:24:49'),
(129, 'products/158236b6ce6617476ca4fced6dfca7af.png', 33, 'App\\Models\\Product', '2023-03-21 19:24:50', '2023-03-21 19:24:50'),
(130, 'products/a689d2cce035a1f0648a7b4b0d41c818.png', 33, 'App\\Models\\Product', '2023-03-21 19:24:50', '2023-03-21 19:24:50'),
(131, 'products/e7a0ef01996797ffa565f51a4abc4fdd.png', 33, 'App\\Models\\Product', '2023-03-21 19:24:50', '2023-03-21 19:24:50'),
(132, 'products/3ad584c83efbf48d80626da97a4d064d.png', 33, 'App\\Models\\Product', '2023-03-21 19:24:50', '2023-03-21 19:24:50'),
(133, 'products/715da01de51cd05050113743e58a9427.png', 34, 'App\\Models\\Product', '2023-03-21 19:24:52', '2023-03-21 19:24:52'),
(134, 'products/53048de608a89211f7bd5b5fecd0fbf1.png', 34, 'App\\Models\\Product', '2023-03-21 19:24:52', '2023-03-21 19:24:52'),
(135, 'products/0cfafacba3e335c5a012c87504e907af.png', 34, 'App\\Models\\Product', '2023-03-21 19:24:52', '2023-03-21 19:24:52'),
(136, 'products/aab491d67e6ff39bd062cee7e9cc9eca.png', 34, 'App\\Models\\Product', '2023-03-21 19:24:52', '2023-03-21 19:24:52'),
(137, 'products/f0b1dffc2a956fc9e5c229d74bc1ab1c.png', 35, 'App\\Models\\Product', '2023-03-21 19:24:54', '2023-03-21 19:24:54'),
(138, 'products/2d1c33210eba5dc5f680d61eb8159481.png', 35, 'App\\Models\\Product', '2023-03-21 19:24:54', '2023-03-21 19:24:54'),
(139, 'products/9654caea656b0990d6c9715e1fc356cd.png', 35, 'App\\Models\\Product', '2023-03-21 19:24:54', '2023-03-21 19:24:54'),
(140, 'products/f3f87914612e92431214b7f276b7b455.png', 35, 'App\\Models\\Product', '2023-03-21 19:24:54', '2023-03-21 19:24:54'),
(141, 'products/c3cd5c5633a0ae30566c45d56e41112d.png', 36, 'App\\Models\\Product', '2023-03-21 19:24:56', '2023-03-21 19:24:56'),
(142, 'products/a5df2caeb1c504bb84ed08a7a326d2bf.png', 36, 'App\\Models\\Product', '2023-03-21 19:24:56', '2023-03-21 19:24:56'),
(143, 'products/683e568dc91dd9f9099e2b62647ed312.png', 36, 'App\\Models\\Product', '2023-03-21 19:24:56', '2023-03-21 19:24:56'),
(144, 'products/a2c742aaa595bcdff163706937fe6a78.png', 36, 'App\\Models\\Product', '2023-03-21 19:24:56', '2023-03-21 19:24:56'),
(145, 'products/c40b8a32b6302a805a722ccc24cf2113.png', 37, 'App\\Models\\Product', '2023-03-21 19:24:58', '2023-03-21 19:24:58'),
(146, 'products/91063a71516ed85b529a903dcea31818.png', 37, 'App\\Models\\Product', '2023-03-21 19:24:58', '2023-03-21 19:24:58'),
(147, 'products/dd0a5678729ef56c7993b8967bc7a269.png', 37, 'App\\Models\\Product', '2023-03-21 19:24:58', '2023-03-21 19:24:58'),
(148, 'products/f7f5a6af711e02b172b757df580c5b7c.png', 37, 'App\\Models\\Product', '2023-03-21 19:24:58', '2023-03-21 19:24:58'),
(149, 'products/13574b01ad315856e2ee44ee81f13a19.png', 38, 'App\\Models\\Product', '2023-03-21 19:25:00', '2023-03-21 19:25:00'),
(150, 'products/f78eda27122f09dbbc7cc601ec00bbcb.png', 38, 'App\\Models\\Product', '2023-03-21 19:25:00', '2023-03-21 19:25:00'),
(151, 'products/dfa37adf63ace249b5c9b4777976aef5.png', 38, 'App\\Models\\Product', '2023-03-21 19:25:00', '2023-03-21 19:25:00'),
(152, 'products/ef0d10512d8dcee1a307e612e5c37eb0.png', 38, 'App\\Models\\Product', '2023-03-21 19:25:00', '2023-03-21 19:25:00'),
(153, 'products/52677cbda76b504bf7a738fd7d613930.png', 39, 'App\\Models\\Product', '2023-03-21 19:25:02', '2023-03-21 19:25:02'),
(154, 'products/0b4982334ca48f1e6188b71e6a0e2f20.png', 39, 'App\\Models\\Product', '2023-03-21 19:25:02', '2023-03-21 19:25:02'),
(155, 'products/208d9586feac237851cc3254b18b55bc.png', 39, 'App\\Models\\Product', '2023-03-21 19:25:02', '2023-03-21 19:25:02'),
(156, 'products/89d654f6f27c627e0f054661b6c17513.png', 39, 'App\\Models\\Product', '2023-03-21 19:25:02', '2023-03-21 19:25:02'),
(157, 'products/a21ada0453565e03f900fde9aebd8560.png', 40, 'App\\Models\\Product', '2023-03-21 19:25:04', '2023-03-21 19:25:04'),
(158, 'products/7ef69fd1d58e1bbf36120eccb040e09e.png', 40, 'App\\Models\\Product', '2023-03-21 19:25:04', '2023-03-21 19:25:04'),
(159, 'products/aa69162d2fda7409dcf964d9c1da4c25.png', 40, 'App\\Models\\Product', '2023-03-21 19:25:04', '2023-03-21 19:25:04'),
(160, 'products/689e48503beb36eb3ecf27959e90d62b.png', 40, 'App\\Models\\Product', '2023-03-21 19:25:04', '2023-03-21 19:25:04'),
(161, 'products/3dded2d95039d00bbe520f5f72c5d131.png', 41, 'App\\Models\\Product', '2023-03-21 19:25:06', '2023-03-21 19:25:06'),
(162, 'products/686247a988dbca27be526b48fae5feea.png', 41, 'App\\Models\\Product', '2023-03-21 19:25:06', '2023-03-21 19:25:06'),
(163, 'products/188a05304f6f5fe5f99f52ce7c1c47db.png', 41, 'App\\Models\\Product', '2023-03-21 19:25:06', '2023-03-21 19:25:06'),
(164, 'products/71880d4f1b36a31046c7bca2a747cfa0.png', 41, 'App\\Models\\Product', '2023-03-21 19:25:06', '2023-03-21 19:25:06'),
(165, 'products/55875097a4c4f66deeaee23d1e7d807c.png', 42, 'App\\Models\\Product', '2023-03-21 19:25:08', '2023-03-21 19:25:08'),
(166, 'products/eef42dce0a0d42f636adcd621dda2bef.png', 42, 'App\\Models\\Product', '2023-03-21 19:25:08', '2023-03-21 19:25:08'),
(167, 'products/d9bcba7bacea99ac4e7726c995f68204.png', 42, 'App\\Models\\Product', '2023-03-21 19:25:08', '2023-03-21 19:25:08'),
(168, 'products/69e66fb1f106044825b572036c47506b.png', 42, 'App\\Models\\Product', '2023-03-21 19:25:08', '2023-03-21 19:25:08'),
(169, 'products/c9de07f2bc29e5070405126718201c92.png', 43, 'App\\Models\\Product', '2023-03-21 19:25:12', '2023-03-21 19:25:12'),
(170, 'products/87166106eeec66b8c95d0abced227c66.png', 43, 'App\\Models\\Product', '2023-03-21 19:25:12', '2023-03-21 19:25:12'),
(171, 'products/9b3f02f347d8db952ab4a64fc744236c.png', 43, 'App\\Models\\Product', '2023-03-21 19:25:12', '2023-03-21 19:25:12'),
(172, 'products/85f11a8daa36ccc4c603eb88c96a0a15.png', 43, 'App\\Models\\Product', '2023-03-21 19:25:12', '2023-03-21 19:25:12'),
(173, 'products/5777bd0c19a2149ac36cecc704149a51.png', 44, 'App\\Models\\Product', '2023-03-21 19:25:14', '2023-03-21 19:25:14'),
(174, 'products/65ce93d7530a1e4fddadba83cfcd75de.png', 44, 'App\\Models\\Product', '2023-03-21 19:25:14', '2023-03-21 19:25:14'),
(175, 'products/fe633f7b0d4d3b541502bc75766d0090.png', 44, 'App\\Models\\Product', '2023-03-21 19:25:14', '2023-03-21 19:25:14'),
(176, 'products/7b0c5562a57e01fc50dff12706035fc2.png', 44, 'App\\Models\\Product', '2023-03-21 19:25:14', '2023-03-21 19:25:14'),
(177, 'products/cb2499fd60767ecf672aad2e9554186d.png', 45, 'App\\Models\\Product', '2023-03-21 19:25:16', '2023-03-21 19:25:16'),
(178, 'products/799053bdbb945f110cd3b002655c8882.png', 45, 'App\\Models\\Product', '2023-03-21 19:25:16', '2023-03-21 19:25:16'),
(179, 'products/68177df48b223a7b1f8612ce7262e689.png', 45, 'App\\Models\\Product', '2023-03-21 19:25:16', '2023-03-21 19:25:16'),
(180, 'products/eeee90bf7006c60c41b3d4b5f238e144.png', 45, 'App\\Models\\Product', '2023-03-21 19:25:16', '2023-03-21 19:25:16'),
(181, 'products/7a65ca3602d3e868720d358cb6e41732.png', 46, 'App\\Models\\Product', '2023-03-21 19:25:18', '2023-03-21 19:25:18'),
(182, 'products/d16e09aadf76f8c0a0793b2d4c4b7afb.png', 46, 'App\\Models\\Product', '2023-03-21 19:25:18', '2023-03-21 19:25:18'),
(183, 'products/bb36be1bf3c6ab57a4f3daf711e966c9.png', 46, 'App\\Models\\Product', '2023-03-21 19:25:18', '2023-03-21 19:25:18'),
(184, 'products/305e3564dd3d2c8588adc29c816c17f5.png', 46, 'App\\Models\\Product', '2023-03-21 19:25:18', '2023-03-21 19:25:18'),
(185, 'products/aa30b486b9a06270b6339112d82973d0.png', 47, 'App\\Models\\Product', '2023-03-21 19:25:20', '2023-03-21 19:25:20'),
(186, 'products/5be8a3857d751e36540825618a3b2ee7.png', 47, 'App\\Models\\Product', '2023-03-21 19:25:20', '2023-03-21 19:25:20'),
(187, 'products/8db3f2ce6b9c0c51fc9b202047d81d16.png', 47, 'App\\Models\\Product', '2023-03-21 19:25:20', '2023-03-21 19:25:20'),
(188, 'products/0bb4a629ae8b4db5b150d002ffd2a7c4.png', 47, 'App\\Models\\Product', '2023-03-21 19:25:20', '2023-03-21 19:25:20'),
(189, 'products/ba5e86cd4daf24cbd61160c5b6fab417.png', 48, 'App\\Models\\Product', '2023-03-21 19:25:22', '2023-03-21 19:25:22'),
(190, 'products/2299f5d52f38de8cbddafc69cd426435.png', 48, 'App\\Models\\Product', '2023-03-21 19:25:22', '2023-03-21 19:25:22'),
(191, 'products/a6caa06ebf52024df1dc7bafd1e54827.png', 48, 'App\\Models\\Product', '2023-03-21 19:25:22', '2023-03-21 19:25:22'),
(192, 'products/eefca567a677f2d0b27c09de992f161d.png', 48, 'App\\Models\\Product', '2023-03-21 19:25:22', '2023-03-21 19:25:22'),
(193, 'products/019aeae2ffb860195a5163d077a2f2af.png', 49, 'App\\Models\\Product', '2023-03-21 19:25:25', '2023-03-21 19:25:25'),
(194, 'products/f7d8bda3e25c9258b64af24577eef1d6.png', 49, 'App\\Models\\Product', '2023-03-21 19:25:25', '2023-03-21 19:25:25'),
(195, 'products/f335f45fb01d5670b36e5a772bd721c0.png', 49, 'App\\Models\\Product', '2023-03-21 19:25:25', '2023-03-21 19:25:25'),
(196, 'products/6132182f0a5ed6d5d61c1be4aa396961.png', 49, 'App\\Models\\Product', '2023-03-21 19:25:25', '2023-03-21 19:25:25'),
(197, 'products/60d6736cbe500024ff9e35f238da5af5.png', 50, 'App\\Models\\Product', '2023-03-21 19:25:27', '2023-03-21 19:25:27'),
(198, 'products/78738c1cd9f0ab249d8f328949d03953.png', 50, 'App\\Models\\Product', '2023-03-21 19:25:27', '2023-03-21 19:25:27'),
(199, 'products/2dc7911dd2a7bdb425325472da886ef8.png', 50, 'App\\Models\\Product', '2023-03-21 19:25:27', '2023-03-21 19:25:27'),
(200, 'products/598c1a467651ddd116318988df28ae1d.png', 50, 'App\\Models\\Product', '2023-03-21 19:25:27', '2023-03-21 19:25:27'),
(201, 'products/fc9708fcf4951fb260cc73235f9a5997.png', 51, 'App\\Models\\Product', '2023-03-21 19:25:29', '2023-03-21 19:25:29'),
(202, 'products/77e7c8d06a0cbaa19bac0251176d6af0.png', 51, 'App\\Models\\Product', '2023-03-21 19:25:29', '2023-03-21 19:25:29'),
(203, 'products/c72cd2b1356ada8ad63cd5aaac05cc6f.png', 51, 'App\\Models\\Product', '2023-03-21 19:25:29', '2023-03-21 19:25:29'),
(204, 'products/18500da8f7a5b5c816cca8d8129b0dce.png', 51, 'App\\Models\\Product', '2023-03-21 19:25:29', '2023-03-21 19:25:29'),
(205, 'products/e38e90e40496a6aee615daeb6bd98dae.png', 52, 'App\\Models\\Product', '2023-03-21 19:25:31', '2023-03-21 19:25:31'),
(206, 'products/cd8315c1018d50054c09933d74efedbb.png', 52, 'App\\Models\\Product', '2023-03-21 19:25:31', '2023-03-21 19:25:31'),
(207, 'products/dbb66b784e9ddc25b29183e27ad9b611.png', 52, 'App\\Models\\Product', '2023-03-21 19:25:31', '2023-03-21 19:25:31'),
(208, 'products/b602acd5c5214ec384085e1ac828dc7f.png', 52, 'App\\Models\\Product', '2023-03-21 19:25:31', '2023-03-21 19:25:31'),
(209, 'products/36196b1edff6961d3607224a26b69c6e.png', 53, 'App\\Models\\Product', '2023-03-21 19:25:32', '2023-03-21 19:25:32'),
(210, 'products/2093b487006165a96eb5186b851c2e74.png', 53, 'App\\Models\\Product', '2023-03-21 19:25:33', '2023-03-21 19:25:33'),
(211, 'products/e94d37e6c75e3658c2d9b32873c89d96.png', 53, 'App\\Models\\Product', '2023-03-21 19:25:33', '2023-03-21 19:25:33'),
(212, 'products/ca53a99ecfa6726ae0659bcae081c25c.png', 53, 'App\\Models\\Product', '2023-03-21 19:25:33', '2023-03-21 19:25:33'),
(213, 'products/3b3b074f78b5b008f5e34bd3c6653052.png', 54, 'App\\Models\\Product', '2023-03-21 19:25:35', '2023-03-21 19:25:35'),
(214, 'products/d43d032b3aaf99934ac39ebeeb5fe000.png', 54, 'App\\Models\\Product', '2023-03-21 19:25:35', '2023-03-21 19:25:35'),
(215, 'products/9beeb14d8551895051ba3102bd0558a3.png', 54, 'App\\Models\\Product', '2023-03-21 19:25:35', '2023-03-21 19:25:35'),
(216, 'products/c065f49c429b183846c308d63f565782.png', 54, 'App\\Models\\Product', '2023-03-21 19:25:35', '2023-03-21 19:25:35'),
(217, 'products/e32153ebeab20c6e414f71db42ce8c07.png', 55, 'App\\Models\\Product', '2023-03-21 19:25:39', '2023-03-21 19:25:39'),
(218, 'products/7136c138f2be6eb19de11a5d7ba65f42.png', 55, 'App\\Models\\Product', '2023-03-21 19:25:39', '2023-03-21 19:25:39'),
(219, 'products/ee59c3583264b232ae43314781045032.png', 55, 'App\\Models\\Product', '2023-03-21 19:25:39', '2023-03-21 19:25:39'),
(220, 'products/e7c93f67baef7b0ec173f0251786138f.png', 55, 'App\\Models\\Product', '2023-03-21 19:25:39', '2023-03-21 19:25:39'),
(221, 'products/389401c7467a0cf589ef6e3932b1814d.png', 56, 'App\\Models\\Product', '2023-03-21 19:25:43', '2023-03-21 19:25:43'),
(222, 'products/c6ce3849364710d8c20dc1d42519ac95.png', 56, 'App\\Models\\Product', '2023-03-21 19:25:43', '2023-03-21 19:25:43'),
(223, 'products/1e07913dd369e08024051c3240d5a6eb.png', 56, 'App\\Models\\Product', '2023-03-21 19:25:43', '2023-03-21 19:25:43'),
(224, 'products/b49adf5b7821d1f007b65d98fdf350f1.png', 56, 'App\\Models\\Product', '2023-03-21 19:25:43', '2023-03-21 19:25:43'),
(225, 'products/6673fcec4f2ce10308f590ebc02f270d.png', 57, 'App\\Models\\Product', '2023-03-21 19:25:45', '2023-03-21 19:25:45'),
(226, 'products/e537f36b18338b7788043d601b21b62e.png', 57, 'App\\Models\\Product', '2023-03-21 19:25:45', '2023-03-21 19:25:45'),
(227, 'products/b856dfdd8be454b338c8a185593f34df.png', 57, 'App\\Models\\Product', '2023-03-21 19:25:45', '2023-03-21 19:25:45'),
(228, 'products/9b526e6ed5b261298610a6e0877a3569.png', 57, 'App\\Models\\Product', '2023-03-21 19:25:45', '2023-03-21 19:25:45'),
(229, 'products/0d4e9e5e3e00e2799b7d837fc96f7675.png', 58, 'App\\Models\\Product', '2023-03-21 19:25:47', '2023-03-21 19:25:47'),
(230, 'products/c11ba9de3800ec0de834e81dfdbcf248.png', 58, 'App\\Models\\Product', '2023-03-21 19:25:47', '2023-03-21 19:25:47'),
(231, 'products/6d6f7672e2c9f60c513e91d48af4c718.png', 58, 'App\\Models\\Product', '2023-03-21 19:25:47', '2023-03-21 19:25:47'),
(232, 'products/f6222339d01e2debff9b4b8363871e72.png', 58, 'App\\Models\\Product', '2023-03-21 19:25:47', '2023-03-21 19:25:47'),
(233, 'products/1696969c3c1c2deb1454d42f4e268ac5.png', 59, 'App\\Models\\Product', '2023-03-21 19:25:49', '2023-03-21 19:25:49'),
(234, 'products/da8e39e86bac19d56df8f9d7fb396a90.png', 59, 'App\\Models\\Product', '2023-03-21 19:25:49', '2023-03-21 19:25:49'),
(235, 'products/8cc6a8244f6bdf105a7001584c90f05e.png', 59, 'App\\Models\\Product', '2023-03-21 19:25:49', '2023-03-21 19:25:49'),
(236, 'products/4d8ecd3ef7f6aec841a51bb0c3999fb9.png', 59, 'App\\Models\\Product', '2023-03-21 19:25:49', '2023-03-21 19:25:49'),
(237, 'products/5ef2493e7c10de07798c6a9e5a6c4ccd.png', 60, 'App\\Models\\Product', '2023-03-21 19:25:53', '2023-03-21 19:25:53'),
(238, 'products/0bf4c1e9d23ba5610c705d92d40e89af.png', 60, 'App\\Models\\Product', '2023-03-21 19:25:53', '2023-03-21 19:25:53'),
(239, 'products/e84c420d42a51313274e1015505428b6.png', 60, 'App\\Models\\Product', '2023-03-21 19:25:53', '2023-03-21 19:25:53'),
(240, 'products/2237ef8b95c9c57db909d98a1abb9c6b.png', 60, 'App\\Models\\Product', '2023-03-21 19:25:53', '2023-03-21 19:25:53'),
(241, 'products/402de68845ff745fc3788b81768d1451.png', 61, 'App\\Models\\Product', '2023-03-21 19:25:54', '2023-03-21 19:25:54'),
(242, 'products/a82e20d71425099b0ae5c2362863e2ab.png', 61, 'App\\Models\\Product', '2023-03-21 19:25:54', '2023-03-21 19:25:54'),
(243, 'products/69757fa9c0a211a634fd17802d7b8cc3.png', 61, 'App\\Models\\Product', '2023-03-21 19:25:54', '2023-03-21 19:25:54'),
(244, 'products/e27b2022f4f90e84e3f4a499fe0ebce7.png', 61, 'App\\Models\\Product', '2023-03-21 19:25:54', '2023-03-21 19:25:54'),
(245, 'products/4fe06da124386ce84791e7dfe3497c8f.png', 62, 'App\\Models\\Product', '2023-03-21 19:25:57', '2023-03-21 19:25:57'),
(246, 'products/b5b657cea2f13a91477e7746aeae1887.png', 62, 'App\\Models\\Product', '2023-03-21 19:25:57', '2023-03-21 19:25:57'),
(247, 'products/2f976c35165dfa54ce3483880dfad479.png', 62, 'App\\Models\\Product', '2023-03-21 19:25:57', '2023-03-21 19:25:57'),
(248, 'products/18b16e8ad9f847236be84cfacf1aad20.png', 62, 'App\\Models\\Product', '2023-03-21 19:25:57', '2023-03-21 19:25:57'),
(249, 'products/20aaabb668997d82d88bf56296be972e.png', 63, 'App\\Models\\Product', '2023-03-21 19:25:59', '2023-03-21 19:25:59'),
(250, 'products/e43d96a2316de9700adf7509d4fbff44.png', 63, 'App\\Models\\Product', '2023-03-21 19:25:59', '2023-03-21 19:25:59'),
(251, 'products/7a22e6edc96aea24a7c3065c0a2c5c7d.png', 63, 'App\\Models\\Product', '2023-03-21 19:25:59', '2023-03-21 19:25:59'),
(252, 'products/45e673449c0696d2c627dcbfe30e2dac.png', 63, 'App\\Models\\Product', '2023-03-21 19:25:59', '2023-03-21 19:25:59'),
(253, 'products/dafc0bb9cc0644c39e2f2a4fed02ebac.png', 64, 'App\\Models\\Product', '2023-03-21 19:26:01', '2023-03-21 19:26:01'),
(254, 'products/a4470d5ae7372812c52c8cd3d09d2331.png', 64, 'App\\Models\\Product', '2023-03-21 19:26:01', '2023-03-21 19:26:01'),
(255, 'products/5047babda0b297102fa47cd265552c86.png', 64, 'App\\Models\\Product', '2023-03-21 19:26:01', '2023-03-21 19:26:01'),
(256, 'products/69005b805b8faf84f556fcae08899478.png', 64, 'App\\Models\\Product', '2023-03-21 19:26:01', '2023-03-21 19:26:01'),
(257, 'products/734cb365c5a05c1699af24d97a99e14e.png', 65, 'App\\Models\\Product', '2023-03-21 19:26:03', '2023-03-21 19:26:03'),
(258, 'products/d3552ea0a6afe83f0a254c8a027d7a3d.png', 65, 'App\\Models\\Product', '2023-03-21 19:26:03', '2023-03-21 19:26:03'),
(259, 'products/2db6ad2ca528b384afcda19512e9af41.png', 65, 'App\\Models\\Product', '2023-03-21 19:26:03', '2023-03-21 19:26:03'),
(260, 'products/de744953d925960b859d79ebbc84904b.png', 65, 'App\\Models\\Product', '2023-03-21 19:26:03', '2023-03-21 19:26:03'),
(261, 'products/000a1f4f329541a77284724d41e5c316.png', 66, 'App\\Models\\Product', '2023-03-21 19:26:04', '2023-03-21 19:26:04'),
(262, 'products/46919d6e8b9a5fa3569b42debff92bf9.png', 66, 'App\\Models\\Product', '2023-03-21 19:26:04', '2023-03-21 19:26:04'),
(263, 'products/e973d2f0553601a988dbc835aa131932.png', 66, 'App\\Models\\Product', '2023-03-21 19:26:04', '2023-03-21 19:26:04'),
(264, 'products/24c362beeee8940040c5d0ffd2c80598.png', 66, 'App\\Models\\Product', '2023-03-21 19:26:04', '2023-03-21 19:26:04'),
(265, 'products/c85e755a5ec12326de43fc0b48e0e2ef.png', 67, 'App\\Models\\Product', '2023-03-21 19:26:07', '2023-03-21 19:26:07'),
(266, 'products/6fc5b1642d619bba811c36067ca921f1.png', 67, 'App\\Models\\Product', '2023-03-21 19:26:07', '2023-03-21 19:26:07'),
(267, 'products/aaf8ec8043ac3e0e910d0eac725dc190.png', 67, 'App\\Models\\Product', '2023-03-21 19:26:07', '2023-03-21 19:26:07'),
(268, 'products/06f3afe8d9ef43279caffa2904e85312.png', 67, 'App\\Models\\Product', '2023-03-21 19:26:07', '2023-03-21 19:26:07'),
(269, 'products/f27c44b7c0dbea94af5a3ff8ba936cfd.png', 68, 'App\\Models\\Product', '2023-03-21 19:26:10', '2023-03-21 19:26:10'),
(270, 'products/cc32852b2b58d568c931c4fdeeaf97c5.png', 68, 'App\\Models\\Product', '2023-03-21 19:26:10', '2023-03-21 19:26:10'),
(271, 'products/816a1dcabe0eb471d1c211586e50691f.png', 68, 'App\\Models\\Product', '2023-03-21 19:26:10', '2023-03-21 19:26:10'),
(272, 'products/14b6d7c8d71bdb485e1f4a8a7fbd5361.png', 68, 'App\\Models\\Product', '2023-03-21 19:26:10', '2023-03-21 19:26:10'),
(273, 'products/cc3f7b039b9e33728c38d0f89efe3d39.png', 69, 'App\\Models\\Product', '2023-03-21 19:26:12', '2023-03-21 19:26:12'),
(274, 'products/82efdc00d6c2b5ef9c20406ff2b6e708.png', 69, 'App\\Models\\Product', '2023-03-21 19:26:12', '2023-03-21 19:26:12'),
(275, 'products/96fc3ccf622b4f7804ef61e3bf6f5fba.png', 69, 'App\\Models\\Product', '2023-03-21 19:26:12', '2023-03-21 19:26:12'),
(276, 'products/a37befa5f8b2c8f6fa6da1ea8e1cf5f9.png', 69, 'App\\Models\\Product', '2023-03-21 19:26:12', '2023-03-21 19:26:12'),
(277, 'products/187d6955cfffca005e74a439570b0a8e.png', 70, 'App\\Models\\Product', '2023-03-21 19:26:15', '2023-03-21 19:26:15'),
(278, 'products/936cf042a52117f13c27f579ef66b858.png', 70, 'App\\Models\\Product', '2023-03-21 19:26:15', '2023-03-21 19:26:15'),
(279, 'products/190ca857861b89a8f46b482b5b668db1.png', 70, 'App\\Models\\Product', '2023-03-21 19:26:15', '2023-03-21 19:26:15'),
(280, 'products/320f658a8f6690ae2285c2e4ea0e6311.png', 70, 'App\\Models\\Product', '2023-03-21 19:26:15', '2023-03-21 19:26:15'),
(281, 'products/c5d170e7f6c59c2b4e31c29f77e28236.png', 71, 'App\\Models\\Product', '2023-03-21 19:26:17', '2023-03-21 19:26:17'),
(282, 'products/c6d24b63d609b803083e9e7273f61beb.png', 71, 'App\\Models\\Product', '2023-03-21 19:26:17', '2023-03-21 19:26:17'),
(283, 'products/53f9aea5866c38900f256fbeeee312e3.png', 71, 'App\\Models\\Product', '2023-03-21 19:26:17', '2023-03-21 19:26:17'),
(284, 'products/cec9fd282e18f3860de1acc38bebb8c0.png', 71, 'App\\Models\\Product', '2023-03-21 19:26:17', '2023-03-21 19:26:17'),
(285, 'products/4b96ce2f93a4d91585ded0a301c1b564.png', 72, 'App\\Models\\Product', '2023-03-21 19:26:21', '2023-03-21 19:26:21'),
(286, 'products/e41b1ca32bb63e0bf5a5ea6bdabdef64.png', 72, 'App\\Models\\Product', '2023-03-21 19:26:21', '2023-03-21 19:26:21'),
(287, 'products/235b2e8c443234f5a9d9ecd4a3e010b4.png', 72, 'App\\Models\\Product', '2023-03-21 19:26:21', '2023-03-21 19:26:21'),
(288, 'products/b81c718d5aa09ddd3dfb4734adc2684e.png', 72, 'App\\Models\\Product', '2023-03-21 19:26:21', '2023-03-21 19:26:21'),
(289, 'products/7d6672e6237b55dd8faa05eadbf29ce8.png', 73, 'App\\Models\\Product', '2023-03-21 19:26:24', '2023-03-21 19:26:24'),
(290, 'products/8f8ffa857931d9e07274e581b2a0dc51.png', 73, 'App\\Models\\Product', '2023-03-21 19:26:24', '2023-03-21 19:26:24'),
(291, 'products/851473c66cc58aa2e9a94899775b4ea5.png', 73, 'App\\Models\\Product', '2023-03-21 19:26:24', '2023-03-21 19:26:24'),
(292, 'products/52f8bd0c35c9b26f2f933080c772e779.png', 73, 'App\\Models\\Product', '2023-03-21 19:26:24', '2023-03-21 19:26:24'),
(293, 'products/45ff54952d44e524b279f04a9d82cc60.png', 74, 'App\\Models\\Product', '2023-03-21 19:26:28', '2023-03-21 19:26:28'),
(294, 'products/a4edcdee7166f3951be67c5c49ab00e0.png', 74, 'App\\Models\\Product', '2023-03-21 19:26:28', '2023-03-21 19:26:28'),
(295, 'products/0aa48d74739932e35a0824fbd4ef0278.png', 74, 'App\\Models\\Product', '2023-03-21 19:26:28', '2023-03-21 19:26:28'),
(296, 'products/90cbb22a1eff2e740125ca8bb55e6116.png', 74, 'App\\Models\\Product', '2023-03-21 19:26:28', '2023-03-21 19:26:28'),
(297, 'products/e84ece2013f93ded9155745dd7586a3f.png', 75, 'App\\Models\\Product', '2023-03-21 19:26:31', '2023-03-21 19:26:31'),
(298, 'products/0903c10aec080f0439ebacf801353926.png', 75, 'App\\Models\\Product', '2023-03-21 19:26:31', '2023-03-21 19:26:31'),
(299, 'products/3e103439f7a6500e7c007859a6f0a0d9.png', 75, 'App\\Models\\Product', '2023-03-21 19:26:31', '2023-03-21 19:26:31'),
(300, 'products/e03d52a6f0a79eaf9654b75530fd07c9.png', 75, 'App\\Models\\Product', '2023-03-21 19:26:31', '2023-03-21 19:26:31'),
(301, 'products/075bf60b046c9b022eb65c935ab2c999.png', 76, 'App\\Models\\Product', '2023-03-21 19:26:33', '2023-03-21 19:26:33'),
(302, 'products/5d94493b9c73945af2bb4bb64c165e9f.png', 76, 'App\\Models\\Product', '2023-03-21 19:26:33', '2023-03-21 19:26:33'),
(303, 'products/8c945df7968c826ae2015acc41b35e5e.png', 76, 'App\\Models\\Product', '2023-03-21 19:26:33', '2023-03-21 19:26:33'),
(304, 'products/2e59ba09e679afa09855fec928d5852b.png', 76, 'App\\Models\\Product', '2023-03-21 19:26:33', '2023-03-21 19:26:33'),
(305, 'products/63ddaced9f42f8bc1a5c799eb5c514d3.png', 77, 'App\\Models\\Product', '2023-03-21 19:26:35', '2023-03-21 19:26:35'),
(306, 'products/094083338c4c797eee3d61dd9f70cda0.png', 77, 'App\\Models\\Product', '2023-03-21 19:26:35', '2023-03-21 19:26:35'),
(307, 'products/e9f7764daebda3a0afa09ced1f320f5e.png', 77, 'App\\Models\\Product', '2023-03-21 19:26:35', '2023-03-21 19:26:35'),
(308, 'products/29ffc3bac2906cd63dbad1b0f292d8e5.png', 77, 'App\\Models\\Product', '2023-03-21 19:26:35', '2023-03-21 19:26:35'),
(309, 'products/f60c5538dcaf0e5ea541829b8725915a.png', 78, 'App\\Models\\Product', '2023-03-21 19:26:37', '2023-03-21 19:26:37'),
(310, 'products/e4367008c4c0c6f0d2913298353fb05e.png', 78, 'App\\Models\\Product', '2023-03-21 19:26:37', '2023-03-21 19:26:37'),
(311, 'products/cedbca94db523db6082e0f4c4bc77645.png', 78, 'App\\Models\\Product', '2023-03-21 19:26:37', '2023-03-21 19:26:37'),
(312, 'products/64397c2dad34aa82c289bdbea534abee.png', 78, 'App\\Models\\Product', '2023-03-21 19:26:37', '2023-03-21 19:26:37'),
(313, 'products/93e227f51754fe603dbd3fa60ac606c7.png', 79, 'App\\Models\\Product', '2023-03-21 19:26:39', '2023-03-21 19:26:39'),
(314, 'products/83c11168166ceb7d73244dc9496f5c96.png', 79, 'App\\Models\\Product', '2023-03-21 19:26:39', '2023-03-21 19:26:39'),
(315, 'products/bcb52574eaa9f8b7edaa4ba4e699f170.png', 79, 'App\\Models\\Product', '2023-03-21 19:26:39', '2023-03-21 19:26:39'),
(316, 'products/fbdb8011385f32f260987183f38d2cd8.png', 79, 'App\\Models\\Product', '2023-03-21 19:26:39', '2023-03-21 19:26:39'),
(317, 'products/03d7a2a6a1549a92acb1b2fc7e2fcb5a.png', 80, 'App\\Models\\Product', '2023-03-21 19:26:41', '2023-03-21 19:26:41'),
(318, 'products/4a577bc2e7f118d215bc9129eb935bb5.png', 80, 'App\\Models\\Product', '2023-03-21 19:26:41', '2023-03-21 19:26:41'),
(319, 'products/6f320e5c7947b2d2782aacde0d2c4bdd.png', 80, 'App\\Models\\Product', '2023-03-21 19:26:41', '2023-03-21 19:26:41'),
(320, 'products/fd6b019601d8b695ea5dad7ad48023db.png', 80, 'App\\Models\\Product', '2023-03-21 19:26:41', '2023-03-21 19:26:41'),
(321, 'products/f44b4dd532cafe1f4e9a19b88213de12.png', 81, 'App\\Models\\Product', '2023-03-21 19:26:43', '2023-03-21 19:26:43'),
(322, 'products/a174c918d5eec8f7e9d97d755530b101.png', 81, 'App\\Models\\Product', '2023-03-21 19:26:43', '2023-03-21 19:26:43'),
(323, 'products/15eb264ecbaa13ed5816d6cd913be13a.png', 81, 'App\\Models\\Product', '2023-03-21 19:26:43', '2023-03-21 19:26:43'),
(324, 'products/0dfc29d7c163b72eb7fd1e62120892c7.png', 81, 'App\\Models\\Product', '2023-03-21 19:26:43', '2023-03-21 19:26:43'),
(325, 'products/ff70e5a5c75a2da015dca9366ab60eb9.png', 82, 'App\\Models\\Product', '2023-03-21 19:26:45', '2023-03-21 19:26:45'),
(326, 'products/472c461df7d8116ffebdffbe4abdd7c9.png', 82, 'App\\Models\\Product', '2023-03-21 19:26:45', '2023-03-21 19:26:45'),
(327, 'products/f7460572b26ad539528b625875873a2d.png', 82, 'App\\Models\\Product', '2023-03-21 19:26:45', '2023-03-21 19:26:45'),
(328, 'products/fd41f482d2d45adb6028322271d85087.png', 82, 'App\\Models\\Product', '2023-03-21 19:26:45', '2023-03-21 19:26:45'),
(329, 'products/52a7ee9edd993969501854c681a4e129.png', 83, 'App\\Models\\Product', '2023-03-21 19:26:46', '2023-03-21 19:26:46'),
(330, 'products/806aa32e08d0a7a4e6cee377f2947a18.png', 83, 'App\\Models\\Product', '2023-03-21 19:26:46', '2023-03-21 19:26:46'),
(331, 'products/09d034fd035729e61c9dbabb756c1140.png', 83, 'App\\Models\\Product', '2023-03-21 19:26:46', '2023-03-21 19:26:46'),
(332, 'products/c4b65e54fb1ebcfe718215db269e06d1.png', 83, 'App\\Models\\Product', '2023-03-21 19:26:46', '2023-03-21 19:26:46'),
(333, 'products/a47c387359d337641105851415a0dd3c.png', 84, 'App\\Models\\Product', '2023-03-21 19:26:49', '2023-03-21 19:26:49'),
(334, 'products/82870ae9c5163114e97be04614ca6491.png', 84, 'App\\Models\\Product', '2023-03-21 19:26:49', '2023-03-21 19:26:49'),
(335, 'products/28db50318d87a9a32b6c23cbd9d8db36.png', 84, 'App\\Models\\Product', '2023-03-21 19:26:49', '2023-03-21 19:26:49'),
(336, 'products/a53e8f80b76e16e83c378c1ae328de28.png', 84, 'App\\Models\\Product', '2023-03-21 19:26:49', '2023-03-21 19:26:49'),
(337, 'products/2cc408bb9b7ce3ee79e7e26ac3bfa586.png', 85, 'App\\Models\\Product', '2023-03-21 19:26:52', '2023-03-21 19:26:52'),
(338, 'products/f92305ffcf1835f3446fadb719f292d0.png', 85, 'App\\Models\\Product', '2023-03-21 19:26:52', '2023-03-21 19:26:52'),
(339, 'products/348af1130bf344a8b9b4656a13ad4a0a.png', 85, 'App\\Models\\Product', '2023-03-21 19:26:52', '2023-03-21 19:26:52'),
(340, 'products/2e51eb8abd56abf3d600c4ca9b13f73a.png', 85, 'App\\Models\\Product', '2023-03-21 19:26:52', '2023-03-21 19:26:52'),
(341, 'products/81ce077cee654631ee7d8d22aa66980c.png', 86, 'App\\Models\\Product', '2023-03-21 19:26:55', '2023-03-21 19:26:55'),
(342, 'products/e200423054bfedaf5b2f5cf87d51f576.png', 86, 'App\\Models\\Product', '2023-03-21 19:26:55', '2023-03-21 19:26:55'),
(343, 'products/19b0f8c0b006e51cd840a480a531ca4e.png', 86, 'App\\Models\\Product', '2023-03-21 19:26:55', '2023-03-21 19:26:55'),
(344, 'products/3798bf5b44c487371996e33138a342a8.png', 86, 'App\\Models\\Product', '2023-03-21 19:26:55', '2023-03-21 19:26:55'),
(345, 'products/7583c16aea76ec93cb08db02709796bf.png', 87, 'App\\Models\\Product', '2023-03-21 19:26:57', '2023-03-21 19:26:57'),
(346, 'products/979a2bbce27832270057801aa070df64.png', 87, 'App\\Models\\Product', '2023-03-21 19:26:57', '2023-03-21 19:26:57'),
(347, 'products/3a800d199d0750c902d958c87395c864.png', 87, 'App\\Models\\Product', '2023-03-21 19:26:57', '2023-03-21 19:26:57'),
(348, 'products/1209266d8e48ceb4502ba661fd0097e3.png', 87, 'App\\Models\\Product', '2023-03-21 19:26:57', '2023-03-21 19:26:57'),
(349, 'products/7af0240f59a7b1c974727a2731891bd0.png', 88, 'App\\Models\\Product', '2023-03-21 19:26:59', '2023-03-21 19:26:59'),
(350, 'products/d5e01d986ac482dab0d92426269f427a.png', 88, 'App\\Models\\Product', '2023-03-21 19:26:59', '2023-03-21 19:26:59'),
(351, 'products/0a92b028af417030b31081a5c73ed9da.png', 88, 'App\\Models\\Product', '2023-03-21 19:26:59', '2023-03-21 19:26:59'),
(352, 'products/27ba2210f680be6f15509f976b811b63.png', 88, 'App\\Models\\Product', '2023-03-21 19:26:59', '2023-03-21 19:26:59'),
(353, 'products/1c8b3de6281d540c149db9adade99dba.png', 89, 'App\\Models\\Product', '2023-03-21 19:27:01', '2023-03-21 19:27:01'),
(354, 'products/90161769d52159ef52b484f407b7b9a9.png', 89, 'App\\Models\\Product', '2023-03-21 19:27:01', '2023-03-21 19:27:01'),
(355, 'products/4c98bdc47e20edcf332f6121a762a16f.png', 89, 'App\\Models\\Product', '2023-03-21 19:27:01', '2023-03-21 19:27:01'),
(356, 'products/82ce29d1a2fc76a56da9312ebaccdac2.png', 89, 'App\\Models\\Product', '2023-03-21 19:27:01', '2023-03-21 19:27:01'),
(357, 'products/eccdf4c3b6107ba44e120978e821275d.png', 90, 'App\\Models\\Product', '2023-03-21 19:27:03', '2023-03-21 19:27:03'),
(358, 'products/780c1f7d49c05431b005c934797aa170.png', 90, 'App\\Models\\Product', '2023-03-21 19:27:03', '2023-03-21 19:27:03'),
(359, 'products/343275aa3905cbdd39ef79a88614dfbc.png', 90, 'App\\Models\\Product', '2023-03-21 19:27:03', '2023-03-21 19:27:03'),
(360, 'products/8e148d302a2cf64ffafc7df8536f4b22.png', 90, 'App\\Models\\Product', '2023-03-21 19:27:03', '2023-03-21 19:27:03'),
(361, 'products/c899fb4da7db2fa4827a5d9d05436e12.png', 91, 'App\\Models\\Product', '2023-03-21 19:27:05', '2023-03-21 19:27:05'),
(362, 'products/62f15f9905713ff3fe541b23b41e07ab.png', 91, 'App\\Models\\Product', '2023-03-21 19:27:05', '2023-03-21 19:27:05'),
(363, 'products/a4fb0e867b9c747ea2456a48f47dcbd3.png', 91, 'App\\Models\\Product', '2023-03-21 19:27:05', '2023-03-21 19:27:05'),
(364, 'products/659acb520af3c721afade82e2039157e.png', 91, 'App\\Models\\Product', '2023-03-21 19:27:05', '2023-03-21 19:27:05'),
(365, 'products/07f4d426f7206eee5ab4bb5cba9985fb.png', 92, 'App\\Models\\Product', '2023-03-21 19:27:07', '2023-03-21 19:27:07'),
(366, 'products/2eecb685887c37c72c2bf448c58657e6.png', 92, 'App\\Models\\Product', '2023-03-21 19:27:07', '2023-03-21 19:27:07'),
(367, 'products/8f28c232472902e190a07621a80cf883.png', 92, 'App\\Models\\Product', '2023-03-21 19:27:07', '2023-03-21 19:27:07'),
(368, 'products/af59bca5d8aaa45dd9e0ab3c12d70faa.png', 92, 'App\\Models\\Product', '2023-03-21 19:27:07', '2023-03-21 19:27:07'),
(369, 'products/8d20b76a99138d2378eadd4f8a8b3052.png', 93, 'App\\Models\\Product', '2023-03-21 19:27:08', '2023-03-21 19:27:08'),
(370, 'products/8a745c561483ab89fd6c76d9bee4fee7.png', 93, 'App\\Models\\Product', '2023-03-21 19:27:08', '2023-03-21 19:27:08'),
(371, 'products/b858b7f7e79556f7da579107a0effa5a.png', 93, 'App\\Models\\Product', '2023-03-21 19:27:08', '2023-03-21 19:27:08'),
(372, 'products/d980ef0f3f94ff8f535cfdda94a53386.png', 93, 'App\\Models\\Product', '2023-03-21 19:27:08', '2023-03-21 19:27:08'),
(373, 'products/828b09148d1bbb93a3b93e4fcc575819.png', 94, 'App\\Models\\Product', '2023-03-21 19:27:10', '2023-03-21 19:27:10'),
(374, 'products/8c167d3e1e3830bb8709de0aeffd751b.png', 94, 'App\\Models\\Product', '2023-03-21 19:27:10', '2023-03-21 19:27:10'),
(375, 'products/3018ef87a1d6ecdce44ed8fff34f9d00.png', 94, 'App\\Models\\Product', '2023-03-21 19:27:10', '2023-03-21 19:27:10'),
(376, 'products/972920a9a293d5ce10bf78e42b7b6bff.png', 94, 'App\\Models\\Product', '2023-03-21 19:27:10', '2023-03-21 19:27:10'),
(377, 'products/26483d89a01243761551f755208ea0e5.png', 95, 'App\\Models\\Product', '2023-03-21 19:27:12', '2023-03-21 19:27:12'),
(378, 'products/9136cc682a49c46f402997d7fd9ee655.png', 95, 'App\\Models\\Product', '2023-03-21 19:27:12', '2023-03-21 19:27:12'),
(379, 'products/54e8db8513aaba35d054c163235de5e3.png', 95, 'App\\Models\\Product', '2023-03-21 19:27:12', '2023-03-21 19:27:12'),
(380, 'products/fd0021657ff9d3c0459091ce9c9de88a.png', 95, 'App\\Models\\Product', '2023-03-21 19:27:12', '2023-03-21 19:27:12'),
(381, 'products/72e28279f91fb4998ac759024e0215f2.png', 96, 'App\\Models\\Product', '2023-03-21 19:27:14', '2023-03-21 19:27:14'),
(382, 'products/2aa65a7be5f6f99ecc321cd5d9073d97.png', 96, 'App\\Models\\Product', '2023-03-21 19:27:14', '2023-03-21 19:27:14'),
(383, 'products/15ac8b5c7508eef852c9e687ecf38763.png', 96, 'App\\Models\\Product', '2023-03-21 19:27:14', '2023-03-21 19:27:14'),
(384, 'products/d5d7f760abdfc6bfa9ef67430041aa1a.png', 96, 'App\\Models\\Product', '2023-03-21 19:27:14', '2023-03-21 19:27:14'),
(385, 'products/fa5307820218d933f5df34167b5a81d6.png', 97, 'App\\Models\\Product', '2023-03-21 19:27:16', '2023-03-21 19:27:16'),
(386, 'products/ffdd0138d78b31b83de861bd5a55ba4c.png', 97, 'App\\Models\\Product', '2023-03-21 19:27:16', '2023-03-21 19:27:16'),
(387, 'products/1e2699fd5c4865ab0068d11a2a548377.png', 97, 'App\\Models\\Product', '2023-03-21 19:27:16', '2023-03-21 19:27:16'),
(388, 'products/e9b04ee911a1847997ca033162ff8455.png', 97, 'App\\Models\\Product', '2023-03-21 19:27:16', '2023-03-21 19:27:16'),
(389, 'products/562d8b66d3f83f682db35f76dfdef3e1.png', 98, 'App\\Models\\Product', '2023-03-21 19:27:18', '2023-03-21 19:27:18'),
(390, 'products/e9381cda84a6a9d945d29e1570d75a3d.png', 98, 'App\\Models\\Product', '2023-03-21 19:27:18', '2023-03-21 19:27:18');
INSERT INTO `images` (`id`, `url`, `imageable_id`, `imageable_type`, `created_at`, `updated_at`) VALUES
(391, 'products/98740a180ca79ad8a1efb471698d1a13.png', 98, 'App\\Models\\Product', '2023-03-21 19:27:18', '2023-03-21 19:27:18'),
(392, 'products/fe75f72266e2391f0c8acdf598014f7c.png', 98, 'App\\Models\\Product', '2023-03-21 19:27:18', '2023-03-21 19:27:18'),
(393, 'products/5ceefacbb370bf9033ab3fd6cb5898f2.png', 99, 'App\\Models\\Product', '2023-03-21 19:27:20', '2023-03-21 19:27:20'),
(394, 'products/c018bc7e7e247d240ac00647d9098f39.png', 99, 'App\\Models\\Product', '2023-03-21 19:27:20', '2023-03-21 19:27:20'),
(395, 'products/9060e714307b03f00d5f46ae80d321c8.png', 99, 'App\\Models\\Product', '2023-03-21 19:27:20', '2023-03-21 19:27:20'),
(396, 'products/abef6f9cbfdb2549a4f857237137d820.png', 99, 'App\\Models\\Product', '2023-03-21 19:27:20', '2023-03-21 19:27:20'),
(397, 'products/f3952daa46af9cef6069618af507bda5.png', 100, 'App\\Models\\Product', '2023-03-21 19:27:22', '2023-03-21 19:27:22'),
(398, 'products/2576550eff5328607865ae09d94cd30b.png', 100, 'App\\Models\\Product', '2023-03-21 19:27:22', '2023-03-21 19:27:22'),
(399, 'products/b6ba2c2ea78869740ce73d6c8a66fc31.png', 100, 'App\\Models\\Product', '2023-03-21 19:27:22', '2023-03-21 19:27:22'),
(400, 'products/ff83db77be7f13de3ddb9810796a65c0.png', 100, 'App\\Models\\Product', '2023-03-21 19:27:22', '2023-03-21 19:27:22'),
(401, 'products/3e708b3625a3778c678f2a80b2ebc47a.png', 101, 'App\\Models\\Product', '2023-03-21 19:27:24', '2023-03-21 19:27:24'),
(402, 'products/17c77e2f8091cbeb0125ea13450bb828.png', 101, 'App\\Models\\Product', '2023-03-21 19:27:24', '2023-03-21 19:27:24'),
(403, 'products/bf435f613385b7e7ffe7c98ea4825e44.png', 101, 'App\\Models\\Product', '2023-03-21 19:27:24', '2023-03-21 19:27:24'),
(404, 'products/3e5b4cc255b2f6b6afb3e082d89bff45.png', 101, 'App\\Models\\Product', '2023-03-21 19:27:24', '2023-03-21 19:27:24'),
(405, 'products/9a79151773ccc05a43744b035187acfb.png', 102, 'App\\Models\\Product', '2023-03-21 19:27:26', '2023-03-21 19:27:26'),
(406, 'products/ba0f48e49f942927926eb9e4a67e0af0.png', 102, 'App\\Models\\Product', '2023-03-21 19:27:26', '2023-03-21 19:27:26'),
(407, 'products/c91fdc1ea1193ed40f7931efc2978859.png', 102, 'App\\Models\\Product', '2023-03-21 19:27:26', '2023-03-21 19:27:26'),
(408, 'products/9298cb287f1b5d4e4be1b381614b50bf.png', 102, 'App\\Models\\Product', '2023-03-21 19:27:26', '2023-03-21 19:27:26'),
(409, 'products/8e5c6df9636ead4ab20d4ba692107a90.png', 103, 'App\\Models\\Product', '2023-03-21 19:27:28', '2023-03-21 19:27:28'),
(410, 'products/4c2ca619d51d5a6803dc6e8b0c23fa70.png', 103, 'App\\Models\\Product', '2023-03-21 19:27:28', '2023-03-21 19:27:28'),
(411, 'products/a8940282d48f96f29d7d2e9d506337f1.png', 103, 'App\\Models\\Product', '2023-03-21 19:27:28', '2023-03-21 19:27:28'),
(412, 'products/7f1ce4143a12ec5387de4ee34f568ecf.png', 103, 'App\\Models\\Product', '2023-03-21 19:27:28', '2023-03-21 19:27:28'),
(413, 'products/772f75a8d6c7729967b8668b0a4a9dfd.png', 104, 'App\\Models\\Product', '2023-03-21 19:27:30', '2023-03-21 19:27:30'),
(414, 'products/3375d2043561b46401b7c2c851f1a190.png', 104, 'App\\Models\\Product', '2023-03-21 19:27:30', '2023-03-21 19:27:30'),
(415, 'products/ae5d8fa4b533eed65d3a90a1dc218ba2.png', 104, 'App\\Models\\Product', '2023-03-21 19:27:30', '2023-03-21 19:27:30'),
(416, 'products/7969c043a9c3cc997cdf841ec336b078.png', 104, 'App\\Models\\Product', '2023-03-21 19:27:30', '2023-03-21 19:27:30'),
(417, 'products/4a7a0748e842daebb9d028f45fa3a446.png', 105, 'App\\Models\\Product', '2023-03-21 19:27:32', '2023-03-21 19:27:32'),
(418, 'products/fa6550aa5c7e24dcf89316ae43347891.png', 105, 'App\\Models\\Product', '2023-03-21 19:27:32', '2023-03-21 19:27:32'),
(419, 'products/f1e9dd0464a07abe8cdd505865d74510.png', 105, 'App\\Models\\Product', '2023-03-21 19:27:32', '2023-03-21 19:27:32'),
(420, 'products/9c7c854893f6c0d3f61cd59c0cfa1e6c.png', 105, 'App\\Models\\Product', '2023-03-21 19:27:32', '2023-03-21 19:27:32'),
(421, 'products/181e354b9a5666f4e0df3542061da13b.png', 106, 'App\\Models\\Product', '2023-03-21 19:27:34', '2023-03-21 19:27:34'),
(422, 'products/1316985aacbe1b9b41fc4932cada3da5.png', 106, 'App\\Models\\Product', '2023-03-21 19:27:34', '2023-03-21 19:27:34'),
(423, 'products/233933e31fe0cd388ed0c519f86c54c6.png', 106, 'App\\Models\\Product', '2023-03-21 19:27:34', '2023-03-21 19:27:34'),
(424, 'products/0c6ce04900179fb8741f45a94d2c00ba.png', 106, 'App\\Models\\Product', '2023-03-21 19:27:34', '2023-03-21 19:27:34'),
(425, 'products/0170866dcf6f9757290e4e5a60f8ff5e.png', 107, 'App\\Models\\Product', '2023-03-21 19:27:36', '2023-03-21 19:27:36'),
(426, 'products/44396c214ab44334ccc221016ce755cd.png', 107, 'App\\Models\\Product', '2023-03-21 19:27:36', '2023-03-21 19:27:36'),
(427, 'products/8ae3cb8b9fde551782d314bf7d61da69.png', 107, 'App\\Models\\Product', '2023-03-21 19:27:36', '2023-03-21 19:27:36'),
(428, 'products/b748a309737ff7e81a8bb08f8b59b921.png', 107, 'App\\Models\\Product', '2023-03-21 19:27:36', '2023-03-21 19:27:36'),
(429, 'products/f919d0611ff8f8036db91434b44dead7.png', 108, 'App\\Models\\Product', '2023-03-21 19:27:38', '2023-03-21 19:27:38'),
(430, 'products/a9292814da5e81a89307b709abdf4ea4.png', 108, 'App\\Models\\Product', '2023-03-21 19:27:38', '2023-03-21 19:27:38'),
(431, 'products/90ba9fa228d291a7fc64b98f34792890.png', 108, 'App\\Models\\Product', '2023-03-21 19:27:38', '2023-03-21 19:27:38'),
(432, 'products/845882d11f45bb5728abb822bdb29535.png', 108, 'App\\Models\\Product', '2023-03-21 19:27:38', '2023-03-21 19:27:38'),
(433, 'products/e9f8e4369cfcac2a5446d74952ee34c4.png', 109, 'App\\Models\\Product', '2023-03-21 19:27:40', '2023-03-21 19:27:40'),
(434, 'products/3dad266a22026fe6f1f8211c5d64f4b3.png', 109, 'App\\Models\\Product', '2023-03-21 19:27:40', '2023-03-21 19:27:40'),
(435, 'products/711c7ebce5e701cf6abdef3a00a6f61c.png', 109, 'App\\Models\\Product', '2023-03-21 19:27:40', '2023-03-21 19:27:40'),
(436, 'products/da5229cf872487cdb9b21831fcd9aa13.png', 109, 'App\\Models\\Product', '2023-03-21 19:27:40', '2023-03-21 19:27:40'),
(437, 'products/cb3f8c2f3f0cc4bad06f11e80e11fbdb.png', 110, 'App\\Models\\Product', '2023-03-21 19:27:42', '2023-03-21 19:27:42'),
(438, 'products/893c24a47bd924326dff5fe5286ac4be.png', 110, 'App\\Models\\Product', '2023-03-21 19:27:42', '2023-03-21 19:27:42'),
(439, 'products/84ca8114236e3af19952df78ba84ede2.png', 110, 'App\\Models\\Product', '2023-03-21 19:27:42', '2023-03-21 19:27:42'),
(440, 'products/c11f5095ab08f3afd777837d42700a57.png', 110, 'App\\Models\\Product', '2023-03-21 19:27:42', '2023-03-21 19:27:42'),
(441, 'products/3554e4ebb4863cc886b1ee3d97f8441f.png', 111, 'App\\Models\\Product', '2023-03-21 19:27:44', '2023-03-21 19:27:44'),
(442, 'products/71ef590af418294d28c0b74ee7e9e9d4.png', 111, 'App\\Models\\Product', '2023-03-21 19:27:44', '2023-03-21 19:27:44'),
(443, 'products/7b3a61a0ade86bfaf8c130d6a74c8c67.png', 111, 'App\\Models\\Product', '2023-03-21 19:27:44', '2023-03-21 19:27:44'),
(444, 'products/beb055d808ec1c16ec8fc6192f7efff6.png', 111, 'App\\Models\\Product', '2023-03-21 19:27:44', '2023-03-21 19:27:44'),
(445, 'products/9bec3c8807107f64e3cd4bb9667fda91.png', 112, 'App\\Models\\Product', '2023-03-21 19:27:46', '2023-03-21 19:27:46'),
(446, 'products/7feb3fae3806b778a3c6969d2cb41023.png', 112, 'App\\Models\\Product', '2023-03-21 19:27:46', '2023-03-21 19:27:46'),
(447, 'products/a5bbc7b39fedd1cd99d9758b99172058.png', 112, 'App\\Models\\Product', '2023-03-21 19:27:46', '2023-03-21 19:27:46'),
(448, 'products/8c11839ee0c503ee6de65b16fdf2ec54.png', 112, 'App\\Models\\Product', '2023-03-21 19:27:46', '2023-03-21 19:27:46'),
(449, 'products/443675784ef69363f565afa76a5a6c63.png', 113, 'App\\Models\\Product', '2023-03-21 19:27:47', '2023-03-21 19:27:47'),
(450, 'products/89b709a3a22643b4b7b158c0305c3e5f.png', 113, 'App\\Models\\Product', '2023-03-21 19:27:47', '2023-03-21 19:27:47'),
(451, 'products/4c00fbb7ae1756793d394af58a4855ac.png', 113, 'App\\Models\\Product', '2023-03-21 19:27:47', '2023-03-21 19:27:47'),
(452, 'products/ed8d0be0c02711f61e7fc2d33df3c469.png', 113, 'App\\Models\\Product', '2023-03-21 19:27:47', '2023-03-21 19:27:47'),
(453, 'products/6866d86d4acdea9a677563492342c2b1.png', 114, 'App\\Models\\Product', '2023-03-21 19:27:49', '2023-03-21 19:27:49'),
(454, 'products/06e382a6b531d50d844c210f060f22a7.png', 114, 'App\\Models\\Product', '2023-03-21 19:27:49', '2023-03-21 19:27:49'),
(455, 'products/cff565c43a0b16feafe2d5f9f075c849.png', 114, 'App\\Models\\Product', '2023-03-21 19:27:49', '2023-03-21 19:27:49'),
(456, 'products/96275d5cfbc930ca0bf7c56337baaf27.png', 114, 'App\\Models\\Product', '2023-03-21 19:27:49', '2023-03-21 19:27:49'),
(457, 'products/ccd21b876b2c126d7d07b69005025890.png', 115, 'App\\Models\\Product', '2023-03-21 19:27:51', '2023-03-21 19:27:51'),
(458, 'products/077e80a03b1ca36562f9bdc3a434cd22.png', 115, 'App\\Models\\Product', '2023-03-21 19:27:51', '2023-03-21 19:27:51'),
(459, 'products/43d464f1f622a8f8c33896a743302cfa.png', 115, 'App\\Models\\Product', '2023-03-21 19:27:51', '2023-03-21 19:27:51'),
(460, 'products/24a33f0aa7da6268af35bef4336a88a8.png', 115, 'App\\Models\\Product', '2023-03-21 19:27:51', '2023-03-21 19:27:51'),
(461, 'products/08a72355528aa96d629ad34e1952f110.png', 116, 'App\\Models\\Product', '2023-03-21 19:27:53', '2023-03-21 19:27:53'),
(462, 'products/82c04ce855de030af0efa48acb0905fe.png', 116, 'App\\Models\\Product', '2023-03-21 19:27:53', '2023-03-21 19:27:53'),
(463, 'products/8c4222e826ffe6ac1c62fdccba11012b.png', 116, 'App\\Models\\Product', '2023-03-21 19:27:53', '2023-03-21 19:27:53'),
(464, 'products/47a8b87f3659878930ee3ea52ff2ffb1.png', 116, 'App\\Models\\Product', '2023-03-21 19:27:53', '2023-03-21 19:27:53'),
(465, 'products/88aa0d02d8afdc81862ae347b6ce0fc8.png', 117, 'App\\Models\\Product', '2023-03-21 19:27:55', '2023-03-21 19:27:55'),
(466, 'products/0d0be350b392f3e63fe8bac9b722dd3c.png', 117, 'App\\Models\\Product', '2023-03-21 19:27:55', '2023-03-21 19:27:55'),
(467, 'products/9c6828e30d285a7b9afabec82288c290.png', 117, 'App\\Models\\Product', '2023-03-21 19:27:55', '2023-03-21 19:27:55'),
(468, 'products/3ce05b7056856f4ac04f2e59abe6ce28.png', 117, 'App\\Models\\Product', '2023-03-21 19:27:55', '2023-03-21 19:27:55'),
(469, 'products/40b493f28b065e6142317b2cad69c1d7.png', 118, 'App\\Models\\Product', '2023-03-21 19:27:57', '2023-03-21 19:27:57'),
(470, 'products/12b3615ed33ed78636dc97febe22cf36.png', 118, 'App\\Models\\Product', '2023-03-21 19:27:57', '2023-03-21 19:27:57'),
(471, 'products/39337eb7c549b87ab8cb89b2ee0a8aa3.png', 118, 'App\\Models\\Product', '2023-03-21 19:27:57', '2023-03-21 19:27:57'),
(472, 'products/1e38035afb735cce8faea2eab5f1efe9.png', 118, 'App\\Models\\Product', '2023-03-21 19:27:57', '2023-03-21 19:27:57'),
(473, 'products/2fbc37d913c75f9405e4fb2f2f8e7d6f.png', 119, 'App\\Models\\Product', '2023-03-21 19:27:59', '2023-03-21 19:27:59'),
(474, 'products/bcfe754038f4d6d0944398eae80ae242.png', 119, 'App\\Models\\Product', '2023-03-21 19:27:59', '2023-03-21 19:27:59'),
(475, 'products/1cb582328a1195004ce6c5110876e339.png', 119, 'App\\Models\\Product', '2023-03-21 19:27:59', '2023-03-21 19:27:59'),
(476, 'products/3c50466c9265ce220af183522379a5f2.png', 119, 'App\\Models\\Product', '2023-03-21 19:27:59', '2023-03-21 19:27:59'),
(477, 'products/7d51f7a90057eba9fdf1b09d46c3f67c.png', 120, 'App\\Models\\Product', '2023-03-21 19:28:01', '2023-03-21 19:28:01'),
(478, 'products/72802c1a0a1f071f58ac09506299e684.png', 120, 'App\\Models\\Product', '2023-03-21 19:28:01', '2023-03-21 19:28:01'),
(479, 'products/9a9a1c1eff51a7847252f65d57e45f83.png', 120, 'App\\Models\\Product', '2023-03-21 19:28:01', '2023-03-21 19:28:01'),
(480, 'products/290f6aa620d1d455239ef4c25a095cd0.png', 120, 'App\\Models\\Product', '2023-03-21 19:28:01', '2023-03-21 19:28:01'),
(481, 'products/d17fd3646815b880f9b0cbc679d82c0a.png', 121, 'App\\Models\\Product', '2023-03-21 19:28:03', '2023-03-21 19:28:03'),
(482, 'products/79eae29b5e4fc3d620d5a9b2cd88aca4.png', 121, 'App\\Models\\Product', '2023-03-21 19:28:03', '2023-03-21 19:28:03'),
(483, 'products/65b14efce8df108fefb18d64269670d3.png', 121, 'App\\Models\\Product', '2023-03-21 19:28:03', '2023-03-21 19:28:03'),
(484, 'products/205bf3756f449c6924c1cac7b741d9de.png', 121, 'App\\Models\\Product', '2023-03-21 19:28:03', '2023-03-21 19:28:03'),
(485, 'products/78738dbf23f9aa92d60f6dbad112f319.png', 122, 'App\\Models\\Product', '2023-03-21 19:28:05', '2023-03-21 19:28:05'),
(486, 'products/0c5bbd3df8f863538b9470cadec813b7.png', 122, 'App\\Models\\Product', '2023-03-21 19:28:05', '2023-03-21 19:28:05'),
(487, 'products/b6a5ae01c4ff9158a910585a0597c2ce.png', 122, 'App\\Models\\Product', '2023-03-21 19:28:05', '2023-03-21 19:28:05'),
(488, 'products/8d1f20a9bc648760bf44b6a6407ac70e.png', 122, 'App\\Models\\Product', '2023-03-21 19:28:05', '2023-03-21 19:28:05'),
(489, 'products/1f04d55204e86f3c826aa0b31eb0624a.png', 123, 'App\\Models\\Product', '2023-03-21 19:28:07', '2023-03-21 19:28:07'),
(490, 'products/3716b535eddb4acf5b73c3246acf28ef.png', 123, 'App\\Models\\Product', '2023-03-21 19:28:07', '2023-03-21 19:28:07'),
(491, 'products/cfb49890c7526905bebc5bee4e01af4c.png', 123, 'App\\Models\\Product', '2023-03-21 19:28:07', '2023-03-21 19:28:07'),
(492, 'products/ddf08fca50d03f19af2517a23925b71e.png', 123, 'App\\Models\\Product', '2023-03-21 19:28:07', '2023-03-21 19:28:07'),
(493, 'products/7299a8a144bf5f705f9a4ca968e8de52.png', 124, 'App\\Models\\Product', '2023-03-21 19:28:09', '2023-03-21 19:28:09'),
(494, 'products/8d9b1d3e52bbd7a7865f2429a34ea89a.png', 124, 'App\\Models\\Product', '2023-03-21 19:28:09', '2023-03-21 19:28:09'),
(495, 'products/09a8aacf34b954977331023f1c4ef266.png', 124, 'App\\Models\\Product', '2023-03-21 19:28:09', '2023-03-21 19:28:09'),
(496, 'products/0df0f98d8e03885f568eff8709ae6a7f.png', 124, 'App\\Models\\Product', '2023-03-21 19:28:09', '2023-03-21 19:28:09'),
(497, 'products/9bcfa4a74f7455766f34256c56e18584.png', 125, 'App\\Models\\Product', '2023-03-21 19:28:11', '2023-03-21 19:28:11'),
(498, 'products/3765ad63ac525c47d4d17df601bcbf62.png', 125, 'App\\Models\\Product', '2023-03-21 19:28:11', '2023-03-21 19:28:11'),
(499, 'products/2ba4fa786319867ab8ea9d7b64d9a4c6.png', 125, 'App\\Models\\Product', '2023-03-21 19:28:11', '2023-03-21 19:28:11'),
(500, 'products/5f1cedb0237384213236347086d10df4.png', 125, 'App\\Models\\Product', '2023-03-21 19:28:11', '2023-03-21 19:28:11'),
(501, 'products/cb6edb28445f75edcdb5ada422f6d79f.png', 126, 'App\\Models\\Product', '2023-03-21 19:28:12', '2023-03-21 19:28:12'),
(502, 'products/89707ed992d8bfc8eb241d21491234e9.png', 126, 'App\\Models\\Product', '2023-03-21 19:28:12', '2023-03-21 19:28:12'),
(503, 'products/dc311db3e1e10d7f61c64f1f78eef2ad.png', 126, 'App\\Models\\Product', '2023-03-21 19:28:12', '2023-03-21 19:28:12'),
(504, 'products/958e95cc1f97617409c49ed0701fbe4f.png', 126, 'App\\Models\\Product', '2023-03-21 19:28:12', '2023-03-21 19:28:12'),
(505, 'products/d264ba63c1addcab77f9a778c3962854.png', 127, 'App\\Models\\Product', '2023-03-21 19:28:14', '2023-03-21 19:28:14'),
(506, 'products/ee0b07e01c4121cb8cd3d2dcf6b55bc7.png', 127, 'App\\Models\\Product', '2023-03-21 19:28:14', '2023-03-21 19:28:14'),
(507, 'products/43a81212360d772120ca4e0e79ca4e64.png', 127, 'App\\Models\\Product', '2023-03-21 19:28:14', '2023-03-21 19:28:14'),
(508, 'products/45cfffb7d7dedabc2ff85dd7ae21ca69.png', 127, 'App\\Models\\Product', '2023-03-21 19:28:14', '2023-03-21 19:28:14'),
(509, 'products/7729a97f694887f4397edc0decd9e5eb.png', 128, 'App\\Models\\Product', '2023-03-21 19:28:16', '2023-03-21 19:28:16'),
(510, 'products/c126c63ba566961e116db75c1f9dd0f0.png', 128, 'App\\Models\\Product', '2023-03-21 19:28:16', '2023-03-21 19:28:16'),
(511, 'products/2f98653b5dd0f60575a3cda8fd3e116d.png', 128, 'App\\Models\\Product', '2023-03-21 19:28:16', '2023-03-21 19:28:16'),
(512, 'products/3e620b20055ec3392ae21d977305897d.png', 128, 'App\\Models\\Product', '2023-03-21 19:28:16', '2023-03-21 19:28:16'),
(513, 'products/905fbcdb71f7fdc07f5f29499c0fdb33.png', 129, 'App\\Models\\Product', '2023-03-21 19:28:18', '2023-03-21 19:28:18'),
(514, 'products/9ce01b3e74c10ea2630680dd2abbf373.png', 129, 'App\\Models\\Product', '2023-03-21 19:28:18', '2023-03-21 19:28:18'),
(515, 'products/e5dd2a7fd64887805e6f44cafa17bb29.png', 129, 'App\\Models\\Product', '2023-03-21 19:28:18', '2023-03-21 19:28:18'),
(516, 'products/e6b7190bb6395a48f8eba0dc949754fb.png', 129, 'App\\Models\\Product', '2023-03-21 19:28:18', '2023-03-21 19:28:18'),
(517, 'products/6cd82b37c576092912bc73c3b4038939.png', 130, 'App\\Models\\Product', '2023-03-21 19:28:20', '2023-03-21 19:28:20'),
(518, 'products/378446404193cfe787d3c0f13970a82b.png', 130, 'App\\Models\\Product', '2023-03-21 19:28:20', '2023-03-21 19:28:20'),
(519, 'products/a0b486dd2a7b71b1b78fdc80f876f177.png', 130, 'App\\Models\\Product', '2023-03-21 19:28:20', '2023-03-21 19:28:20'),
(520, 'products/0d296c6eae3c0e42d41db12b2e25b683.png', 130, 'App\\Models\\Product', '2023-03-21 19:28:20', '2023-03-21 19:28:20'),
(521, 'products/f35d5422a4e521321d2144aee0227e9b.png', 131, 'App\\Models\\Product', '2023-03-21 19:28:22', '2023-03-21 19:28:22'),
(522, 'products/2b3f4da23942e0e0b68312cf28a46e7b.png', 131, 'App\\Models\\Product', '2023-03-21 19:28:22', '2023-03-21 19:28:22'),
(523, 'products/c2e90743f36205bde3892b3d092a687b.png', 131, 'App\\Models\\Product', '2023-03-21 19:28:22', '2023-03-21 19:28:22'),
(524, 'products/a15f86c8c185dc858f1f87134e0ec466.png', 131, 'App\\Models\\Product', '2023-03-21 19:28:22', '2023-03-21 19:28:22'),
(525, 'products/a24466ff3d719bce47f3d0fec37b854c.png', 132, 'App\\Models\\Product', '2023-03-21 19:28:24', '2023-03-21 19:28:24'),
(526, 'products/0a741ee70b810cc130cedadb7c85176d.png', 132, 'App\\Models\\Product', '2023-03-21 19:28:24', '2023-03-21 19:28:24'),
(527, 'products/6c5d11f14250a0090d8790c606d7a99d.png', 132, 'App\\Models\\Product', '2023-03-21 19:28:24', '2023-03-21 19:28:24'),
(528, 'products/ed162df0abedeff90313935b50e0343a.png', 132, 'App\\Models\\Product', '2023-03-21 19:28:24', '2023-03-21 19:28:24'),
(529, 'products/0577578f423f31be5d5636db5b31a5f0.png', 133, 'App\\Models\\Product', '2023-03-21 19:28:26', '2023-03-21 19:28:26'),
(530, 'products/bb8f80f269a907ce0638958c8c18de44.png', 133, 'App\\Models\\Product', '2023-03-21 19:28:26', '2023-03-21 19:28:26'),
(531, 'products/b572a9d93bb09047bf2ca0dace3018f5.png', 133, 'App\\Models\\Product', '2023-03-21 19:28:26', '2023-03-21 19:28:26'),
(532, 'products/cb4785bbd7edf82239f27875bb6a8e63.png', 133, 'App\\Models\\Product', '2023-03-21 19:28:26', '2023-03-21 19:28:26'),
(533, 'products/f7edcb5066882aed28e17d64d6c6a20d.png', 134, 'App\\Models\\Product', '2023-03-21 19:28:27', '2023-03-21 19:28:27'),
(534, 'products/77292bf8b81ca0960014a1d60c6ece29.png', 134, 'App\\Models\\Product', '2023-03-21 19:28:27', '2023-03-21 19:28:27'),
(535, 'products/3d23d4f16601147c93ab97a1cba16b64.png', 134, 'App\\Models\\Product', '2023-03-21 19:28:27', '2023-03-21 19:28:27'),
(536, 'products/a2f45dc932101efdae910ae8e75c804f.png', 134, 'App\\Models\\Product', '2023-03-21 19:28:27', '2023-03-21 19:28:27'),
(537, 'products/066ae92f655081c52b6f6dc887538238.png', 135, 'App\\Models\\Product', '2023-03-21 19:28:29', '2023-03-21 19:28:29'),
(538, 'products/e7d5c3f1836ee00c9b22902ba4eee9ab.png', 135, 'App\\Models\\Product', '2023-03-21 19:28:29', '2023-03-21 19:28:29'),
(539, 'products/dafa73bea5261e15ceff7df547dc62eb.png', 135, 'App\\Models\\Product', '2023-03-21 19:28:29', '2023-03-21 19:28:29'),
(540, 'products/7c54e13d373dac3d45a3ec6030f04171.png', 135, 'App\\Models\\Product', '2023-03-21 19:28:29', '2023-03-21 19:28:29'),
(541, 'products/22425779fdbb7e9810c43851a91e4c72.png', 136, 'App\\Models\\Product', '2023-03-21 19:28:31', '2023-03-21 19:28:31'),
(542, 'products/37a555f46912f418ba9b971f3b473040.png', 136, 'App\\Models\\Product', '2023-03-21 19:28:31', '2023-03-21 19:28:31'),
(543, 'products/41ffdef9f8c3a94ca3cd6cd852f0db5f.png', 136, 'App\\Models\\Product', '2023-03-21 19:28:31', '2023-03-21 19:28:31'),
(544, 'products/f55a353b773d7c6ca1bc9a5bdaa80244.png', 136, 'App\\Models\\Product', '2023-03-21 19:28:31', '2023-03-21 19:28:31'),
(545, 'products/9c26ceece5fcdae67e2e16dc7f93ab9d.png', 137, 'App\\Models\\Product', '2023-03-21 19:28:33', '2023-03-21 19:28:33'),
(546, 'products/604f86c358be5768b4bce6f79d8967f2.png', 137, 'App\\Models\\Product', '2023-03-21 19:28:33', '2023-03-21 19:28:33'),
(547, 'products/aec81f3e0cbcbfbfecd4aa814ba7fd02.png', 137, 'App\\Models\\Product', '2023-03-21 19:28:33', '2023-03-21 19:28:33'),
(548, 'products/4bb87825d445d48cdd079f125bae4ff7.png', 137, 'App\\Models\\Product', '2023-03-21 19:28:33', '2023-03-21 19:28:33'),
(549, 'products/5fa61fca4dc68a573b3360d75be6cc5c.png', 138, 'App\\Models\\Product', '2023-03-21 19:28:35', '2023-03-21 19:28:35'),
(550, 'products/1cf0f8df201f3f5999eb4fa97160f647.png', 138, 'App\\Models\\Product', '2023-03-21 19:28:35', '2023-03-21 19:28:35'),
(551, 'products/15e439a14089687025dbbe8d3c4e4661.png', 138, 'App\\Models\\Product', '2023-03-21 19:28:35', '2023-03-21 19:28:35'),
(552, 'products/67be7d228c1d917c75fce00621769f22.png', 138, 'App\\Models\\Product', '2023-03-21 19:28:35', '2023-03-21 19:28:35'),
(553, 'products/d211434cd9e5cfb941e32b988dbbb9a7.png', 139, 'App\\Models\\Product', '2023-03-21 19:28:37', '2023-03-21 19:28:37'),
(554, 'products/516455dabecd675cea783d456cbec3b6.png', 139, 'App\\Models\\Product', '2023-03-21 19:28:37', '2023-03-21 19:28:37'),
(555, 'products/377985184db62703f7988dd7d0067af8.png', 139, 'App\\Models\\Product', '2023-03-21 19:28:37', '2023-03-21 19:28:37'),
(556, 'products/1428621a557a063709ffbbc5ca789b3a.png', 139, 'App\\Models\\Product', '2023-03-21 19:28:37', '2023-03-21 19:28:37'),
(557, 'products/99196ea60a61acefde5eb9477389a1f5.png', 140, 'App\\Models\\Product', '2023-03-21 19:28:39', '2023-03-21 19:28:39'),
(558, 'products/8f836c950dabead88be22926e20e8acc.png', 140, 'App\\Models\\Product', '2023-03-21 19:28:39', '2023-03-21 19:28:39'),
(559, 'products/47585dd575863da65319cbf049e9ad42.png', 140, 'App\\Models\\Product', '2023-03-21 19:28:39', '2023-03-21 19:28:39'),
(560, 'products/91fe14023ed4ead09ea2597d44c6d2bb.png', 140, 'App\\Models\\Product', '2023-03-21 19:28:39', '2023-03-21 19:28:39'),
(561, 'products/83030d777a2f5cadc5281f22431d2432.png', 141, 'App\\Models\\Product', '2023-03-21 19:28:41', '2023-03-21 19:28:41'),
(562, 'products/0f1406b74a508b212bc8b8fc5ab60818.png', 141, 'App\\Models\\Product', '2023-03-21 19:28:41', '2023-03-21 19:28:41'),
(563, 'products/a40233a6c1d3415cf34bcb447d6e2cb1.png', 141, 'App\\Models\\Product', '2023-03-21 19:28:42', '2023-03-21 19:28:42'),
(564, 'products/2b3f80ce73840b25e7f3e37816787a99.png', 141, 'App\\Models\\Product', '2023-03-21 19:28:42', '2023-03-21 19:28:42'),
(565, 'products/5696fd542fcb58cd41c6e7cd415ba1f9.png', 142, 'App\\Models\\Product', '2023-03-21 19:28:43', '2023-03-21 19:28:43'),
(566, 'products/cca19158da9cad54ede83a3f1a587f5b.png', 142, 'App\\Models\\Product', '2023-03-21 19:28:43', '2023-03-21 19:28:43'),
(567, 'products/e8c5c84f5875bd78a1ae8000262668a2.png', 142, 'App\\Models\\Product', '2023-03-21 19:28:43', '2023-03-21 19:28:43'),
(568, 'products/83080cb4a1738906ce0ef352c9c3b7e5.png', 142, 'App\\Models\\Product', '2023-03-21 19:28:43', '2023-03-21 19:28:43'),
(569, 'products/15df27993833acd2ba18557024b38d0f.png', 143, 'App\\Models\\Product', '2023-03-21 19:28:45', '2023-03-21 19:28:45'),
(570, 'products/9bec105b665c288b582ded5a5b2acf93.png', 143, 'App\\Models\\Product', '2023-03-21 19:28:45', '2023-03-21 19:28:45'),
(571, 'products/07e7a383359baca0e87f8c43dbf6e1b0.png', 143, 'App\\Models\\Product', '2023-03-21 19:28:45', '2023-03-21 19:28:45'),
(572, 'products/057148b087279969fd94476caf24d8ab.png', 143, 'App\\Models\\Product', '2023-03-21 19:28:45', '2023-03-21 19:28:45'),
(573, 'products/1dfc10de810119cb128b653acba52055.png', 144, 'App\\Models\\Product', '2023-03-21 19:28:47', '2023-03-21 19:28:47'),
(574, 'products/6a1456ef3b5214eb02aebfc520d0ae32.png', 144, 'App\\Models\\Product', '2023-03-21 19:28:47', '2023-03-21 19:28:47'),
(575, 'products/ec58194b6bde4d4a50c84fb91b57431d.png', 144, 'App\\Models\\Product', '2023-03-21 19:28:47', '2023-03-21 19:28:47'),
(576, 'products/32cb04230d1948d1d009df91de479e2a.png', 144, 'App\\Models\\Product', '2023-03-21 19:28:47', '2023-03-21 19:28:47'),
(577, 'products/b19088c3dae3b7c8d511c6e470f430da.png', 145, 'App\\Models\\Product', '2023-03-21 19:28:49', '2023-03-21 19:28:49'),
(578, 'products/4ac3f8b2c6c57970f828c63c7f2d7392.png', 145, 'App\\Models\\Product', '2023-03-21 19:28:49', '2023-03-21 19:28:49'),
(579, 'products/e3cfaaaca2a9af98d30f295940c2cd44.png', 145, 'App\\Models\\Product', '2023-03-21 19:28:49', '2023-03-21 19:28:49'),
(580, 'products/35902ad5eda6a67f36c08c5ac877b270.png', 145, 'App\\Models\\Product', '2023-03-21 19:28:49', '2023-03-21 19:28:49'),
(581, 'products/8c2f092860a9071b1c69413a98eb9b62.png', 146, 'App\\Models\\Product', '2023-03-21 19:28:51', '2023-03-21 19:28:51'),
(582, 'products/fb3edbed0bdf9f2b865a6979c1571e00.png', 146, 'App\\Models\\Product', '2023-03-21 19:28:51', '2023-03-21 19:28:51'),
(583, 'products/31a3f8e101a6ac10d3bea726fd8ceb3d.png', 146, 'App\\Models\\Product', '2023-03-21 19:28:51', '2023-03-21 19:28:51'),
(584, 'products/498c5fd70d445e6f9ee884fc21eb5f1d.png', 146, 'App\\Models\\Product', '2023-03-21 19:28:51', '2023-03-21 19:28:51'),
(585, 'products/ed7ac97a875142b212f27f26864140da.png', 147, 'App\\Models\\Product', '2023-03-21 19:28:53', '2023-03-21 19:28:53'),
(586, 'products/a3cb94980c930ba32f82d78c22d216a4.png', 147, 'App\\Models\\Product', '2023-03-21 19:28:53', '2023-03-21 19:28:53'),
(587, 'products/4de50d5cbe0b220ea879ef3e57da6c12.png', 147, 'App\\Models\\Product', '2023-03-21 19:28:53', '2023-03-21 19:28:53'),
(588, 'products/0d870184e8cbfa6bed8b10809d8c2530.png', 147, 'App\\Models\\Product', '2023-03-21 19:28:53', '2023-03-21 19:28:53'),
(589, 'products/042b33440d5dad5e5a99999fcb9f26f2.png', 148, 'App\\Models\\Product', '2023-03-21 19:28:55', '2023-03-21 19:28:55'),
(590, 'products/3873ae3d658f8aeb8cf0b907fc253f47.png', 148, 'App\\Models\\Product', '2023-03-21 19:28:55', '2023-03-21 19:28:55'),
(591, 'products/60ba23af4111ace5d20fe02ea03a8b27.png', 148, 'App\\Models\\Product', '2023-03-21 19:28:55', '2023-03-21 19:28:55'),
(592, 'products/64d3a60480c4e15deba96296899f11ab.png', 148, 'App\\Models\\Product', '2023-03-21 19:28:55', '2023-03-21 19:28:55'),
(593, 'products/0feaac7577c235cdd0b51f2dc33bce81.png', 149, 'App\\Models\\Product', '2023-03-21 19:28:57', '2023-03-21 19:28:57'),
(594, 'products/01bb13ce9aea664fba25c8b0f36189cb.png', 149, 'App\\Models\\Product', '2023-03-21 19:28:57', '2023-03-21 19:28:57'),
(595, 'products/67cd1a22decb11264542d393a4ff20c5.png', 149, 'App\\Models\\Product', '2023-03-21 19:28:57', '2023-03-21 19:28:57'),
(596, 'products/d30c4ff018746f8ceb9f8e92f42511d2.png', 149, 'App\\Models\\Product', '2023-03-21 19:28:57', '2023-03-21 19:28:57'),
(597, 'products/127f8163add41267ad6eef07cfd63840.png', 150, 'App\\Models\\Product', '2023-03-21 19:28:58', '2023-03-21 19:28:58'),
(598, 'products/73300acbcca576929d5b3a0aa27ec395.png', 150, 'App\\Models\\Product', '2023-03-21 19:28:58', '2023-03-21 19:28:58'),
(599, 'products/85b7c8e57563816c881bb433682dad75.png', 150, 'App\\Models\\Product', '2023-03-21 19:28:58', '2023-03-21 19:28:58'),
(600, 'products/65e9062ade8aa000fdd94ed0a091cb16.png', 150, 'App\\Models\\Product', '2023-03-21 19:28:58', '2023-03-21 19:28:58'),
(601, 'products/d6da2239af2818b08dc3f42fc381663a.png', 151, 'App\\Models\\Product', '2023-03-21 19:29:00', '2023-03-21 19:29:00'),
(602, 'products/e8c2caf2a5bb97691e60b70b48eb754e.png', 151, 'App\\Models\\Product', '2023-03-21 19:29:00', '2023-03-21 19:29:00'),
(603, 'products/0b46d859defa2a0ff4199999008a4e4a.png', 151, 'App\\Models\\Product', '2023-03-21 19:29:00', '2023-03-21 19:29:00'),
(604, 'products/7cdb3c402748d519436644193cd03a82.png', 151, 'App\\Models\\Product', '2023-03-21 19:29:00', '2023-03-21 19:29:00'),
(605, 'products/df8df3de0e3106085af4efc2020f7916.png', 152, 'App\\Models\\Product', '2023-03-21 19:29:02', '2023-03-21 19:29:02'),
(606, 'products/2b80a50ed749f7725f74807c18269512.png', 152, 'App\\Models\\Product', '2023-03-21 19:29:02', '2023-03-21 19:29:02'),
(607, 'products/cdf77e8712546a52b207eadd78c6b0cf.png', 152, 'App\\Models\\Product', '2023-03-21 19:29:02', '2023-03-21 19:29:02'),
(608, 'products/4a7c2f06807f87934905f1a0e604cdd2.png', 152, 'App\\Models\\Product', '2023-03-21 19:29:02', '2023-03-21 19:29:02'),
(609, 'products/ac3e67fcd2c62883ef0c5085eb3de16c.png', 153, 'App\\Models\\Product', '2023-03-21 19:29:04', '2023-03-21 19:29:04'),
(610, 'products/565760f366cfa0b1e2d6a844e7fc35aa.png', 153, 'App\\Models\\Product', '2023-03-21 19:29:04', '2023-03-21 19:29:04'),
(611, 'products/e9ecf431d241c9b02cb27290e559b759.png', 153, 'App\\Models\\Product', '2023-03-21 19:29:04', '2023-03-21 19:29:04'),
(612, 'products/a15e7e61b041f1dcadf6e5e139974781.png', 153, 'App\\Models\\Product', '2023-03-21 19:29:04', '2023-03-21 19:29:04'),
(613, 'products/b4b3b5ec40d8baac74a2b0c0cd15b4c3.png', 154, 'App\\Models\\Product', '2023-03-21 19:29:06', '2023-03-21 19:29:06'),
(614, 'products/a270896376c8bbb0d42312c3627e9e8c.png', 154, 'App\\Models\\Product', '2023-03-21 19:29:06', '2023-03-21 19:29:06'),
(615, 'products/d99f5bcdbf292f2219cec37a33beed52.png', 154, 'App\\Models\\Product', '2023-03-21 19:29:06', '2023-03-21 19:29:06'),
(616, 'products/82cd1ca2572dd433fb4918c9b70402c3.png', 154, 'App\\Models\\Product', '2023-03-21 19:29:06', '2023-03-21 19:29:06'),
(617, 'products/0ae3089a42c2c95df9d3893ee1be5df9.png', 155, 'App\\Models\\Product', '2023-03-21 19:29:08', '2023-03-21 19:29:08'),
(618, 'products/b939f8e4147893a39aca524a86b7d3c2.png', 155, 'App\\Models\\Product', '2023-03-21 19:29:08', '2023-03-21 19:29:08'),
(619, 'products/9e249c9fe39a1d4a7d3ad78a2b1e4bd8.png', 155, 'App\\Models\\Product', '2023-03-21 19:29:08', '2023-03-21 19:29:08'),
(620, 'products/0e2295273e462e00839d9a2aeb9f5822.png', 155, 'App\\Models\\Product', '2023-03-21 19:29:08', '2023-03-21 19:29:08'),
(621, 'products/1903103fcd0b5d1b119f3586e5530000.png', 156, 'App\\Models\\Product', '2023-03-21 19:29:10', '2023-03-21 19:29:10'),
(622, 'products/0b80afa13a3b200d4e98c244194ed330.png', 156, 'App\\Models\\Product', '2023-03-21 19:29:10', '2023-03-21 19:29:10'),
(623, 'products/952dc088e382099f87512435d638193b.png', 156, 'App\\Models\\Product', '2023-03-21 19:29:10', '2023-03-21 19:29:10'),
(624, 'products/36d47f6dceb798eb0b475cf51da260d1.png', 156, 'App\\Models\\Product', '2023-03-21 19:29:10', '2023-03-21 19:29:10'),
(625, 'products/baa9b670a0e7535fc0cfec0c89c98caf.png', 157, 'App\\Models\\Product', '2023-03-21 19:29:12', '2023-03-21 19:29:12'),
(626, 'products/1b97abd9fd2ca8d1def3eabb6c290c97.png', 157, 'App\\Models\\Product', '2023-03-21 19:29:12', '2023-03-21 19:29:12'),
(627, 'products/963eeb40dd6cad0cc1b71160dd4b5914.png', 157, 'App\\Models\\Product', '2023-03-21 19:29:12', '2023-03-21 19:29:12'),
(628, 'products/e01c0795bf282039adfecf1df9a7a448.png', 157, 'App\\Models\\Product', '2023-03-21 19:29:12', '2023-03-21 19:29:12'),
(629, 'products/735b7b801e5a199382b310473777ae42.png', 158, 'App\\Models\\Product', '2023-03-21 19:29:14', '2023-03-21 19:29:14'),
(630, 'products/fcda35db4b43044835cbf9d3913106b8.png', 158, 'App\\Models\\Product', '2023-03-21 19:29:14', '2023-03-21 19:29:14'),
(631, 'products/455f828d82d8fc7e6bcd61d8d5c353a9.png', 158, 'App\\Models\\Product', '2023-03-21 19:29:14', '2023-03-21 19:29:14'),
(632, 'products/7bec5e261204e3db72c39eec2fb8f226.png', 158, 'App\\Models\\Product', '2023-03-21 19:29:14', '2023-03-21 19:29:14'),
(633, 'products/c2e82309beb72febee930f59ad3bbb83.png', 159, 'App\\Models\\Product', '2023-03-21 19:29:16', '2023-03-21 19:29:16'),
(634, 'products/823adabcfa28ee4ab915649ca1f7d71f.png', 159, 'App\\Models\\Product', '2023-03-21 19:29:16', '2023-03-21 19:29:16'),
(635, 'products/c43a84a52a78e7701d10ed24f3badd2b.png', 159, 'App\\Models\\Product', '2023-03-21 19:29:16', '2023-03-21 19:29:16'),
(636, 'products/0f72820b3e8466553b04d755942ce111.png', 159, 'App\\Models\\Product', '2023-03-21 19:29:16', '2023-03-21 19:29:16'),
(637, 'products/55527c80b0c8d9105b7f91e7a2ed1bd5.png', 160, 'App\\Models\\Product', '2023-03-21 19:29:17', '2023-03-21 19:29:17'),
(638, 'products/aab87ad0159e2e27f4c16a9d09c192b6.png', 160, 'App\\Models\\Product', '2023-03-21 19:29:17', '2023-03-21 19:29:17'),
(639, 'products/6c4881777c22074c61d3ca63272ee6c6.png', 160, 'App\\Models\\Product', '2023-03-21 19:29:17', '2023-03-21 19:29:17'),
(640, 'products/574c9b75c53fcdb2237877d85611d904.png', 160, 'App\\Models\\Product', '2023-03-21 19:29:17', '2023-03-21 19:29:17'),
(641, 'products/4b08065f8a162d1b77481bf37f828d1c.png', 161, 'App\\Models\\Product', '2023-03-21 19:29:19', '2023-03-21 19:29:19'),
(642, 'products/f00f540e7340fb80e5491db89a06ff9a.png', 161, 'App\\Models\\Product', '2023-03-21 19:29:19', '2023-03-21 19:29:19'),
(643, 'products/c974a34b1251ab09cbf12a3983d82dc6.png', 161, 'App\\Models\\Product', '2023-03-21 19:29:19', '2023-03-21 19:29:19'),
(644, 'products/5647535dfd89e06d84856686b7244198.png', 161, 'App\\Models\\Product', '2023-03-21 19:29:19', '2023-03-21 19:29:19'),
(645, 'products/0d6b336b8c184a5d848cd0a3ad328471.png', 162, 'App\\Models\\Product', '2023-03-21 19:29:21', '2023-03-21 19:29:21'),
(646, 'products/f7cd7927696ebef6795bc21b0c0d7259.png', 162, 'App\\Models\\Product', '2023-03-21 19:29:21', '2023-03-21 19:29:21'),
(647, 'products/0b0d5585dfa37df6806fc387934de7ae.png', 162, 'App\\Models\\Product', '2023-03-21 19:29:21', '2023-03-21 19:29:21'),
(648, 'products/ad4c94dade560ef0292ed4918c01f442.png', 162, 'App\\Models\\Product', '2023-03-21 19:29:21', '2023-03-21 19:29:21'),
(649, 'products/d77cf0e856b97ad22baae747e71aa51b.png', 163, 'App\\Models\\Product', '2023-03-21 19:29:23', '2023-03-21 19:29:23'),
(650, 'products/a6aa1da7695101bd1481c51d01e239d1.png', 163, 'App\\Models\\Product', '2023-03-21 19:29:23', '2023-03-21 19:29:23'),
(651, 'products/c102d41fe9bf5f42518b3cfd6608e789.png', 163, 'App\\Models\\Product', '2023-03-21 19:29:23', '2023-03-21 19:29:23'),
(652, 'products/90caf60b90bb589f5955ee237df8df3b.png', 163, 'App\\Models\\Product', '2023-03-21 19:29:23', '2023-03-21 19:29:23'),
(653, 'products/c890656aeb5c4dfbd26cde993a3a408e.png', 164, 'App\\Models\\Product', '2023-03-21 19:29:25', '2023-03-21 19:29:25'),
(654, 'products/28f4de862672ff1cb82c28677070ab03.png', 164, 'App\\Models\\Product', '2023-03-21 19:29:25', '2023-03-21 19:29:25'),
(655, 'products/f7ca553f865395c62bf90b1eb9c7c8c6.png', 164, 'App\\Models\\Product', '2023-03-21 19:29:25', '2023-03-21 19:29:25'),
(656, 'products/4c892b308f78233f8df7d29255bb8e48.png', 164, 'App\\Models\\Product', '2023-03-21 19:29:25', '2023-03-21 19:29:25'),
(657, 'products/c478c7787c139b6aa9f94b740d18ba51.png', 165, 'App\\Models\\Product', '2023-03-21 19:29:27', '2023-03-21 19:29:27'),
(658, 'products/d6b07b871944423ee860ea9aca51313d.png', 165, 'App\\Models\\Product', '2023-03-21 19:29:27', '2023-03-21 19:29:27'),
(659, 'products/eb1057ab0fa0a38b9afe50a05aa528d7.png', 165, 'App\\Models\\Product', '2023-03-21 19:29:27', '2023-03-21 19:29:27'),
(660, 'products/52b41be20c5b4d35907bd32c3fe14ce1.png', 165, 'App\\Models\\Product', '2023-03-21 19:29:27', '2023-03-21 19:29:27'),
(661, 'products/aca028556416a5c9826c1b0a9eac3005.png', 166, 'App\\Models\\Product', '2023-03-21 19:29:29', '2023-03-21 19:29:29'),
(662, 'products/0ffab4ea74e6094102121d01639070bb.png', 166, 'App\\Models\\Product', '2023-03-21 19:29:29', '2023-03-21 19:29:29'),
(663, 'products/6417cbb496c32e9eb5b1f2a2101b9e4b.png', 166, 'App\\Models\\Product', '2023-03-21 19:29:29', '2023-03-21 19:29:29'),
(664, 'products/032da8eaf82f486ca1c547cb0b8b92bd.png', 166, 'App\\Models\\Product', '2023-03-21 19:29:29', '2023-03-21 19:29:29'),
(665, 'products/99da4d5dae61df7feee7510dba5179a2.png', 167, 'App\\Models\\Product', '2023-03-21 19:29:31', '2023-03-21 19:29:31'),
(666, 'products/ea7c57e54bd930ced169c457c2d36aff.png', 167, 'App\\Models\\Product', '2023-03-21 19:29:31', '2023-03-21 19:29:31'),
(667, 'products/9f8bd37d5a150314efc7a74e108338cc.png', 167, 'App\\Models\\Product', '2023-03-21 19:29:31', '2023-03-21 19:29:31'),
(668, 'products/f05028b218579bbc83f3272097a7614d.png', 167, 'App\\Models\\Product', '2023-03-21 19:29:31', '2023-03-21 19:29:31'),
(669, 'products/086bc8634bbbd811f91c90fc20b41129.png', 168, 'App\\Models\\Product', '2023-03-21 19:29:33', '2023-03-21 19:29:33'),
(670, 'products/d5b11be4f39081394aecb0cb22d52c70.png', 168, 'App\\Models\\Product', '2023-03-21 19:29:33', '2023-03-21 19:29:33'),
(671, 'products/2ddcef28589c401bacda0899f22673c7.png', 168, 'App\\Models\\Product', '2023-03-21 19:29:33', '2023-03-21 19:29:33'),
(672, 'products/e02489e48f967ea658159ac87d202069.png', 168, 'App\\Models\\Product', '2023-03-21 19:29:33', '2023-03-21 19:29:33'),
(673, 'products/de3aa99cd26f109abb8ad2e1afd90652.png', 169, 'App\\Models\\Product', '2023-03-21 19:29:35', '2023-03-21 19:29:35'),
(674, 'products/5e901f354d2393eb8a378e82e025e62b.png', 169, 'App\\Models\\Product', '2023-03-21 19:29:35', '2023-03-21 19:29:35'),
(675, 'products/98d2aa0e19c9ed7f5511f076d439e934.png', 169, 'App\\Models\\Product', '2023-03-21 19:29:35', '2023-03-21 19:29:35'),
(676, 'products/8ef824731825996ae679b40ba7c94cff.png', 169, 'App\\Models\\Product', '2023-03-21 19:29:35', '2023-03-21 19:29:35'),
(677, 'products/7adff50eb0634947a7577d7f591ca2ae.png', 170, 'App\\Models\\Product', '2023-03-21 19:29:37', '2023-03-21 19:29:37'),
(678, 'products/7cbcb4b57df787f743484b26cb793b53.png', 170, 'App\\Models\\Product', '2023-03-21 19:29:37', '2023-03-21 19:29:37'),
(679, 'products/e11ba5358fd4bbd9aa56e63af8dd9be2.png', 170, 'App\\Models\\Product', '2023-03-21 19:29:37', '2023-03-21 19:29:37'),
(680, 'products/8becd199c8d0948148636ad39e969871.png', 170, 'App\\Models\\Product', '2023-03-21 19:29:37', '2023-03-21 19:29:37'),
(681, 'products/063034f06176ca4a5f54b88c661b0330.png', 171, 'App\\Models\\Product', '2023-03-21 19:29:39', '2023-03-21 19:29:39'),
(682, 'products/efa0c505da3ea98a9d1dad738b816da7.png', 171, 'App\\Models\\Product', '2023-03-21 19:29:39', '2023-03-21 19:29:39'),
(683, 'products/f7ded9d873f038ac74c1014cbe0ce525.png', 171, 'App\\Models\\Product', '2023-03-21 19:29:39', '2023-03-21 19:29:39'),
(684, 'products/0b7cfed026f30bad510a6adebfe1562d.png', 171, 'App\\Models\\Product', '2023-03-21 19:29:39', '2023-03-21 19:29:39'),
(685, 'products/ae3f117ff82839b50bce4484a80d71ab.png', 172, 'App\\Models\\Product', '2023-03-21 19:29:41', '2023-03-21 19:29:41'),
(686, 'products/bf30e10bead1367fa7245c4431500d2b.png', 172, 'App\\Models\\Product', '2023-03-21 19:29:41', '2023-03-21 19:29:41'),
(687, 'products/e1309f5cdc1820b412f2b2aad04a1ba3.png', 172, 'App\\Models\\Product', '2023-03-21 19:29:41', '2023-03-21 19:29:41'),
(688, 'products/f658d5bd1d2e271012f233b4e32420cd.png', 172, 'App\\Models\\Product', '2023-03-21 19:29:41', '2023-03-21 19:29:41'),
(689, 'products/97d434e028ddd7202d1b8c3258b66c92.png', 173, 'App\\Models\\Product', '2023-03-21 19:29:43', '2023-03-21 19:29:43'),
(690, 'products/efe834917b4bb658439efc917f177cbf.png', 173, 'App\\Models\\Product', '2023-03-21 19:29:43', '2023-03-21 19:29:43'),
(691, 'products/d060fb5ef3f2aa8a9a0b7b3e74c41d89.png', 173, 'App\\Models\\Product', '2023-03-21 19:29:43', '2023-03-21 19:29:43'),
(692, 'products/8c032780fc9757717b6517abb0fc92ec.png', 173, 'App\\Models\\Product', '2023-03-21 19:29:43', '2023-03-21 19:29:43'),
(693, 'products/0072ed5e3f4538b89f7d7ba97f0a4e42.png', 174, 'App\\Models\\Product', '2023-03-21 19:29:46', '2023-03-21 19:29:46'),
(694, 'products/7bfd017573dbe8664fb2d932a74e9028.png', 174, 'App\\Models\\Product', '2023-03-21 19:29:46', '2023-03-21 19:29:46'),
(695, 'products/cf0e9b46896108d13859655a6d2e5049.png', 174, 'App\\Models\\Product', '2023-03-21 19:29:46', '2023-03-21 19:29:46'),
(696, 'products/b0fd779bb45b290c087a461a01f228b1.png', 174, 'App\\Models\\Product', '2023-03-21 19:29:46', '2023-03-21 19:29:46'),
(697, 'products/23441b7c00197fbfff944dfd25452f9e.png', 175, 'App\\Models\\Product', '2023-03-21 19:29:49', '2023-03-21 19:29:49'),
(698, 'products/eb9f0407c3a6f973287e61cebf8b0cb6.png', 175, 'App\\Models\\Product', '2023-03-21 19:29:49', '2023-03-21 19:29:49'),
(699, 'products/ca0bf2b4905e155e91931c0467dc182d.png', 175, 'App\\Models\\Product', '2023-03-21 19:29:49', '2023-03-21 19:29:49'),
(700, 'products/c63418039c899facd6c9aa912a66f8b7.png', 175, 'App\\Models\\Product', '2023-03-21 19:29:49', '2023-03-21 19:29:49'),
(701, 'products/5bb37cbe1ac05c8c0a360faaf3e2f0e1.png', 176, 'App\\Models\\Product', '2023-03-21 19:29:52', '2023-03-21 19:29:52'),
(702, 'products/a207b3b8a4a5c663b2971e35aafb021e.png', 176, 'App\\Models\\Product', '2023-03-21 19:29:52', '2023-03-21 19:29:52'),
(703, 'products/ae9d678d74d9ff23d6b318da452a68aa.png', 176, 'App\\Models\\Product', '2023-03-21 19:29:52', '2023-03-21 19:29:52'),
(704, 'products/0abdc90a746d389b2d0e0b6616f79263.png', 176, 'App\\Models\\Product', '2023-03-21 19:29:52', '2023-03-21 19:29:52'),
(705, 'products/d6d0f8592675ebd8d1cdd6d9e2afb654.png', 177, 'App\\Models\\Product', '2023-03-21 19:29:54', '2023-03-21 19:29:54'),
(706, 'products/e48bd876f3fcdb192f053dc6cc9ea726.png', 177, 'App\\Models\\Product', '2023-03-21 19:29:54', '2023-03-21 19:29:54'),
(707, 'products/89dc918472ce077d019790ddf59721ec.png', 177, 'App\\Models\\Product', '2023-03-21 19:29:54', '2023-03-21 19:29:54'),
(708, 'products/c8b84eec0e10b5b5cf09a80cc10e7e50.png', 177, 'App\\Models\\Product', '2023-03-21 19:29:54', '2023-03-21 19:29:54'),
(709, 'products/00d85f7b648f900f5d844e4e5e0a594d.png', 178, 'App\\Models\\Product', '2023-03-21 19:29:57', '2023-03-21 19:29:57'),
(710, 'products/2a769d9586cc2625a366317dc91f11fc.png', 178, 'App\\Models\\Product', '2023-03-21 19:29:57', '2023-03-21 19:29:57'),
(711, 'products/aca3e1729644504631036ed28c23c99f.png', 178, 'App\\Models\\Product', '2023-03-21 19:29:57', '2023-03-21 19:29:57'),
(712, 'products/5e33849200999a296ac1b85954fe9366.png', 178, 'App\\Models\\Product', '2023-03-21 19:29:57', '2023-03-21 19:29:57'),
(713, 'products/c8dd4b63fb654688826bbb5178ec860c.png', 179, 'App\\Models\\Product', '2023-03-21 19:29:59', '2023-03-21 19:29:59'),
(714, 'products/18841d1b6d2a1a8f3ed52d6512f88834.png', 179, 'App\\Models\\Product', '2023-03-21 19:29:59', '2023-03-21 19:29:59'),
(715, 'products/df1b3fa5ccc77689de6e3e4a9998ff75.png', 179, 'App\\Models\\Product', '2023-03-21 19:29:59', '2023-03-21 19:29:59'),
(716, 'products/3a523d8d0574c6c8a506fa7e60596f1f.png', 179, 'App\\Models\\Product', '2023-03-21 19:29:59', '2023-03-21 19:29:59'),
(717, 'products/7cb609f6c25b03f6387ab4e772d17854.png', 180, 'App\\Models\\Product', '2023-03-21 19:30:01', '2023-03-21 19:30:01'),
(718, 'products/e38fe67dc205fb389c4fbeacc7279050.png', 180, 'App\\Models\\Product', '2023-03-21 19:30:01', '2023-03-21 19:30:01'),
(719, 'products/6058eee7cf90d8ad7e3bf0f3df700667.png', 180, 'App\\Models\\Product', '2023-03-21 19:30:01', '2023-03-21 19:30:01'),
(720, 'products/b9752a7bd2e57c0524042b2cc97b42cc.png', 180, 'App\\Models\\Product', '2023-03-21 19:30:01', '2023-03-21 19:30:01'),
(721, 'products/b6066aeca37fa86ca24d002863ab93ff.png', 181, 'App\\Models\\Product', '2023-03-21 19:30:03', '2023-03-21 19:30:03'),
(722, 'products/9092f61219c368f0a3e246804b0cc962.png', 181, 'App\\Models\\Product', '2023-03-21 19:30:03', '2023-03-21 19:30:03'),
(723, 'products/e6bec47469aa577f18ff0e60ec7d1148.png', 181, 'App\\Models\\Product', '2023-03-21 19:30:03', '2023-03-21 19:30:03'),
(724, 'products/a51e28c133c5f1825891cfc3f5643004.png', 181, 'App\\Models\\Product', '2023-03-21 19:30:03', '2023-03-21 19:30:03'),
(725, 'products/62925f91da7120e3e15e54fc09e15697.png', 182, 'App\\Models\\Product', '2023-03-21 19:30:05', '2023-03-21 19:30:05'),
(726, 'products/6431c013b2fbfe8f9847171b0e323250.png', 182, 'App\\Models\\Product', '2023-03-21 19:30:05', '2023-03-21 19:30:05'),
(727, 'products/a4623bd4824f244e8a2a501e4ab81308.png', 182, 'App\\Models\\Product', '2023-03-21 19:30:05', '2023-03-21 19:30:05'),
(728, 'products/716dae1d50f12bda3d578bafa64c0e9d.png', 182, 'App\\Models\\Product', '2023-03-21 19:30:05', '2023-03-21 19:30:05'),
(729, 'products/57cbe36a3d6298ebf1377091ff654508.png', 183, 'App\\Models\\Product', '2023-03-21 19:30:07', '2023-03-21 19:30:07'),
(730, 'products/527273169ef3b66e5e917c7541734b17.png', 183, 'App\\Models\\Product', '2023-03-21 19:30:07', '2023-03-21 19:30:07'),
(731, 'products/9962f886b9e3d16213507561374d3f73.png', 183, 'App\\Models\\Product', '2023-03-21 19:30:07', '2023-03-21 19:30:07'),
(732, 'products/0bbf138bb97c4267829b0fb0cc7a57c7.png', 183, 'App\\Models\\Product', '2023-03-21 19:30:07', '2023-03-21 19:30:07'),
(733, 'products/327f137083bd07b4fb9824072e77316c.png', 184, 'App\\Models\\Product', '2023-03-21 19:30:09', '2023-03-21 19:30:09'),
(734, 'products/8dc49c0fa27bdfd5cf87d999440f3a6c.png', 184, 'App\\Models\\Product', '2023-03-21 19:30:09', '2023-03-21 19:30:09'),
(735, 'products/c2a2c16fbf8703ce81e6748abfeffb20.png', 184, 'App\\Models\\Product', '2023-03-21 19:30:09', '2023-03-21 19:30:09'),
(736, 'products/ba96d768364d3c7fbd3ed3db5f8db39d.png', 184, 'App\\Models\\Product', '2023-03-21 19:30:09', '2023-03-21 19:30:09'),
(737, 'products/fbabdea7f9808985d86106276745cdd8.png', 185, 'App\\Models\\Product', '2023-03-21 19:30:11', '2023-03-21 19:30:11'),
(738, 'products/a4896b5b9adf652ac9c9aa5466f92cb1.png', 185, 'App\\Models\\Product', '2023-03-21 19:30:11', '2023-03-21 19:30:11'),
(739, 'products/2214d78d14d579227c3dcfebac39521c.png', 185, 'App\\Models\\Product', '2023-03-21 19:30:11', '2023-03-21 19:30:11'),
(740, 'products/81b61471e0d3449444cec502e5507dac.png', 185, 'App\\Models\\Product', '2023-03-21 19:30:11', '2023-03-21 19:30:11'),
(741, 'products/d321aafac3a0de2fc276088965ae2b2f.png', 186, 'App\\Models\\Product', '2023-03-21 19:30:12', '2023-03-21 19:30:12'),
(742, 'products/00b0cdc920d9bb5af29cc0facff7d9aa.png', 186, 'App\\Models\\Product', '2023-03-21 19:30:12', '2023-03-21 19:30:12'),
(743, 'products/aef699b95f170664593cc2b2dec946c0.png', 186, 'App\\Models\\Product', '2023-03-21 19:30:12', '2023-03-21 19:30:12'),
(744, 'products/88fb0314fe73fc6f5de5a89b7f64ee85.png', 186, 'App\\Models\\Product', '2023-03-21 19:30:12', '2023-03-21 19:30:12'),
(745, 'products/e64370a00dd63428db87f8bb815d7860.png', 187, 'App\\Models\\Product', '2023-03-21 19:30:14', '2023-03-21 19:30:14'),
(746, 'products/127204241886dae83490e4151ab494c2.png', 187, 'App\\Models\\Product', '2023-03-21 19:30:14', '2023-03-21 19:30:14'),
(747, 'products/a2c5a75444a0a348fb6bccecc1ce0132.png', 187, 'App\\Models\\Product', '2023-03-21 19:30:14', '2023-03-21 19:30:14'),
(748, 'products/e3a8f093cf8085adf598fe7b179876f9.png', 187, 'App\\Models\\Product', '2023-03-21 19:30:14', '2023-03-21 19:30:14'),
(749, 'products/5b05cbf36660819ca7018de170f7f2c6.png', 188, 'App\\Models\\Product', '2023-03-21 19:30:17', '2023-03-21 19:30:17'),
(750, 'products/b29ee199b0193052cd874e0fdcb48dac.png', 188, 'App\\Models\\Product', '2023-03-21 19:30:17', '2023-03-21 19:30:17'),
(751, 'products/fd3b54537502471dd30d8348767e6e4d.png', 188, 'App\\Models\\Product', '2023-03-21 19:30:17', '2023-03-21 19:30:17'),
(752, 'products/63b494461c24aa9453cde7ca0c086be5.png', 188, 'App\\Models\\Product', '2023-03-21 19:30:17', '2023-03-21 19:30:17'),
(753, 'products/4626e3c706a4c8a8910ba4cff10000da.png', 189, 'App\\Models\\Product', '2023-03-21 19:30:19', '2023-03-21 19:30:19'),
(754, 'products/5d805387f4fe5a67f8a0f4d14618a4f9.png', 189, 'App\\Models\\Product', '2023-03-21 19:30:19', '2023-03-21 19:30:19'),
(755, 'products/f28ed5726452e2028a824cd2d3aead2a.png', 189, 'App\\Models\\Product', '2023-03-21 19:30:19', '2023-03-21 19:30:19'),
(756, 'products/e167db893a35a0ee1faea3b280e9a3d7.png', 189, 'App\\Models\\Product', '2023-03-21 19:30:19', '2023-03-21 19:30:19'),
(757, 'products/bf5680ce6fc9a625da54e70237cd1a72.png', 190, 'App\\Models\\Product', '2023-03-21 19:30:21', '2023-03-21 19:30:21'),
(758, 'products/40ac6607615febc3b0c21c931941d58d.png', 190, 'App\\Models\\Product', '2023-03-21 19:30:21', '2023-03-21 19:30:21'),
(759, 'products/7f73fc203c8df65b121f6656b07a0b88.png', 190, 'App\\Models\\Product', '2023-03-21 19:30:21', '2023-03-21 19:30:21'),
(760, 'products/32fef7eb83c5d047806e81b4f7f70835.png', 190, 'App\\Models\\Product', '2023-03-21 19:30:21', '2023-03-21 19:30:21'),
(761, 'products/296aa690852f61d0306e8dfc3550db74.png', 191, 'App\\Models\\Product', '2023-03-21 19:30:23', '2023-03-21 19:30:23'),
(762, 'products/0dc4e19ac653d7750a5e6371a809a752.png', 191, 'App\\Models\\Product', '2023-03-21 19:30:23', '2023-03-21 19:30:23'),
(763, 'products/b8e43bf8ec09a1d2a30b5c0f575be2a3.png', 191, 'App\\Models\\Product', '2023-03-21 19:30:23', '2023-03-21 19:30:23'),
(764, 'products/63063273ed3c71af964c08ad23ccd4ff.png', 191, 'App\\Models\\Product', '2023-03-21 19:30:23', '2023-03-21 19:30:23'),
(765, 'products/fdb0e9bfc33cfa13e7e4540e20d5a453.png', 192, 'App\\Models\\Product', '2023-03-21 19:30:25', '2023-03-21 19:30:25'),
(766, 'products/e7a17dcd362b5b2234ace9cd336f1872.png', 192, 'App\\Models\\Product', '2023-03-21 19:30:25', '2023-03-21 19:30:25'),
(767, 'products/d7d28a090e283d48e88e4e4d639bb139.png', 192, 'App\\Models\\Product', '2023-03-21 19:30:25', '2023-03-21 19:30:25'),
(768, 'products/fa5ee39f2aaf7fcb6d229167a35a42e7.png', 192, 'App\\Models\\Product', '2023-03-21 19:30:25', '2023-03-21 19:30:25'),
(769, 'products/95ef443db13acc2b91685bf3fe228f0a.png', 193, 'App\\Models\\Product', '2023-03-21 19:30:27', '2023-03-21 19:30:27'),
(770, 'products/c3d25eb102236afc68224da11ce9ebbe.png', 193, 'App\\Models\\Product', '2023-03-21 19:30:27', '2023-03-21 19:30:27'),
(771, 'products/dca514ef444d9909c5dc75d6fd370631.png', 193, 'App\\Models\\Product', '2023-03-21 19:30:27', '2023-03-21 19:30:27'),
(772, 'products/154e52901390fb5c4bb6f2ac84d951c3.png', 193, 'App\\Models\\Product', '2023-03-21 19:30:27', '2023-03-21 19:30:27'),
(773, 'products/913c95ff3f601e375131a486a5baf7c8.png', 194, 'App\\Models\\Product', '2023-03-21 19:30:29', '2023-03-21 19:30:29'),
(774, 'products/e7e435c9f0f2ce7aa81ce3625d41b41d.png', 194, 'App\\Models\\Product', '2023-03-21 19:30:29', '2023-03-21 19:30:29'),
(775, 'products/66855f941bd3930fccf99c0f7c531ee7.png', 194, 'App\\Models\\Product', '2023-03-21 19:30:29', '2023-03-21 19:30:29'),
(776, 'products/5cdd89c04df6d88f7530cc8189d15110.png', 194, 'App\\Models\\Product', '2023-03-21 19:30:29', '2023-03-21 19:30:29');
INSERT INTO `images` (`id`, `url`, `imageable_id`, `imageable_type`, `created_at`, `updated_at`) VALUES
(777, 'products/1f6086d13426302a7d6a100d182f0606.png', 195, 'App\\Models\\Product', '2023-03-21 19:30:31', '2023-03-21 19:30:31'),
(778, 'products/7dfb79e4f8ef890d4276b2843bbe7ddc.png', 195, 'App\\Models\\Product', '2023-03-21 19:30:31', '2023-03-21 19:30:31'),
(779, 'products/f6b1e1989095765e429d7a9ea26057a3.png', 195, 'App\\Models\\Product', '2023-03-21 19:30:31', '2023-03-21 19:30:31'),
(780, 'products/5d6c586428f83ac30dcc715fd1943044.png', 195, 'App\\Models\\Product', '2023-03-21 19:30:31', '2023-03-21 19:30:31'),
(781, 'products/efb966da708a8e7ca102c92aaf453e2c.png', 196, 'App\\Models\\Product', '2023-03-21 19:30:33', '2023-03-21 19:30:33'),
(782, 'products/51115afeec368e6b2964064cf0491961.png', 196, 'App\\Models\\Product', '2023-03-21 19:30:33', '2023-03-21 19:30:33'),
(783, 'products/e6e8081f19ceee0b06d63962d8138741.png', 196, 'App\\Models\\Product', '2023-03-21 19:30:33', '2023-03-21 19:30:33'),
(784, 'products/6a6557527653338b940a6cec7c888f4c.png', 196, 'App\\Models\\Product', '2023-03-21 19:30:33', '2023-03-21 19:30:33'),
(785, 'products/893b4363044804577549ba963a0c5c01.png', 197, 'App\\Models\\Product', '2023-03-21 19:30:35', '2023-03-21 19:30:35'),
(786, 'products/4c03732c62e4f054d4907a5b715777d7.png', 197, 'App\\Models\\Product', '2023-03-21 19:30:35', '2023-03-21 19:30:35'),
(787, 'products/be98a7b91f121845756f63f1c74c3d29.png', 197, 'App\\Models\\Product', '2023-03-21 19:30:35', '2023-03-21 19:30:35'),
(788, 'products/882599674ba778a2605fa64945f1f7d7.png', 197, 'App\\Models\\Product', '2023-03-21 19:30:35', '2023-03-21 19:30:35'),
(789, 'products/9a8d6f6e1c9b6a9abfe76a03fb9376f3.png', 198, 'App\\Models\\Product', '2023-03-21 19:30:37', '2023-03-21 19:30:37'),
(790, 'products/5c9440d9710254b7aee4c953b6fa474f.png', 198, 'App\\Models\\Product', '2023-03-21 19:30:37', '2023-03-21 19:30:37'),
(791, 'products/57f2a2bf3638ba4d080983887fed7df0.png', 198, 'App\\Models\\Product', '2023-03-21 19:30:37', '2023-03-21 19:30:37'),
(792, 'products/715d109306d6b7d3ad1a8c18cebc7b40.png', 198, 'App\\Models\\Product', '2023-03-21 19:30:37', '2023-03-21 19:30:37'),
(793, 'products/953bacece89bb226e4cf508911bc6f02.png', 199, 'App\\Models\\Product', '2023-03-21 19:30:39', '2023-03-21 19:30:39'),
(794, 'products/03ad541b0ea03ae865acbd1706a738fb.png', 199, 'App\\Models\\Product', '2023-03-21 19:30:39', '2023-03-21 19:30:39'),
(795, 'products/093854c3c636dabdf0a7c0ac050802a0.png', 199, 'App\\Models\\Product', '2023-03-21 19:30:39', '2023-03-21 19:30:39'),
(796, 'products/7748ba0eea4e05f4e54a4f0f8a347a4b.png', 199, 'App\\Models\\Product', '2023-03-21 19:30:39', '2023-03-21 19:30:39'),
(797, 'products/11c6f37ab7f63e95867a112efaecde5d.png', 200, 'App\\Models\\Product', '2023-03-21 19:30:41', '2023-03-21 19:30:41'),
(798, 'products/21ceea4452dc57d6074ba4f043b3b2e7.png', 200, 'App\\Models\\Product', '2023-03-21 19:30:41', '2023-03-21 19:30:41'),
(799, 'products/fe292552baea7baa885986bb74c734e9.png', 200, 'App\\Models\\Product', '2023-03-21 19:30:41', '2023-03-21 19:30:41'),
(800, 'products/763dbd8a8e230da6aaf7459854c6a6b1.png', 200, 'App\\Models\\Product', '2023-03-21 19:30:41', '2023-03-21 19:30:41'),
(801, 'products/0190d5ad917ca6197be5dcd8af4080a3.png', 201, 'App\\Models\\Product', '2023-03-21 19:30:43', '2023-03-21 19:30:43'),
(802, 'products/381ccaffd7eb77501a7bfaa3c2180398.png', 201, 'App\\Models\\Product', '2023-03-21 19:30:43', '2023-03-21 19:30:43'),
(803, 'products/c97c2c9b61c26a786e43179182392475.png', 201, 'App\\Models\\Product', '2023-03-21 19:30:43', '2023-03-21 19:30:43'),
(804, 'products/5650475f0e842278bfd8335a6ddf1c20.png', 201, 'App\\Models\\Product', '2023-03-21 19:30:43', '2023-03-21 19:30:43'),
(805, 'products/150db62683f349f7e10b283aca63bcf7.png', 202, 'App\\Models\\Product', '2023-03-21 19:30:45', '2023-03-21 19:30:45'),
(806, 'products/d4ed6c4eb5499362d1f7acacb53eb1a7.png', 202, 'App\\Models\\Product', '2023-03-21 19:30:45', '2023-03-21 19:30:45'),
(807, 'products/9293e297ab00b36b2e8bbe7ef217eae4.png', 202, 'App\\Models\\Product', '2023-03-21 19:30:45', '2023-03-21 19:30:45'),
(808, 'products/58f0b5edecc65a34be55ab5d6cd3d8e3.png', 202, 'App\\Models\\Product', '2023-03-21 19:30:45', '2023-03-21 19:30:45'),
(809, 'products/ff6725c18dd45f1ee84a7c1bc8e8c20d.png', 203, 'App\\Models\\Product', '2023-03-21 19:30:47', '2023-03-21 19:30:47'),
(810, 'products/86d09bac57012de716b9b2f57a05533e.png', 203, 'App\\Models\\Product', '2023-03-21 19:30:47', '2023-03-21 19:30:47'),
(811, 'products/58a289b44f0ae5604c7fed358514ebf0.png', 203, 'App\\Models\\Product', '2023-03-21 19:30:47', '2023-03-21 19:30:47'),
(812, 'products/f7f6a28411a46cad3a6daaeaba057eea.png', 203, 'App\\Models\\Product', '2023-03-21 19:30:47', '2023-03-21 19:30:47'),
(813, 'products/3e23fc85cb7da99f2789e26b70126f68.png', 204, 'App\\Models\\Product', '2023-03-21 19:30:49', '2023-03-21 19:30:49'),
(814, 'products/cd0adec2b70593b9f718ff8abf790c2c.png', 204, 'App\\Models\\Product', '2023-03-21 19:30:49', '2023-03-21 19:30:49'),
(815, 'products/b62bac72270f1fdc91d48fe63bc29e22.png', 204, 'App\\Models\\Product', '2023-03-21 19:30:49', '2023-03-21 19:30:49'),
(816, 'products/7efc1790bb3460487f4247e03e48aa37.png', 204, 'App\\Models\\Product', '2023-03-21 19:30:49', '2023-03-21 19:30:49'),
(817, 'products/fa3f32a5909a2864d089e92ee7bc48e8.png', 205, 'App\\Models\\Product', '2023-03-21 19:30:51', '2023-03-21 19:30:51'),
(818, 'products/50ddac4faeee7a83e2eebac275749596.png', 205, 'App\\Models\\Product', '2023-03-21 19:30:51', '2023-03-21 19:30:51'),
(819, 'products/c713e90a55af084421e6509fa5d18322.png', 205, 'App\\Models\\Product', '2023-03-21 19:30:51', '2023-03-21 19:30:51'),
(820, 'products/d171f30601adb4b2c41966dc8cdf31c1.png', 205, 'App\\Models\\Product', '2023-03-21 19:30:51', '2023-03-21 19:30:51'),
(821, 'products/e1456867e51128688a967e8408285cbf.png', 206, 'App\\Models\\Product', '2023-03-21 19:30:53', '2023-03-21 19:30:53'),
(822, 'products/da52bcc81e60b1fe0d463a5ce96d7db4.png', 206, 'App\\Models\\Product', '2023-03-21 19:30:53', '2023-03-21 19:30:53'),
(823, 'products/e81a3defce13edd01f111534bfdd08e3.png', 206, 'App\\Models\\Product', '2023-03-21 19:30:53', '2023-03-21 19:30:53'),
(824, 'products/c35a52aa00ef198703444bc96bdc7b0d.png', 206, 'App\\Models\\Product', '2023-03-21 19:30:53', '2023-03-21 19:30:53'),
(825, 'products/e252b0bb1642c0a271fee5eab69a8d9f.png', 207, 'App\\Models\\Product', '2023-03-21 19:30:55', '2023-03-21 19:30:55'),
(826, 'products/874120d34f9a9d7c595168a2c6805355.png', 207, 'App\\Models\\Product', '2023-03-21 19:30:55', '2023-03-21 19:30:55'),
(827, 'products/1bd77e71989db13ea6a705f107c39614.png', 207, 'App\\Models\\Product', '2023-03-21 19:30:55', '2023-03-21 19:30:55'),
(828, 'products/cbb04af07b36c9abd8c99d734d1614ae.png', 207, 'App\\Models\\Product', '2023-03-21 19:30:55', '2023-03-21 19:30:55'),
(829, 'products/a3a9fdb44450f0dc8dfb103c22e0c6b5.png', 208, 'App\\Models\\Product', '2023-03-21 19:30:56', '2023-03-21 19:30:56'),
(830, 'products/9bfb5e47866547891e75a89f47400645.png', 208, 'App\\Models\\Product', '2023-03-21 19:30:56', '2023-03-21 19:30:56'),
(831, 'products/0811e21c3c0d335a43110cc21952934c.png', 208, 'App\\Models\\Product', '2023-03-21 19:30:56', '2023-03-21 19:30:56'),
(832, 'products/4ccb0c3cf9b1d713e35b98020b16ba85.png', 208, 'App\\Models\\Product', '2023-03-21 19:30:56', '2023-03-21 19:30:56'),
(833, 'products/2c1031301a77e05ac16a810c7ee62ea1.png', 209, 'App\\Models\\Product', '2023-03-21 19:30:58', '2023-03-21 19:30:58'),
(834, 'products/be73d9620cd9ee3f47957b5e69e4e19e.png', 209, 'App\\Models\\Product', '2023-03-21 19:30:58', '2023-03-21 19:30:58'),
(835, 'products/871db6164b7cb87b42a164214ef7c073.png', 209, 'App\\Models\\Product', '2023-03-21 19:30:58', '2023-03-21 19:30:58'),
(836, 'products/f402abee708f506084b270ec2841a89f.png', 209, 'App\\Models\\Product', '2023-03-21 19:30:58', '2023-03-21 19:30:58'),
(837, 'products/103f4ac77559ba2764e2984ca884b7db.png', 210, 'App\\Models\\Product', '2023-03-21 19:31:00', '2023-03-21 19:31:00'),
(838, 'products/2ebd71fcf09cd6d5f02cc32f92cf6c08.png', 210, 'App\\Models\\Product', '2023-03-21 19:31:00', '2023-03-21 19:31:00'),
(839, 'products/70b799105bfc93e3d7f353bea030ecdb.png', 210, 'App\\Models\\Product', '2023-03-21 19:31:00', '2023-03-21 19:31:00'),
(840, 'products/f5f905134c27506a4821f0a96ca0b4c2.png', 210, 'App\\Models\\Product', '2023-03-21 19:31:00', '2023-03-21 19:31:00'),
(841, 'products/a12755c7f3ddb5ee253258d151573f4b.png', 211, 'App\\Models\\Product', '2023-03-21 19:31:02', '2023-03-21 19:31:02'),
(842, 'products/a9a7061a6d0aac501471f1e248f10afe.png', 211, 'App\\Models\\Product', '2023-03-21 19:31:02', '2023-03-21 19:31:02'),
(843, 'products/7faf1e08aea43694c5284a0ab0a86eac.png', 211, 'App\\Models\\Product', '2023-03-21 19:31:02', '2023-03-21 19:31:02'),
(844, 'products/fe9f88aa0f941c4ae768967a0d73dc3b.png', 211, 'App\\Models\\Product', '2023-03-21 19:31:02', '2023-03-21 19:31:02'),
(845, 'products/21f967066b401761b84c55dc9b6ea745.png', 212, 'App\\Models\\Product', '2023-03-21 19:31:04', '2023-03-21 19:31:04'),
(846, 'products/786fbf86a8916971495898fa3657dde5.png', 212, 'App\\Models\\Product', '2023-03-21 19:31:04', '2023-03-21 19:31:04'),
(847, 'products/9a4cfab9c97c8df9105fc4e77249f27d.png', 212, 'App\\Models\\Product', '2023-03-21 19:31:04', '2023-03-21 19:31:04'),
(848, 'products/4084620382eeaa7e5fbba0110f4a5ba8.png', 212, 'App\\Models\\Product', '2023-03-21 19:31:04', '2023-03-21 19:31:04'),
(849, 'products/b76572989c9379f8688daa1a88383e26.png', 213, 'App\\Models\\Product', '2023-03-21 19:31:06', '2023-03-21 19:31:06'),
(850, 'products/4342cf914c6d72a9ef63454a5dfe9b40.png', 213, 'App\\Models\\Product', '2023-03-21 19:31:06', '2023-03-21 19:31:06'),
(851, 'products/2dd95b127050956a232ea432a406975e.png', 213, 'App\\Models\\Product', '2023-03-21 19:31:06', '2023-03-21 19:31:06'),
(852, 'products/bea6976266ece9b921d33a08541a9cdb.png', 213, 'App\\Models\\Product', '2023-03-21 19:31:06', '2023-03-21 19:31:06'),
(853, 'products/d1d5c64ce23bb40b95c6e4c6a0940dc6.png', 214, 'App\\Models\\Product', '2023-03-21 19:31:07', '2023-03-21 19:31:07'),
(854, 'products/01ebf968d63a33f983499f6b757e0b79.png', 214, 'App\\Models\\Product', '2023-03-21 19:31:07', '2023-03-21 19:31:07'),
(855, 'products/8b63823ae73a2d2b2dc10043ddfb594f.png', 214, 'App\\Models\\Product', '2023-03-21 19:31:07', '2023-03-21 19:31:07'),
(856, 'products/091d87764a7523cb6aa92618d183ed03.png', 214, 'App\\Models\\Product', '2023-03-21 19:31:07', '2023-03-21 19:31:07'),
(857, 'products/eadc7a9bd9d9593c1371e8df81618fdb.png', 215, 'App\\Models\\Product', '2023-03-21 19:31:09', '2023-03-21 19:31:09'),
(858, 'products/3b0fa6161fe0c8e27f5c380404c5fdac.png', 215, 'App\\Models\\Product', '2023-03-21 19:31:09', '2023-03-21 19:31:09'),
(859, 'products/dc2f0519eabe016d8e3383b0417cb16d.png', 215, 'App\\Models\\Product', '2023-03-21 19:31:09', '2023-03-21 19:31:09'),
(860, 'products/2ed5cf6d50b4ced8dac4ef0ae56d41f3.png', 215, 'App\\Models\\Product', '2023-03-21 19:31:09', '2023-03-21 19:31:09'),
(861, 'products/86fbce234b0aad2bf0362e59f6f54d3e.png', 216, 'App\\Models\\Product', '2023-03-21 19:31:11', '2023-03-21 19:31:11'),
(862, 'products/7355dac1ff9c25922b1cf3a3c44b0969.png', 216, 'App\\Models\\Product', '2023-03-21 19:31:11', '2023-03-21 19:31:11'),
(863, 'products/86b0a1b5e4d80398bec109c01d88446d.png', 216, 'App\\Models\\Product', '2023-03-21 19:31:11', '2023-03-21 19:31:11'),
(864, 'products/bfc0cb0ddbb5020d3e2fcee019bc8ee8.png', 216, 'App\\Models\\Product', '2023-03-21 19:31:11', '2023-03-21 19:31:11'),
(865, 'products/b0c56e9534a8f23413fc8a44ad3c53ad.png', 217, 'App\\Models\\Product', '2023-03-21 19:31:13', '2023-03-21 19:31:13'),
(866, 'products/48e6936a68c1a74ae7522be0571aa21e.png', 217, 'App\\Models\\Product', '2023-03-21 19:31:13', '2023-03-21 19:31:13'),
(867, 'products/091522f77b4173e6e557621aaefe9549.png', 217, 'App\\Models\\Product', '2023-03-21 19:31:13', '2023-03-21 19:31:13'),
(868, 'products/9cd2e9f8fd90f728ca60040e1e6240a5.png', 217, 'App\\Models\\Product', '2023-03-21 19:31:13', '2023-03-21 19:31:13'),
(869, 'products/9628f7d4b7ff2ab9cbc87f7e1722d11e.png', 218, 'App\\Models\\Product', '2023-03-21 19:31:15', '2023-03-21 19:31:15'),
(870, 'products/8841e670bb87275d1cd3673f570dd9a5.png', 218, 'App\\Models\\Product', '2023-03-21 19:31:15', '2023-03-21 19:31:15'),
(871, 'products/f716fc072cd6c36e14595909fe439726.png', 218, 'App\\Models\\Product', '2023-03-21 19:31:15', '2023-03-21 19:31:15'),
(872, 'products/56bf6c5a2ce95d09f0d023ffeb62ed15.png', 218, 'App\\Models\\Product', '2023-03-21 19:31:15', '2023-03-21 19:31:15'),
(873, 'products/d9d99c414d9ec340e8df8c2c517d8a98.png', 219, 'App\\Models\\Product', '2023-03-21 19:31:17', '2023-03-21 19:31:17'),
(874, 'products/017b186ff400955a11ee3fe6df45df94.png', 219, 'App\\Models\\Product', '2023-03-21 19:31:17', '2023-03-21 19:31:17'),
(875, 'products/7b687f96326a4e0cdce47496ae3c82b1.png', 219, 'App\\Models\\Product', '2023-03-21 19:31:17', '2023-03-21 19:31:17'),
(876, 'products/2f9fb129723ad09df5bf1106574264ca.png', 219, 'App\\Models\\Product', '2023-03-21 19:31:17', '2023-03-21 19:31:17'),
(877, 'products/203caba2434b633e5aaee4937cf5177a.png', 220, 'App\\Models\\Product', '2023-03-21 19:31:19', '2023-03-21 19:31:19'),
(878, 'products/f6f39acaa4261dd160edb1579dd3c1fc.png', 220, 'App\\Models\\Product', '2023-03-21 19:31:19', '2023-03-21 19:31:19'),
(879, 'products/402c5a7ab6d08b6e9d8969c9a41f2a97.png', 220, 'App\\Models\\Product', '2023-03-21 19:31:19', '2023-03-21 19:31:19'),
(880, 'products/2cab4a18695524675a79d65f6c4690ac.png', 220, 'App\\Models\\Product', '2023-03-21 19:31:19', '2023-03-21 19:31:19'),
(881, 'products/7d304a9bd33c1104bc1780d6354f9bd4.png', 221, 'App\\Models\\Product', '2023-03-21 19:31:21', '2023-03-21 19:31:21'),
(882, 'products/7adb71bab5b17d963b9ce9ebdba6b9f1.png', 221, 'App\\Models\\Product', '2023-03-21 19:31:21', '2023-03-21 19:31:21'),
(883, 'products/3b5acbcc2c650299fff80bd95b3bfe56.png', 221, 'App\\Models\\Product', '2023-03-21 19:31:21', '2023-03-21 19:31:21'),
(884, 'products/bc9dfda525b57a543c9f1e6cd0851475.png', 221, 'App\\Models\\Product', '2023-03-21 19:31:21', '2023-03-21 19:31:21'),
(885, 'products/16113599875fe4903cb9568c5501ab93.png', 222, 'App\\Models\\Product', '2023-03-21 19:31:23', '2023-03-21 19:31:23'),
(886, 'products/11061a83d9680b92b4f27d680aab9ce7.png', 222, 'App\\Models\\Product', '2023-03-21 19:31:23', '2023-03-21 19:31:23'),
(887, 'products/e5c46acbc2366423b7620ce8c44c3da6.png', 222, 'App\\Models\\Product', '2023-03-21 19:31:23', '2023-03-21 19:31:23'),
(888, 'products/d4a18dc8bba5516b551080f84bde9ecd.png', 222, 'App\\Models\\Product', '2023-03-21 19:31:23', '2023-03-21 19:31:23'),
(889, 'products/ed2f080b17ca0138fb2344633633ee80.png', 223, 'App\\Models\\Product', '2023-03-21 19:31:25', '2023-03-21 19:31:25'),
(890, 'products/ae9d42e8cfc7927f5a330e34aee5f6ff.png', 223, 'App\\Models\\Product', '2023-03-21 19:31:25', '2023-03-21 19:31:25'),
(891, 'products/c361200ce98436b7f6c28db99aa7822c.png', 223, 'App\\Models\\Product', '2023-03-21 19:31:25', '2023-03-21 19:31:25'),
(892, 'products/bfa91d8cc79219a913124b6a8aaa8ba5.png', 223, 'App\\Models\\Product', '2023-03-21 19:31:25', '2023-03-21 19:31:25'),
(893, 'products/33dd68c4167de4366deff27250d38524.png', 224, 'App\\Models\\Product', '2023-03-21 19:31:26', '2023-03-21 19:31:26'),
(894, 'products/24110a149b57b5f12885b72c4b644c95.png', 224, 'App\\Models\\Product', '2023-03-21 19:31:26', '2023-03-21 19:31:26'),
(895, 'products/31482309b192708686f748d21456e4b4.png', 224, 'App\\Models\\Product', '2023-03-21 19:31:26', '2023-03-21 19:31:26'),
(896, 'products/d13df26b345599dce3cf9e5603e3e329.png', 224, 'App\\Models\\Product', '2023-03-21 19:31:26', '2023-03-21 19:31:26'),
(897, 'products/8616de3c4973f3c6fa1722dff9f0ee59.png', 225, 'App\\Models\\Product', '2023-03-21 19:31:28', '2023-03-21 19:31:28'),
(898, 'products/dcc277ee00b683b674c08a4d6625b37e.png', 225, 'App\\Models\\Product', '2023-03-21 19:31:28', '2023-03-21 19:31:28'),
(899, 'products/d50903783db983c3baeaabcab0fdb3c3.png', 225, 'App\\Models\\Product', '2023-03-21 19:31:28', '2023-03-21 19:31:28'),
(900, 'products/c4cec2d70b536841b42ff43af1c64fba.png', 225, 'App\\Models\\Product', '2023-03-21 19:31:29', '2023-03-21 19:31:29'),
(901, 'products/2c4555fb4dfda444a1af07911f1c4273.png', 226, 'App\\Models\\Product', '2023-03-21 19:31:31', '2023-03-21 19:31:31'),
(902, 'products/fb82f9f514c80690807e0bbcf5432f01.png', 226, 'App\\Models\\Product', '2023-03-21 19:31:31', '2023-03-21 19:31:31'),
(903, 'products/b5f80f1ae16ec800615aec8262c137fb.png', 226, 'App\\Models\\Product', '2023-03-21 19:31:31', '2023-03-21 19:31:31'),
(904, 'products/da590270290ae907068b221b722ba31b.png', 226, 'App\\Models\\Product', '2023-03-21 19:31:31', '2023-03-21 19:31:31'),
(905, 'products/3198c4eba25da33a320c8887cc5c35e3.png', 227, 'App\\Models\\Product', '2023-03-21 19:31:33', '2023-03-21 19:31:33'),
(906, 'products/d87370d448bdf7205bae9a053114f2cf.png', 227, 'App\\Models\\Product', '2023-03-21 19:31:33', '2023-03-21 19:31:33'),
(907, 'products/9389af449ef36f0078294540c48cfd87.png', 227, 'App\\Models\\Product', '2023-03-21 19:31:33', '2023-03-21 19:31:33'),
(908, 'products/149b69a7ab46c4fce32d2aeb9466a62c.png', 227, 'App\\Models\\Product', '2023-03-21 19:31:33', '2023-03-21 19:31:33'),
(909, 'products/1f9349a05374443aed2fb89088fd0d4f.png', 228, 'App\\Models\\Product', '2023-03-21 19:31:35', '2023-03-21 19:31:35'),
(910, 'products/6fd9d7251557328f31025c6a30aad558.png', 228, 'App\\Models\\Product', '2023-03-21 19:31:35', '2023-03-21 19:31:35'),
(911, 'products/b9e2dea18855f2cee056436e809ec1b6.png', 228, 'App\\Models\\Product', '2023-03-21 19:31:35', '2023-03-21 19:31:35'),
(912, 'products/0f982181e58e1049b26517b3cde3c871.png', 228, 'App\\Models\\Product', '2023-03-21 19:31:35', '2023-03-21 19:31:35'),
(913, 'products/a95a0a0025675892d5c876a32ba966e6.png', 229, 'App\\Models\\Product', '2023-03-21 19:31:37', '2023-03-21 19:31:37'),
(914, 'products/d0c46599f9ffaeb1d8fc2fb7d39414c8.png', 229, 'App\\Models\\Product', '2023-03-21 19:31:37', '2023-03-21 19:31:37'),
(915, 'products/71dc64299ce12680e8681dc228a3c1ae.png', 229, 'App\\Models\\Product', '2023-03-21 19:31:37', '2023-03-21 19:31:37'),
(916, 'products/877bfb52ca8eb3c82cd9f1921f2babeb.png', 229, 'App\\Models\\Product', '2023-03-21 19:31:37', '2023-03-21 19:31:37'),
(917, 'products/aa94494a1a54e74d73ea154cf0697dc8.png', 230, 'App\\Models\\Product', '2023-03-21 19:31:40', '2023-03-21 19:31:40'),
(918, 'products/0976a96223bcddd14f345a71be28af8e.png', 230, 'App\\Models\\Product', '2023-03-21 19:31:40', '2023-03-21 19:31:40'),
(919, 'products/0020a62cfad28ac08cd6a0bcd10d16c3.png', 230, 'App\\Models\\Product', '2023-03-21 19:31:40', '2023-03-21 19:31:40'),
(920, 'products/a1c7c46febfac20976f8d4588c8adac4.png', 230, 'App\\Models\\Product', '2023-03-21 19:31:40', '2023-03-21 19:31:40'),
(921, 'products/32792d288ce9c2a4318d434abdfb349b.png', 231, 'App\\Models\\Product', '2023-03-21 19:31:42', '2023-03-21 19:31:42'),
(922, 'products/ffed477ced9ee46acf863f0f1b12475e.png', 231, 'App\\Models\\Product', '2023-03-21 19:31:42', '2023-03-21 19:31:42'),
(923, 'products/18ca45c874810f9504f6b2a828abd410.png', 231, 'App\\Models\\Product', '2023-03-21 19:31:42', '2023-03-21 19:31:42'),
(924, 'products/e935399b3cc7e1ef6f3ea756a0936048.png', 231, 'App\\Models\\Product', '2023-03-21 19:31:42', '2023-03-21 19:31:42'),
(925, 'products/efd2921a8502d4884adbcd21be5133bd.png', 232, 'App\\Models\\Product', '2023-03-21 19:31:44', '2023-03-21 19:31:44'),
(926, 'products/59b68ff7b81c00a2d8489f6ecbbb659a.png', 232, 'App\\Models\\Product', '2023-03-21 19:31:44', '2023-03-21 19:31:44'),
(927, 'products/26386e5b9088f12883f018e22343f40f.png', 232, 'App\\Models\\Product', '2023-03-21 19:31:44', '2023-03-21 19:31:44'),
(928, 'products/f97e55e850e3369136fdec42e2f45dba.png', 232, 'App\\Models\\Product', '2023-03-21 19:31:44', '2023-03-21 19:31:44'),
(929, 'products/f8ebec40663ca506e231be6b4bda0b34.png', 233, 'App\\Models\\Product', '2023-03-21 19:31:46', '2023-03-21 19:31:46'),
(930, 'products/beac70a470288ff2a5f3bcda65b86098.png', 233, 'App\\Models\\Product', '2023-03-21 19:31:46', '2023-03-21 19:31:46'),
(931, 'products/2413c439519159ff4c8949352871a1f7.png', 233, 'App\\Models\\Product', '2023-03-21 19:31:46', '2023-03-21 19:31:46'),
(932, 'products/fb9e99026ceb61101f480d169a4c0b65.png', 233, 'App\\Models\\Product', '2023-03-21 19:31:46', '2023-03-21 19:31:46'),
(933, 'products/8ff49366431cdbb0654053d0387ba408.png', 234, 'App\\Models\\Product', '2023-03-21 19:31:48', '2023-03-21 19:31:48'),
(934, 'products/0981c2b7a778174aa12af5a21b871957.png', 234, 'App\\Models\\Product', '2023-03-21 19:31:48', '2023-03-21 19:31:48'),
(935, 'products/5e08c37171a58ce268c1867e9c52b461.png', 234, 'App\\Models\\Product', '2023-03-21 19:31:48', '2023-03-21 19:31:48'),
(936, 'products/decde905231d80b514c37aa69f596a25.png', 234, 'App\\Models\\Product', '2023-03-21 19:31:48', '2023-03-21 19:31:48'),
(937, 'products/8af04feae82fde3e815e8811969aab97.png', 235, 'App\\Models\\Product', '2023-03-21 19:31:49', '2023-03-21 19:31:49'),
(938, 'products/0caafd481010f55b470ce88856250ddf.png', 235, 'App\\Models\\Product', '2023-03-21 19:31:49', '2023-03-21 19:31:49'),
(939, 'products/12ceb2123403b06cc34d0ec84112ddb8.png', 235, 'App\\Models\\Product', '2023-03-21 19:31:49', '2023-03-21 19:31:49'),
(940, 'products/e41ae136802d2bf2ab8985171251986e.png', 235, 'App\\Models\\Product', '2023-03-21 19:31:49', '2023-03-21 19:31:49'),
(941, 'products/9b3aae3928b7a441843e1018d6297b59.png', 236, 'App\\Models\\Product', '2023-03-21 19:31:51', '2023-03-21 19:31:51'),
(942, 'products/d380e51207b9f01d1e1f675226c4bc6c.png', 236, 'App\\Models\\Product', '2023-03-21 19:31:51', '2023-03-21 19:31:51'),
(943, 'products/a8fc52c642666fd0a0dd2a88740a95b7.png', 236, 'App\\Models\\Product', '2023-03-21 19:31:51', '2023-03-21 19:31:51'),
(944, 'products/4ee2ea98d8a034c053a1c880e90bc2b3.png', 236, 'App\\Models\\Product', '2023-03-21 19:31:51', '2023-03-21 19:31:51'),
(945, 'products/15e44225d7242414695308405546045f.png', 237, 'App\\Models\\Product', '2023-03-21 19:31:53', '2023-03-21 19:31:53'),
(946, 'products/a36bd373983fb7ff4601f6d47751877a.png', 237, 'App\\Models\\Product', '2023-03-21 19:31:53', '2023-03-21 19:31:53'),
(947, 'products/9b1b34c90bafbfdee0ccf5e8bff78339.png', 237, 'App\\Models\\Product', '2023-03-21 19:31:53', '2023-03-21 19:31:53'),
(948, 'products/f72842e1268af66e39e053b8fa561bd8.png', 237, 'App\\Models\\Product', '2023-03-21 19:31:53', '2023-03-21 19:31:53'),
(949, 'products/0c4bbe17a11a4c7eb2e56194e0ee6871.png', 238, 'App\\Models\\Product', '2023-03-21 19:31:55', '2023-03-21 19:31:55'),
(950, 'products/d9636cd6722f0b0a79272a196e9bb049.png', 238, 'App\\Models\\Product', '2023-03-21 19:31:55', '2023-03-21 19:31:55'),
(951, 'products/862476eb7149071e592b8a501e3eba1f.png', 238, 'App\\Models\\Product', '2023-03-21 19:31:55', '2023-03-21 19:31:55'),
(952, 'products/5f69d4a1e5018e109cb8db00fcff4c00.png', 238, 'App\\Models\\Product', '2023-03-21 19:31:55', '2023-03-21 19:31:55'),
(953, 'products/22b16040cc9cc0d3e7eaaad574091ddd.png', 239, 'App\\Models\\Product', '2023-03-21 19:31:57', '2023-03-21 19:31:57'),
(954, 'products/35fba686d1eb87e9cd0e016fe8cf2d92.png', 239, 'App\\Models\\Product', '2023-03-21 19:31:57', '2023-03-21 19:31:57'),
(955, 'products/cda9adaca11ccbfaa3c308e27a24e5d0.png', 239, 'App\\Models\\Product', '2023-03-21 19:31:57', '2023-03-21 19:31:57'),
(956, 'products/be5bf7b7df3d3a0f3cb63ee7b4065a9c.png', 239, 'App\\Models\\Product', '2023-03-21 19:31:57', '2023-03-21 19:31:57'),
(957, 'products/b056e312a3a46a5d6cfb66cc15d1175f.png', 240, 'App\\Models\\Product', '2023-03-21 19:31:59', '2023-03-21 19:31:59'),
(958, 'products/fe6f7fdabf598fefcca850621eda2a52.png', 240, 'App\\Models\\Product', '2023-03-21 19:31:59', '2023-03-21 19:31:59'),
(959, 'products/c76ee498d47eb48885def2863a196dd2.png', 240, 'App\\Models\\Product', '2023-03-21 19:31:59', '2023-03-21 19:31:59'),
(960, 'products/63576db77e51091c189bfc73d80d6f0f.png', 240, 'App\\Models\\Product', '2023-03-21 19:31:59', '2023-03-21 19:31:59'),
(961, 'products/ee8e037084141bdc6834d9d693016c94.png', 241, 'App\\Models\\Product', '2023-03-21 19:32:01', '2023-03-21 19:32:01'),
(962, 'products/4307385a83f713deea2cc47488cc76c5.png', 241, 'App\\Models\\Product', '2023-03-21 19:32:01', '2023-03-21 19:32:01'),
(963, 'products/8cf92ec0f046a549e79746a2a3faa677.png', 241, 'App\\Models\\Product', '2023-03-21 19:32:01', '2023-03-21 19:32:01'),
(964, 'products/f738f21fb15c86ad02a12e1a6ab99f60.png', 241, 'App\\Models\\Product', '2023-03-21 19:32:01', '2023-03-21 19:32:01'),
(965, 'products/32638fccde05d5ef74a18b2690f58f3a.png', 242, 'App\\Models\\Product', '2023-03-21 19:32:03', '2023-03-21 19:32:03'),
(966, 'products/f709d133fcef202144c34648bb8de545.png', 242, 'App\\Models\\Product', '2023-03-21 19:32:03', '2023-03-21 19:32:03'),
(967, 'products/58d165be772905ae45186f8085d308cb.png', 242, 'App\\Models\\Product', '2023-03-21 19:32:03', '2023-03-21 19:32:03'),
(968, 'products/cde13330b43b171826720e74f2e68194.png', 242, 'App\\Models\\Product', '2023-03-21 19:32:03', '2023-03-21 19:32:03'),
(969, 'products/3aeb8d168974371ebc5a625de09aa382.png', 243, 'App\\Models\\Product', '2023-03-21 19:32:05', '2023-03-21 19:32:05'),
(970, 'products/789ccf0723aca49f26437cf94b24ebdf.png', 243, 'App\\Models\\Product', '2023-03-21 19:32:05', '2023-03-21 19:32:05'),
(971, 'products/27d18d9ff05aef5dc71b9cb88bcf2557.png', 243, 'App\\Models\\Product', '2023-03-21 19:32:05', '2023-03-21 19:32:05'),
(972, 'products/600570c423ba9499eabcad523413f410.png', 243, 'App\\Models\\Product', '2023-03-21 19:32:05', '2023-03-21 19:32:05'),
(973, 'products/4f33cb063914796780ac9b6460a8eacc.png', 244, 'App\\Models\\Product', '2023-03-21 19:32:06', '2023-03-21 19:32:06'),
(974, 'products/d84b9807d10f4bd9e8b1d01cfc836ae0.png', 244, 'App\\Models\\Product', '2023-03-21 19:32:06', '2023-03-21 19:32:06'),
(975, 'products/fd1ee7735796896c627486d3f8824b8e.png', 244, 'App\\Models\\Product', '2023-03-21 19:32:06', '2023-03-21 19:32:06'),
(976, 'products/4320b3abdc72ac8a23e4bd5f3b88fde4.png', 244, 'App\\Models\\Product', '2023-03-21 19:32:06', '2023-03-21 19:32:06'),
(977, 'products/2ebf7e0a49cb095acb3581a59ec09587.png', 245, 'App\\Models\\Product', '2023-03-21 19:32:08', '2023-03-21 19:32:08'),
(978, 'products/cb5adddcbe4cf9dce244c7c82f5c7cda.png', 245, 'App\\Models\\Product', '2023-03-21 19:32:08', '2023-03-21 19:32:08'),
(979, 'products/b2acf63b7db43eee335e191b62ca7904.png', 245, 'App\\Models\\Product', '2023-03-21 19:32:08', '2023-03-21 19:32:08'),
(980, 'products/12172d129cad8c7da1de1e9088bfd482.png', 245, 'App\\Models\\Product', '2023-03-21 19:32:08', '2023-03-21 19:32:08'),
(981, 'products/7a46d8afbf985c63d2e854c5f319d120.png', 246, 'App\\Models\\Product', '2023-03-21 19:32:11', '2023-03-21 19:32:11'),
(982, 'products/e1d36702701624e941d8826409a516ba.png', 246, 'App\\Models\\Product', '2023-03-21 19:32:11', '2023-03-21 19:32:11'),
(983, 'products/7529b4d82da4f5ffe149211597c1d3d7.png', 246, 'App\\Models\\Product', '2023-03-21 19:32:11', '2023-03-21 19:32:11'),
(984, 'products/974dff8fa93ba240de88a5d6448a1bc4.png', 246, 'App\\Models\\Product', '2023-03-21 19:32:11', '2023-03-21 19:32:11'),
(985, 'products/6c13ff4d44614cbeb2b0358d190fda3c.png', 247, 'App\\Models\\Product', '2023-03-21 19:32:13', '2023-03-21 19:32:13'),
(986, 'products/87491cef4cc85d73ab7f762d9ad342a2.png', 247, 'App\\Models\\Product', '2023-03-21 19:32:13', '2023-03-21 19:32:13'),
(987, 'products/d33ba7c5c64601012bb510cf8eb56d37.png', 247, 'App\\Models\\Product', '2023-03-21 19:32:13', '2023-03-21 19:32:13'),
(988, 'products/581b46b11691d326d087e00d60bde963.png', 247, 'App\\Models\\Product', '2023-03-21 19:32:13', '2023-03-21 19:32:13'),
(989, 'products/8129e57b95bb54edaae191032b78d563.png', 248, 'App\\Models\\Product', '2023-03-21 19:32:15', '2023-03-21 19:32:15'),
(990, 'products/2278445dab524cfecc015d147288a75a.png', 248, 'App\\Models\\Product', '2023-03-21 19:32:15', '2023-03-21 19:32:15'),
(991, 'products/c4d560299627c332df31e1a1cf7b5c5b.png', 248, 'App\\Models\\Product', '2023-03-21 19:32:15', '2023-03-21 19:32:15'),
(992, 'products/b83f0280aa9432b3968cef3bb60db826.png', 248, 'App\\Models\\Product', '2023-03-21 19:32:15', '2023-03-21 19:32:15'),
(993, 'products/de28e23d853275b768b27102ec9cad08.png', 249, 'App\\Models\\Product', '2023-03-21 19:32:16', '2023-03-21 19:32:16'),
(994, 'products/3020c9eb8598d323df175dcfd7657623.png', 249, 'App\\Models\\Product', '2023-03-21 19:32:16', '2023-03-21 19:32:16'),
(995, 'products/9a4f507ccf88326171c2ad5619109a85.png', 249, 'App\\Models\\Product', '2023-03-21 19:32:16', '2023-03-21 19:32:16'),
(996, 'products/0bd7bc61cdbc751b52624edb16867249.png', 249, 'App\\Models\\Product', '2023-03-21 19:32:16', '2023-03-21 19:32:16'),
(997, 'products/1efc6e62d4553a8399dbfd1a4ed17b58.png', 250, 'App\\Models\\Product', '2023-03-21 19:32:18', '2023-03-21 19:32:18'),
(998, 'products/c07e0854de5e4ee2bfd9089f744567c2.png', 250, 'App\\Models\\Product', '2023-03-21 19:32:18', '2023-03-21 19:32:18'),
(999, 'products/e7667824584fd3dbd665279c29b9bd82.png', 250, 'App\\Models\\Product', '2023-03-21 19:32:18', '2023-03-21 19:32:18'),
(1000, 'products/63d817a8b0f72afeea31f2a02aaa9e5c.png', 250, 'App\\Models\\Product', '2023-03-21 19:32:18', '2023-03-21 19:32:18');

-- --------------------------------------------------------

--
-- Estructura de tabla para la tabla `migrations`
--

CREATE TABLE `migrations` (
  `id` int UNSIGNED NOT NULL,
  `migration` varchar(255) COLLATE utf8mb4_unicode_ci NOT NULL,
  `batch` int NOT NULL
) ENGINE=InnoDB DEFAULT CHARSET=utf8mb4 COLLATE=utf8mb4_unicode_ci;

--
-- Volcado de datos para la tabla `migrations`
--

INSERT INTO `migrations` (`id`, `migration`, `batch`) VALUES
(1, '2014_10_12_000000_create_users_table', 1),
(2, '2014_10_12_100000_create_password_resets_table', 1),
(3, '2014_10_12_200000_add_two_factor_columns_to_users_table', 1),
(4, '2018_12_23_120000_create_shoppingcart_table', 1),
(5, '2019_08_19_000000_create_failed_jobs_table', 1),
(6, '2019_12_14_000001_create_personal_access_tokens_table', 1),
(7, '2021_07_24_162427_create_sessions_table', 1),
(8, '2021_07_24_165639_create_categories_table', 1),
(9, '2021_07_24_171541_create_subcategories_table', 1),
(10, '2021_07_24_172736_create_brands_table', 1),
(11, '2021_07_24_173146_create_brand_category_table', 1),
(12, '2021_07_24_173521_create_products_table', 1),
(13, '2021_07_26_163250_create_colors_table', 1),
(14, '2021_07_26_163623_create_color_product_table', 1),
(15, '2021_07_26_163855_create_sizes_table', 1),
(16, '2021_07_26_164456_create_color_size_table', 1),
(17, '2021_07_26_174546_create_images_table', 1),
(18, '2021_08_11_174308_create_departments_table', 1),
(19, '2021_08_11_174322_create_cities_table', 1),
(20, '2021_08_11_174331_create_districts_table', 1),
(21, '2021_08_11_174340_create_orders_table', 1),
(22, '2021_08_25_154104_create_permission_tables', 1);

-- --------------------------------------------------------

--
-- Estructura de tabla para la tabla `model_has_permissions`
--

CREATE TABLE `model_has_permissions` (
  `permission_id` bigint UNSIGNED NOT NULL,
  `model_type` varchar(255) COLLATE utf8mb4_unicode_ci NOT NULL,
  `model_id` bigint UNSIGNED NOT NULL
) ENGINE=InnoDB DEFAULT CHARSET=utf8mb4 COLLATE=utf8mb4_unicode_ci;

-- --------------------------------------------------------

--
-- Estructura de tabla para la tabla `model_has_roles`
--

CREATE TABLE `model_has_roles` (
  `role_id` bigint UNSIGNED NOT NULL,
  `model_type` varchar(255) COLLATE utf8mb4_unicode_ci NOT NULL,
  `model_id` bigint UNSIGNED NOT NULL
) ENGINE=InnoDB DEFAULT CHARSET=utf8mb4 COLLATE=utf8mb4_unicode_ci;

--
-- Volcado de datos para la tabla `model_has_roles`
--

INSERT INTO `model_has_roles` (`role_id`, `model_type`, `model_id`) VALUES
(1, 'App\\Models\\User', 1);

-- --------------------------------------------------------

--
-- Estructura de tabla para la tabla `orders`
--

CREATE TABLE `orders` (
  `id` bigint UNSIGNED NOT NULL,
  `user_id` bigint UNSIGNED NOT NULL,
  `contact` varchar(255) COLLATE utf8mb4_unicode_ci NOT NULL,
  `phone` varchar(255) COLLATE utf8mb4_unicode_ci NOT NULL,
  `status` enum('1','2','3','4','5') COLLATE utf8mb4_unicode_ci NOT NULL DEFAULT '1',
  `envio_type` enum('1','2') COLLATE utf8mb4_unicode_ci NOT NULL,
  `shipping_cost` double(8,2) NOT NULL,
  `total` double(8,2) NOT NULL,
  `content` json NOT NULL,
  `envio` json DEFAULT NULL,
  `created_at` timestamp NULL DEFAULT NULL,
  `updated_at` timestamp NULL DEFAULT NULL
) ENGINE=InnoDB DEFAULT CHARSET=utf8mb4 COLLATE=utf8mb4_unicode_ci;

-- --------------------------------------------------------

--
-- Estructura de tabla para la tabla `password_resets`
--

CREATE TABLE `password_resets` (
  `email` varchar(255) COLLATE utf8mb4_unicode_ci NOT NULL,
  `token` varchar(255) COLLATE utf8mb4_unicode_ci NOT NULL,
  `created_at` timestamp NULL DEFAULT NULL
) ENGINE=InnoDB DEFAULT CHARSET=utf8mb4 COLLATE=utf8mb4_unicode_ci;

-- --------------------------------------------------------

--
-- Estructura de tabla para la tabla `permissions`
--

CREATE TABLE `permissions` (
  `id` bigint UNSIGNED NOT NULL,
  `name` varchar(255) COLLATE utf8mb4_unicode_ci NOT NULL,
  `guard_name` varchar(255) COLLATE utf8mb4_unicode_ci NOT NULL,
  `created_at` timestamp NULL DEFAULT NULL,
  `updated_at` timestamp NULL DEFAULT NULL
) ENGINE=InnoDB DEFAULT CHARSET=utf8mb4 COLLATE=utf8mb4_unicode_ci;

-- --------------------------------------------------------

--
-- Estructura de tabla para la tabla `personal_access_tokens`
--

CREATE TABLE `personal_access_tokens` (
  `id` bigint UNSIGNED NOT NULL,
  `tokenable_type` varchar(255) COLLATE utf8mb4_unicode_ci NOT NULL,
  `tokenable_id` bigint UNSIGNED NOT NULL,
  `name` varchar(255) COLLATE utf8mb4_unicode_ci NOT NULL,
  `token` varchar(64) COLLATE utf8mb4_unicode_ci NOT NULL,
  `abilities` text COLLATE utf8mb4_unicode_ci,
  `last_used_at` timestamp NULL DEFAULT NULL,
  `created_at` timestamp NULL DEFAULT NULL,
  `updated_at` timestamp NULL DEFAULT NULL
) ENGINE=InnoDB DEFAULT CHARSET=utf8mb4 COLLATE=utf8mb4_unicode_ci;

-- --------------------------------------------------------

--
-- Estructura de tabla para la tabla `products`
--

CREATE TABLE `products` (
  `id` bigint UNSIGNED NOT NULL,
  `name` varchar(255) COLLATE utf8mb4_unicode_ci NOT NULL,
  `slug` varchar(255) COLLATE utf8mb4_unicode_ci NOT NULL,
  `description` text COLLATE utf8mb4_unicode_ci NOT NULL,
  `price` double(8,2) NOT NULL,
  `subcategory_id` bigint UNSIGNED NOT NULL,
  `brand_id` bigint UNSIGNED NOT NULL,
  `quantity` int DEFAULT NULL,
  `status` enum('1','2') COLLATE utf8mb4_unicode_ci NOT NULL DEFAULT '1',
  `created_at` timestamp NULL DEFAULT NULL,
  `updated_at` timestamp NULL DEFAULT NULL
) ENGINE=InnoDB DEFAULT CHARSET=utf8mb4 COLLATE=utf8mb4_unicode_ci;

--
-- Volcado de datos para la tabla `products`
--

INSERT INTO `products` (`id`, `name`, `slug`, `description`, `price`, `subcategory_id`, `brand_id`, `quantity`, `status`, `created_at`, `updated_at`) VALUES
(1, 'Ab consequuntur.', 'ab-consequuntur', 'Vel molestiae sed qui debitis ullam. Iste distinctio accusamus eos voluptas. Exercitationem quo numquam dolor ea. Quas autem omnis quibusdam maiores consectetur laborum quaerat.', 99.99, 6, 5, 15, '2', '2023-03-21 19:23:40', '2023-03-21 19:23:40'),
(2, 'Voluptatem eveniet.', 'voluptatem-eveniet', 'Iusto optio et non quaerat dolorem. Harum ex et rerum saepe dolor et sapiente quae. Nemo optio voluptates doloribus quia ipsum sint.', 99.99, 17, 18, 15, '2', '2023-03-21 19:23:40', '2023-03-21 19:23:40'),
(3, 'Et amet.', 'et-amet', 'Quo quasi sit velit facilis. Dolor rerum nulla voluptas qui ut.', 19.99, 17, 20, 15, '2', '2023-03-21 19:23:40', '2023-03-21 19:23:40'),
(4, 'Sunt ut quia.', 'sunt-ut-quia', 'Expedita dolor sit et nihil. Tempore omnis temporibus atque culpa porro sed. Officiis neque veniam maiores. Deserunt sit veniam tenetur sit deserunt sint aut tempore.', 99.99, 7, 9, 15, '2', '2023-03-21 19:23:40', '2023-03-21 19:23:40'),
(5, 'Reiciendis odit.', 'reiciendis-odit', 'Voluptates inventore omnis deserunt est vel sed. Necessitatibus sed libero vel quo nam.', 19.99, 6, 7, 15, '2', '2023-03-21 19:23:40', '2023-03-21 19:23:40'),
(6, 'Non quidem.', 'non-quidem', 'Porro impedit necessitatibus quo qui neque. Perspiciatis deserunt itaque labore harum ut sit. Praesentium qui delectus autem. Ipsum recusandae illum quam eligendi ipsum molestias.', 99.99, 11, 16, 15, '2', '2023-03-21 19:23:40', '2023-03-21 19:23:40'),
(7, 'Tempore dolores.', 'tempore-dolores', 'Asperiores mollitia ad fuga sapiente vero. Et quidem rerum vel nihil. Quae odio expedita velit atque et minus deserunt et. Excepturi earum quasi reiciendis ratione.', 19.99, 16, 19, NULL, '2', '2023-03-21 19:23:40', '2023-03-21 19:23:40'),
(8, 'Consectetur laborum tenetur.', 'consectetur-laborum-tenetur', 'Iusto dicta voluptatibus sit ad. Nostrum id atque quaerat quos et. Autem ut quaerat a. Est consequatur qui qui possimus reiciendis.', 19.99, 9, 9, 15, '2', '2023-03-21 19:23:40', '2023-03-21 19:23:40'),
(9, 'Aut est.', 'aut-est', 'Et tempore minus maxime vero pariatur. Quis non vitae ea et. Quasi amet in asperiores alias numquam sit. Voluptatem ab consequuntur in numquam aliquid numquam accusamus nemo.', 19.99, 4, 7, 15, '2', '2023-03-21 19:23:40', '2023-03-21 19:23:40'),
(10, 'Sed odio.', 'sed-odio', 'Quia voluptatum libero ad. Incidunt sed nemo voluptatum. Sit sit et consequatur quas sit harum.', 99.99, 3, 2, 15, '2', '2023-03-21 19:23:40', '2023-03-21 19:23:40'),
(11, 'Asperiores harum qui.', 'asperiores-harum-qui', 'Minus laborum et non veritatis. Aliquam amet ut facere ipsam iste quasi itaque ut. Animi nihil id dolorem reprehenderit doloribus distinctio. Et voluptates ea eum iusto tenetur natus.', 99.99, 18, 18, 15, '2', '2023-03-21 19:23:40', '2023-03-21 19:23:40'),
(12, 'In voluptas quae.', 'in-voluptas-quae', 'Repudiandae perferendis recusandae eum dolorem odit. Quo voluptatibus accusamus ut perspiciatis a. Dicta facere sed voluptatem facere in.', 49.99, 5, 6, 15, '2', '2023-03-21 19:23:40', '2023-03-21 19:23:40'),
(13, 'Amet quisquam.', 'amet-quisquam', 'Nostrum corrupti autem in qui adipisci repellat. Maxime aut harum voluptatem odio id et. Esse rerum rerum ipsam eum eaque et tenetur. Maiores magni doloribus tempore autem.', 19.99, 10, 10, 15, '2', '2023-03-21 19:23:40', '2023-03-21 19:23:40'),
(14, 'In officiis accusantium.', 'in-officiis-accusantium', 'Rerum voluptates ut voluptas. Accusamus dolorum ipsa commodi aut voluptas. Velit occaecati molestias tempore officiis molestias quis id.', 99.99, 11, 14, 15, '2', '2023-03-21 19:23:40', '2023-03-21 19:23:40'),
(15, 'Est iure.', 'est-iure', 'Laudantium deserunt occaecati praesentium quisquam laborum. Rem possimus ut et culpa quod. Quia ea voluptatem repudiandae quasi ex.', 19.99, 15, 18, NULL, '2', '2023-03-21 19:23:40', '2023-03-21 19:23:40'),
(16, 'Voluptatem nemo.', 'voluptatem-nemo', 'Vitae sed neque nesciunt quod voluptatum consequatur nam. Quam quisquam voluptas sed similique animi. Labore in vitae quis ut illo magni voluptas. Officia cumque qui magnam facere.', 99.99, 3, 1, 15, '2', '2023-03-21 19:23:40', '2023-03-21 19:23:40'),
(17, 'Nihil aut ratione.', 'nihil-aut-ratione', 'Alias voluptas deleniti qui autem. Quis non ut sed asperiores eum. Laudantium iste autem facere asperiores eum quia impedit numquam. Quos ut quaerat dolores.', 19.99, 5, 8, 15, '2', '2023-03-21 19:23:40', '2023-03-21 19:23:40'),
(18, 'Repellendus ad.', 'repellendus-ad', 'Aut accusamus delectus cumque. Vero repudiandae voluptas unde non. Cupiditate dolorum id reiciendis.', 99.99, 1, 1, NULL, '2', '2023-03-21 19:23:40', '2023-03-21 19:23:40'),
(19, 'Et voluptatem aperiam.', 'et-voluptatem-aperiam', 'Ipsam rerum voluptatem aspernatur magni. Eos facere iure quia consectetur incidunt eos sequi. Aut excepturi eveniet nobis ratione quibusdam tempore.', 99.99, 17, 19, 15, '2', '2023-03-21 19:23:40', '2023-03-21 19:23:40'),
(20, 'Nobis iste.', 'nobis-iste', 'Itaque est consequuntur ut tempora velit architecto earum ducimus. Quisquam nemo et esse perferendis sit natus nihil. Omnis corrupti quia natus voluptatem rerum rem expedita.', 19.99, 14, 14, 15, '2', '2023-03-21 19:23:40', '2023-03-21 19:23:40'),
(21, 'Illo eaque quis.', 'illo-eaque-quis', 'Non excepturi est qui voluptatum. Ex iste repellendus animi molestiae maxime quasi. Enim sit doloremque voluptate.', 19.99, 13, 14, 15, '2', '2023-03-21 19:23:40', '2023-03-21 19:23:40'),
(22, 'Modi sit.', 'modi-sit', 'Rerum recusandae alias dolor et sint harum dicta. Consequatur consequuntur amet libero reprehenderit. Aut at pariatur id est dolore. Vitae et expedita delectus minus officiis modi qui.', 49.99, 10, 11, 15, '2', '2023-03-21 19:23:40', '2023-03-21 19:23:40'),
(23, 'Consequuntur soluta quibusdam.', 'consequuntur-soluta-quibusdam', 'Soluta sint et beatae et. Perferendis et molestiae consectetur corrupti quo et. Laborum dolorem voluptate eos velit exercitationem eveniet. Enim error possimus sit possimus non.', 49.99, 8, 12, 15, '2', '2023-03-21 19:23:40', '2023-03-21 19:23:40'),
(24, 'Ipsum id.', 'ipsum-id', 'Dolores quam quas nostrum dolorem quo cupiditate. Qui sit qui eius non. At veritatis eum cupiditate. Ut quae cupiditate est eaque.', 49.99, 5, 5, 15, '2', '2023-03-21 19:23:40', '2023-03-21 19:23:40'),
(25, 'Qui ipsa qui.', 'qui-ipsa-qui', 'Quibusdam at eum dignissimos quia ut quidem. Est a ratione ea. Non quos qui dolorem voluptatem quasi est dolorum qui.', 49.99, 4, 5, 15, '2', '2023-03-21 19:23:40', '2023-03-21 19:23:40'),
(26, 'Omnis consequuntur.', 'omnis-consequuntur', 'Eius aut repellendus et repellat asperiores. Dolorem temporibus unde corrupti sit atque veritatis. Alias tenetur dolore qui.', 19.99, 11, 14, 15, '2', '2023-03-21 19:23:40', '2023-03-21 19:23:40'),
(27, 'Aperiam recusandae eveniet.', 'aperiam-recusandae-eveniet', 'Iusto distinctio minima minima quo quod eveniet. Ut architecto et voluptates culpa repellat corporis. Vel deleniti exercitationem perferendis quam aut soluta iure quaerat.', 49.99, 18, 17, 15, '2', '2023-03-21 19:23:40', '2023-03-21 19:23:40'),
(28, 'Porro asperiores voluptatem.', 'porro-asperiores-voluptatem', 'Est ab sed provident. Alias facilis similique quo dolores dolorum vero doloribus. Minima voluptatibus molestiae voluptatem eaque iusto suscipit in.', 99.99, 6, 5, 15, '2', '2023-03-21 19:23:40', '2023-03-21 19:23:40'),
(29, 'Aliquid qui aliquam.', 'aliquid-qui-aliquam', 'Dolor animi inventore aut quam praesentium veritatis labore. Temporibus ut ad doloribus enim. Cum eos ullam voluptatem labore assumenda. Et in nulla quos et est. Ex deleniti dolor ex omnis.', 19.99, 3, 1, 15, '2', '2023-03-21 19:23:40', '2023-03-21 19:23:40'),
(30, 'Minus asperiores.', 'minus-asperiores', 'Nihil consequatur aut soluta quis. Impedit dignissimos id natus assumenda exercitationem aut expedita velit. Qui maiores nam reprehenderit ex sed molestiae sunt.', 49.99, 2, 3, 15, '2', '2023-03-21 19:23:40', '2023-03-21 19:23:40'),
(31, 'Vel voluptates.', 'vel-voluptates', 'Reiciendis accusamus libero libero consequatur autem aut enim. Nihil nihil voluptas mollitia delectus eligendi ea omnis. Ut perspiciatis enim eum ut ut. Quis quas dolores ea nihil quam quos.', 49.99, 16, 18, NULL, '2', '2023-03-21 19:23:40', '2023-03-21 19:23:40'),
(32, 'Qui quia.', 'qui-quia', 'Et ut praesentium exercitationem odit molestiae. Et nesciunt est quae ad. Voluptate delectus libero qui numquam.', 49.99, 14, 16, 15, '2', '2023-03-21 19:23:40', '2023-03-21 19:23:40'),
(33, 'Culpa aut.', 'culpa-aut', 'Voluptas sed reprehenderit id quis. Repudiandae voluptatem quaerat doloremque temporibus atque. Quod aut itaque consequatur et earum nostrum accusantium quo.', 99.99, 14, 13, 15, '2', '2023-03-21 19:23:40', '2023-03-21 19:23:40'),
(34, 'Omnis temporibus.', 'omnis-temporibus', 'Alias in animi ut aut. Molestiae eveniet et et occaecati tempore corporis. Voluptate ut et est veritatis expedita. Sit facilis aliquid asperiores placeat.', 49.99, 3, 1, 15, '2', '2023-03-21 19:23:40', '2023-03-21 19:23:40'),
(35, 'Soluta maxime.', 'soluta-maxime', 'Nisi assumenda rem qui autem fugit vel. Omnis ut ab fugiat est repudiandae accusamus dignissimos. Itaque natus nulla accusantium corrupti ducimus dolores est.', 19.99, 8, 10, 15, '2', '2023-03-21 19:23:40', '2023-03-21 19:23:40'),
(36, 'Unde ab soluta.', 'unde-ab-soluta', 'Ab quo exercitationem non dolorem dolor aut est laudantium. Commodi ullam cupiditate delectus voluptatibus eligendi ullam aut. Quia modi pariatur placeat nemo. Inventore ea aspernatur veritatis.', 19.99, 4, 6, 15, '2', '2023-03-21 19:23:40', '2023-03-21 19:23:40'),
(37, 'Placeat quis quo.', 'placeat-quis-quo', 'Enim dolores excepturi maxime magni sit eos. Qui consequatur dolorem maxime. Non sunt similique laudantium nisi praesentium ipsum.', 99.99, 11, 14, 15, '2', '2023-03-21 19:23:40', '2023-03-21 19:23:40'),
(38, 'Architecto ab.', 'architecto-ab', 'In et corrupti vero voluptates. Necessitatibus eos et minus quis quia in quidem. Et quibusdam hic et facere.', 99.99, 1, 2, NULL, '2', '2023-03-21 19:23:40', '2023-03-21 19:23:40'),
(39, 'Est consequatur est.', 'est-consequatur-est', 'Rerum voluptas ex est iste sed qui et dolorem. Praesentium laudantium ipsam hic doloribus atque. Hic quia accusamus esse placeat est. Nihil autem reiciendis est quia occaecati consequatur.', 99.99, 1, 1, NULL, '2', '2023-03-21 19:23:40', '2023-03-21 19:23:40'),
(40, 'Quis laborum non.', 'quis-laborum-non', 'Reprehenderit quis aut consequatur ratione perspiciatis corporis ad commodi. Ipsa dolor esse facere magnam est. Eveniet facere dignissimos magni ab. Quam velit illum nisi ipsum voluptatem.', 99.99, 6, 5, 15, '2', '2023-03-21 19:23:40', '2023-03-21 19:23:40'),
(41, 'Ut beatae.', 'ut-beatae', 'Consequatur doloremque dolorem unde qui incidunt. Quo eaque eos voluptas nemo. Cumque velit quae libero et enim molestias nam. Quia aut soluta illum. Corporis dolorem natus aut fuga nihil sed ut.', 49.99, 16, 19, NULL, '2', '2023-03-21 19:23:40', '2023-03-21 19:23:40'),
(42, 'In maxime eos.', 'in-maxime-eos', 'Ipsum quasi rerum aut placeat sunt et. Facere doloribus in in occaecati sunt sit sit temporibus. Illum ab dolorem pariatur nihil accusamus. Sit omnis totam explicabo sit possimus aut.', 49.99, 11, 14, 15, '2', '2023-03-21 19:23:40', '2023-03-21 19:23:40'),
(43, 'Et recusandae.', 'et-recusandae', 'Sed rerum quia accusantium tempora nostrum. Enim enim facere quis reprehenderit. Quia quis ratione quibusdam beatae ut eum quia. Vitae ea dicta quia cum enim.', 49.99, 17, 19, 15, '2', '2023-03-21 19:23:40', '2023-03-21 19:23:40'),
(44, 'Dolores voluptatum.', 'dolores-voluptatum', 'Laudantium eveniet est deserunt vero quo. Libero quibusdam iste et autem sunt cupiditate quasi molestiae. Et quisquam praesentium asperiores omnis rerum.', 19.99, 12, 14, 15, '2', '2023-03-21 19:23:40', '2023-03-21 19:23:40'),
(45, 'Vel sed.', 'vel-sed', 'Optio ut velit odit iste. Ratione vero fugiat aut. Reprehenderit facilis qui fuga et et.', 19.99, 13, 16, 15, '2', '2023-03-21 19:23:40', '2023-03-21 19:23:40'),
(46, 'Repellat nesciunt.', 'repellat-nesciunt', 'Velit non vel sed. Dolores beatae autem et in in sed. Ea dignissimos rem rerum eligendi nesciunt non.', 49.99, 16, 18, NULL, '2', '2023-03-21 19:23:40', '2023-03-21 19:23:40'),
(47, 'Ratione temporibus.', 'ratione-temporibus', 'Ea adipisci accusamus ipsum recusandae reprehenderit. Nobis nostrum est nam harum est id ad. Modi nisi nam qui velit. Et ut est eos aut delectus.', 19.99, 13, 13, 15, '2', '2023-03-21 19:23:40', '2023-03-21 19:23:40'),
(48, 'Quo nisi earum.', 'quo-nisi-earum', 'Dolorem praesentium cum est consequatur. Ab laboriosam non velit dignissimos. Molestias consectetur provident et vero autem ut asperiores. Eum est et esse eum et. Magnam libero ad vel dolor.', 19.99, 9, 11, 15, '2', '2023-03-21 19:23:40', '2023-03-21 19:23:40'),
(49, 'Enim voluptate est.', 'enim-voluptate-est', 'In expedita sapiente aliquid iusto. Facilis ex magni consequatur ducimus et ipsum necessitatibus. Dicta non similique repudiandae. Perspiciatis sequi sed cupiditate ullam ipsa at.', 49.99, 18, 17, 15, '2', '2023-03-21 19:23:40', '2023-03-21 19:23:40'),
(50, 'Doloribus similique odio.', 'doloribus-similique-odio', 'Necessitatibus rerum sit magni quia repellat quis. Id temporibus maiores officia veritatis architecto. Voluptatibus consectetur repellat consequatur iusto sequi quibusdam.', 49.99, 11, 16, 15, '2', '2023-03-21 19:23:40', '2023-03-21 19:23:40'),
(51, 'Corporis voluptatum.', 'corporis-voluptatum', 'Asperiores magnam quaerat ut iure fuga qui deserunt. Dolorem delectus quia voluptatem eos enim sit voluptatem. Molestias quam ex corporis. Labore velit omnis neque minus corrupti.', 19.99, 8, 11, 15, '2', '2023-03-21 19:23:40', '2023-03-21 19:23:40'),
(52, 'Eligendi voluptatibus.', 'eligendi-voluptatibus', 'Voluptates sint dolores saepe nam sunt labore saepe. Consequatur necessitatibus labore at aliquid et.', 19.99, 15, 20, NULL, '2', '2023-03-21 19:23:40', '2023-03-21 19:23:40'),
(53, 'Quia fuga.', 'quia-fuga', 'Recusandae repellat consectetur soluta laborum maxime. Rem aut aut perspiciatis et. Quas sint a nobis perspiciatis placeat exercitationem.', 99.99, 8, 12, 15, '2', '2023-03-21 19:23:40', '2023-03-21 19:23:40'),
(54, 'Dolorem nulla.', 'dolorem-nulla', 'Fugiat blanditiis voluptas et voluptas rerum sit est blanditiis. Qui ea itaque sit quia aut. Optio accusantium sequi vel voluptatibus soluta perspiciatis.', 99.99, 14, 13, 15, '2', '2023-03-21 19:23:40', '2023-03-21 19:23:40'),
(55, 'Omnis qui optio.', 'omnis-qui-optio', 'Id et dolor enim eveniet. Sunt error odit sed voluptatem.', 49.99, 7, 9, 15, '2', '2023-03-21 19:23:40', '2023-03-21 19:23:40'),
(56, 'Eum sunt reprehenderit.', 'eum-sunt-reprehenderit', 'Quidem tempore est architecto. Et sunt laudantium et est modi. Harum dolores accusamus consequatur quisquam qui.', 99.99, 3, 1, 15, '2', '2023-03-21 19:23:40', '2023-03-21 19:23:40'),
(57, 'Enim eius inventore.', 'enim-eius-inventore', 'Ut similique deleniti earum veniam magni et accusantium esse. Enim cupiditate aut necessitatibus placeat. Id sapiente consequatur praesentium ea dolore blanditiis tempora.', 99.99, 3, 2, 15, '2', '2023-03-21 19:23:40', '2023-03-21 19:23:40'),
(58, 'Consequatur qui.', 'consequatur-qui', 'Illum rerum earum architecto. Vero animi dignissimos ut ut quia laboriosam magni optio. Et ex autem pariatur facere enim. Blanditiis beatae ipsum id eos voluptas.', 49.99, 14, 13, 15, '2', '2023-03-21 19:23:40', '2023-03-21 19:23:40'),
(59, 'Voluptas qui consequatur.', 'voluptas-qui-consequatur', 'Eos fugit voluptatem nihil dolor. Tempora aut omnis aspernatur impedit. Sit qui quod aut dolore quia.', 99.99, 15, 17, NULL, '2', '2023-03-21 19:23:40', '2023-03-21 19:23:40'),
(60, 'Sed impedit ipsa.', 'sed-impedit-ipsa', 'Porro qui quia eveniet eaque dolorem. Eveniet facilis quis suscipit iste quidem. Quos et ad non corporis ut. Recusandae adipisci modi non consequatur.', 19.99, 14, 16, 15, '2', '2023-03-21 19:23:40', '2023-03-21 19:23:40'),
(61, 'Rerum sunt in.', 'rerum-sunt-in', 'Fuga rerum voluptas molestias blanditiis quia deserunt ut. Corrupti eos perferendis fuga nisi perspiciatis id ut aut. Temporibus qui est at id at a. Sit eligendi in consequuntur vitae maiores.', 99.99, 8, 10, 15, '2', '2023-03-21 19:23:40', '2023-03-21 19:23:40'),
(62, 'Sapiente dolores.', 'sapiente-dolores', 'Ipsum autem voluptatem nihil praesentium. Aperiam et aut rem rerum. Veritatis est voluptatem enim dolore voluptas aut quas.', 49.99, 15, 18, NULL, '2', '2023-03-21 19:23:40', '2023-03-21 19:23:40'),
(63, 'Aut iure.', 'aut-iure', 'Tempore eligendi a sint at provident omnis odit. Corrupti laboriosam velit esse doloribus dolorem culpa. Similique inventore autem aperiam in minima error tempore.', 19.99, 9, 9, 15, '2', '2023-03-21 19:23:40', '2023-03-21 19:23:40'),
(64, 'Qui et.', 'qui-et', 'Eaque pariatur in praesentium dignissimos quibusdam ducimus quia. Et aperiam ut culpa laborum quis. Beatae sit facere et id et quis.', 19.99, 3, 3, 15, '2', '2023-03-21 19:23:40', '2023-03-21 19:23:40'),
(65, 'Dolores nostrum.', 'dolores-nostrum', 'Illo in blanditiis explicabo dicta quo. Dicta maxime iste debitis culpa. Rerum architecto veritatis pariatur fuga possimus et voluptatem. Laborum non sequi sint accusamus.', 19.99, 11, 14, 15, '2', '2023-03-21 19:23:40', '2023-03-21 19:23:40'),
(66, 'Est est enim.', 'est-est-enim', 'Voluptas quaerat ad quae officiis corporis. Provident nemo possimus dolor et qui sint. Voluptatem magni earum aspernatur non.', 49.99, 7, 9, 15, '2', '2023-03-21 19:23:40', '2023-03-21 19:23:40'),
(67, 'Aut maxime.', 'aut-maxime', 'Fugit perspiciatis et ex voluptates. Ea dolorem ab non eaque unde velit sequi. Et et dolor iusto accusamus eveniet occaecati. Sequi et nihil amet debitis. Eligendi molestiae distinctio voluptas.', 19.99, 16, 19, NULL, '2', '2023-03-21 19:23:40', '2023-03-21 19:23:40'),
(68, 'Atque et voluptas.', 'atque-et-voluptas', 'Quia aut saepe excepturi voluptatem dolorum quis. Sint quia eos ut. Delectus et sed officia ipsa perspiciatis repudiandae sequi. Optio aut iure dolores neque et et voluptas ut.', 49.99, 6, 5, 15, '2', '2023-03-21 19:23:40', '2023-03-21 19:23:40'),
(69, 'Accusantium ea nisi.', 'accusantium-ea-nisi', 'Sit voluptas aliquid quod corrupti sed inventore illum. Voluptates inventore dignissimos illo. Explicabo tempore aut aliquam eius.', 49.99, 4, 8, 15, '2', '2023-03-21 19:23:40', '2023-03-21 19:23:40'),
(70, 'Perspiciatis ipsa.', 'perspiciatis-ipsa', 'Exercitationem sed maxime nihil non et provident. Voluptas nihil at ullam cupiditate dolore molestiae. Id neque cumque quis quo.', 49.99, 15, 17, NULL, '2', '2023-03-21 19:23:40', '2023-03-21 19:23:40'),
(71, 'Dolorum consectetur.', 'dolorum-consectetur', 'Vitae sed sed ab. Placeat beatae voluptas voluptas adipisci excepturi reiciendis autem. Ut harum laborum omnis eveniet doloribus expedita maxime.', 19.99, 7, 12, 15, '2', '2023-03-21 19:23:40', '2023-03-21 19:23:40'),
(72, 'Molestiae consequatur.', 'molestiae-consequatur', 'Recusandae cum omnis molestiae et. Corporis recusandae impedit sit non amet autem maxime enim. Nulla et natus sit eligendi quod quos.', 19.99, 5, 8, 15, '2', '2023-03-21 19:23:40', '2023-03-21 19:23:40'),
(73, 'Facere voluptas nisi.', 'facere-voluptas-nisi', 'Corrupti sint aut neque illo quasi. Corporis quasi ipsa iure non rerum velit officia possimus. Corporis autem accusantium ut mollitia. Est ipsa nulla unde voluptatem.', 49.99, 17, 19, 15, '2', '2023-03-21 19:23:40', '2023-03-21 19:23:40'),
(74, 'Id provident.', 'id-provident', 'Excepturi fugiat aut necessitatibus reprehenderit voluptatum assumenda. Dolores animi quae omnis. Hic id eligendi laborum aut occaecati omnis soluta est. Blanditiis totam nulla ea iure et.', 49.99, 11, 16, 15, '2', '2023-03-21 19:23:40', '2023-03-21 19:23:40'),
(75, 'Minus voluptas qui.', 'minus-voluptas-qui', 'Quia officia et velit ducimus voluptatem eveniet. Cum maxime aliquam earum sequi quibusdam autem. Eligendi nihil ut accusamus veritatis. Qui nemo quas assumenda fugit in.', 99.99, 8, 9, 15, '2', '2023-03-21 19:23:40', '2023-03-21 19:23:40'),
(76, 'Reiciendis quia iste.', 'reiciendis-quia-iste', 'Nostrum aut rerum placeat est illum earum maiores. Voluptatem incidunt voluptas sunt doloremque deleniti perferendis deleniti. Quo et dolorem atque sit autem.', 49.99, 15, 17, NULL, '2', '2023-03-21 19:23:40', '2023-03-21 19:23:40'),
(77, 'Expedita rem.', 'expedita-rem', 'Qui consequuntur reiciendis accusamus atque. Eligendi magnam et ut enim explicabo blanditiis.', 19.99, 6, 7, 15, '2', '2023-03-21 19:23:40', '2023-03-21 19:23:40'),
(78, 'Repudiandae nesciunt modi.', 'repudiandae-nesciunt-modi', 'Assumenda quia qui eveniet blanditiis labore quisquam libero. Maxime fugit aliquam quos minus harum est aliquam. Rerum et laudantium esse consectetur velit est.', 99.99, 1, 3, NULL, '2', '2023-03-21 19:23:40', '2023-03-21 19:23:40'),
(79, 'Occaecati possimus quas.', 'occaecati-possimus-quas', 'Aliquam in quia provident. Quo quae porro voluptate nesciunt perspiciatis.', 99.99, 5, 8, 15, '2', '2023-03-21 19:23:40', '2023-03-21 19:23:40'),
(80, 'Quia sit.', 'quia-sit', 'Repellendus qui placeat eos modi odit quaerat. Quae in architecto laboriosam unde eos numquam. Quae aut nam deleniti quis ipsa alias harum assumenda.', 19.99, 13, 13, 15, '2', '2023-03-21 19:23:40', '2023-03-21 19:23:40'),
(81, 'Maiores ut.', 'maiores-ut', 'Delectus soluta ut in est doloremque. Animi voluptas accusamus sequi. Qui sed vitae fugit ea in pariatur dicta. Repudiandae laborum saepe sunt neque fugiat eveniet. Recusandae ea ipsa tempore.', 99.99, 1, 1, NULL, '2', '2023-03-21 19:23:40', '2023-03-21 19:23:40'),
(82, 'Unde voluptatem.', 'unde-voluptatem', 'Temporibus dicta vel nihil. Natus consequatur adipisci eaque. Dignissimos sed corporis iure ut. Quia corrupti id et et impedit architecto quod.', 19.99, 12, 16, 15, '2', '2023-03-21 19:23:40', '2023-03-21 19:23:40'),
(83, 'Qui in.', 'qui-in', 'Facilis veniam est dolorem commodi. Voluptas maxime autem ea. Ut dolores voluptate quisquam earum voluptatem.', 49.99, 15, 19, NULL, '2', '2023-03-21 19:23:40', '2023-03-21 19:23:40'),
(84, 'Quis enim.', 'quis-enim', 'Odit quod sint nisi dolorem repellendus. Ut cumque consequatur et eveniet numquam saepe. Aperiam qui consequatur impedit atque vero corrupti maxime. Eum aliquam eum veritatis sint aut placeat.', 19.99, 12, 15, 15, '2', '2023-03-21 19:23:40', '2023-03-21 19:23:40'),
(85, 'Rerum velit.', 'rerum-velit', 'Rerum quod qui enim repellendus. Ipsa libero voluptatem accusantium omnis.', 49.99, 7, 12, 15, '2', '2023-03-21 19:23:40', '2023-03-21 19:23:40'),
(86, 'Qui sint nulla.', 'qui-sint-nulla', 'Impedit et autem saepe fuga quas. Quia corporis quis ut. Non dolorem quasi voluptates dolores aliquid officiis.', 99.99, 6, 8, 15, '2', '2023-03-21 19:23:40', '2023-03-21 19:23:40'),
(87, 'Quia id.', 'quia-id', 'Qui velit tempore quis nihil quo. Pariatur officia officiis praesentium ullam corporis placeat. Itaque et aspernatur dignissimos omnis. Rem officiis aperiam velit aliquid et.', 49.99, 4, 7, 15, '2', '2023-03-21 19:23:40', '2023-03-21 19:23:40'),
(88, 'Et vero cum.', 'et-vero-cum', 'Dolor aliquam nulla quis repudiandae. Vero qui doloremque ut ut accusamus consectetur voluptatem enim. Nihil quidem qui ex. Optio est quibusdam perspiciatis harum omnis qui.', 99.99, 14, 15, 15, '2', '2023-03-21 19:23:40', '2023-03-21 19:23:40'),
(89, 'Ut autem sit.', 'ut-autem-sit', 'Aut et sunt totam ea. Ex vel non omnis. Qui in repudiandae quia in ut sunt aliquam. Perferendis molestiae officiis assumenda rerum voluptatem. Id non aliquid incidunt aspernatur molestiae ab et.', 49.99, 12, 16, 15, '2', '2023-03-21 19:23:40', '2023-03-21 19:23:40'),
(90, 'Quaerat amet.', 'quaerat-amet', 'Libero iusto excepturi aut dolores nam hic. Velit exercitationem et est et pariatur iste. Tenetur voluptatem cupiditate dolore odio ducimus aliquid quibusdam.', 99.99, 7, 10, 15, '2', '2023-03-21 19:23:40', '2023-03-21 19:23:40'),
(91, 'Aut doloribus culpa.', 'aut-doloribus-culpa', 'Vel in debitis qui. Quibusdam repellendus omnis modi eum magnam. Voluptas vel quis neque architecto. Aut architecto sequi magnam eveniet est eius.', 19.99, 6, 6, 15, '2', '2023-03-21 19:23:40', '2023-03-21 19:23:40'),
(92, 'Libero rerum modi.', 'libero-rerum-modi', 'Non harum error laboriosam sint officia. Quis labore omnis nam dolorem labore et a. Dolorem minima molestiae aut.', 99.99, 8, 12, 15, '2', '2023-03-21 19:23:40', '2023-03-21 19:23:40'),
(93, 'Deserunt harum.', 'deserunt-harum', 'Corrupti nostrum non ut nostrum vitae aut dolores. Eligendi id est pariatur blanditiis. At sit enim omnis enim praesentium at magnam. Cumque ea non maiores ratione omnis harum omnis.', 19.99, 1, 4, NULL, '2', '2023-03-21 19:23:40', '2023-03-21 19:23:40'),
(94, 'Nostrum delectus repellendus.', 'nostrum-delectus-repellendus', 'Minus autem dignissimos dolores dicta. Atque sunt deleniti omnis atque adipisci adipisci. Dolores id nemo et quia sed voluptatibus at. Maiores ut et iste.', 19.99, 8, 11, 15, '2', '2023-03-21 19:23:40', '2023-03-21 19:23:40'),
(95, 'In sed.', 'in-sed', 'Adipisci amet ab atque consequatur qui excepturi. Et qui voluptatem enim totam. Est provident ea ipsum iusto aut similique. Molestiae est aut tempora. Animi explicabo magnam veritatis minus.', 99.99, 14, 16, 15, '2', '2023-03-21 19:23:40', '2023-03-21 19:23:40'),
(96, 'Eum maiores.', 'eum-maiores', 'Est pariatur hic illum vel sit est tempora. Labore minima adipisci officiis dolores facilis mollitia.', 49.99, 11, 16, 15, '2', '2023-03-21 19:23:40', '2023-03-21 19:23:40'),
(97, 'Mollitia distinctio.', 'mollitia-distinctio', 'Ut et non voluptatem cum. Quas est cumque dolorum nemo ratione. Excepturi iste autem molestias voluptas voluptas porro. Numquam et commodi aut ut.', 19.99, 13, 16, 15, '2', '2023-03-21 19:23:40', '2023-03-21 19:23:40'),
(98, 'Et doloribus.', 'et-doloribus', 'Dignissimos amet soluta amet. Asperiores aspernatur quia omnis.', 99.99, 13, 13, 15, '2', '2023-03-21 19:23:40', '2023-03-21 19:23:40'),
(99, 'Magnam nisi vitae.', 'magnam-nisi-vitae', 'Magni illo velit reprehenderit nam non. Accusamus voluptatibus quisquam aut quae accusantium. Ad qui voluptate explicabo eum.', 99.99, 10, 9, 15, '2', '2023-03-21 19:23:40', '2023-03-21 19:23:40'),
(100, 'Nostrum error voluptatem.', 'nostrum-error-voluptatem', 'Labore sint quae est est molestiae maiores. Neque aut odit nemo voluptatem. Aliquid necessitatibus fugiat est tenetur.', 19.99, 1, 1, NULL, '2', '2023-03-21 19:23:40', '2023-03-21 19:23:40'),
(101, 'Incidunt et architecto.', 'incidunt-et-architecto', 'Ut autem molestiae aut similique minus cumque totam. Quis in dolorem eveniet. Eum qui dolores quibusdam rerum reprehenderit. Eveniet quia itaque ab aut neque temporibus.', 99.99, 8, 12, 15, '2', '2023-03-21 19:23:40', '2023-03-21 19:23:40'),
(102, 'Labore in maxime.', 'labore-in-maxime', 'Deserunt fugiat voluptatem at quae velit quo. Pariatur ut eum repellendus eligendi ut magni deleniti. Et non eos facere. Porro tempore nesciunt sequi odio.', 49.99, 3, 1, 15, '2', '2023-03-21 19:23:40', '2023-03-21 19:23:40'),
(103, 'Recusandae autem.', 'recusandae-autem', 'Ullam quis dolor sunt dignissimos aut sapiente minima. Quo tempore veniam delectus nam sit corrupti.', 19.99, 14, 15, 15, '2', '2023-03-21 19:23:40', '2023-03-21 19:23:40'),
(104, 'Et dolorem voluptatum.', 'et-dolorem-voluptatum', 'Tenetur soluta dolorum quam quis numquam. Dignissimos reprehenderit omnis architecto. Debitis quia odit atque voluptatem. Aliquam repellat aut adipisci sed et enim.', 99.99, 13, 15, 15, '2', '2023-03-21 19:23:40', '2023-03-21 19:23:40'),
(105, 'Est delectus.', 'est-delectus', 'Explicabo consequuntur explicabo perferendis laborum. Qui vel possimus voluptas ut consequatur itaque dignissimos quia. Praesentium recusandae illo delectus unde neque quia et voluptatem.', 19.99, 10, 12, 15, '2', '2023-03-21 19:23:40', '2023-03-21 19:23:40'),
(106, 'Vitae aut consectetur.', 'vitae-aut-consectetur', 'Nobis veniam dicta voluptatem dignissimos consequuntur est. Ducimus corporis nisi asperiores consequatur provident vero illo. Minus non suscipit distinctio sunt labore.', 99.99, 7, 10, 15, '2', '2023-03-21 19:23:40', '2023-03-21 19:23:40'),
(107, 'Quae esse ipsam.', 'quae-esse-ipsam', 'Corporis et in deleniti autem hic qui. Qui doloribus illo corporis. Delectus quibusdam quia repellat ducimus laborum. Officia cupiditate nisi dolor ea esse ut modi.', 49.99, 17, 20, 15, '2', '2023-03-21 19:23:40', '2023-03-21 19:23:40'),
(108, 'Quam libero.', 'quam-libero', 'Officia enim molestias vitae optio maiores. Et illo doloribus aut inventore quia iusto. Ipsam aut maxime et assumenda non et. Provident ducimus ut vero neque officia laboriosam accusamus consequatur.', 19.99, 7, 10, 15, '2', '2023-03-21 19:23:40', '2023-03-21 19:23:40'),
(109, 'Et sequi.', 'et-sequi', 'Dolor rerum excepturi qui et blanditiis. Consequatur alias rerum dolores sequi nobis perferendis maxime. Mollitia et nihil quo accusantium adipisci non non qui. Voluptas at ut velit qui.', 99.99, 8, 9, 15, '2', '2023-03-21 19:23:40', '2023-03-21 19:23:40'),
(110, 'Odit rerum est.', 'odit-rerum-est', 'Ipsam laboriosam nulla pariatur dignissimos et quis possimus. Ex eius totam id dolor asperiores. Recusandae quis minima rerum. Quas aut dolorum aliquid officiis esse corrupti harum.', 49.99, 2, 4, 15, '2', '2023-03-21 19:23:40', '2023-03-21 19:23:40'),
(111, 'Est ipsum.', 'est-ipsum', 'Ex sunt vero neque cumque ab. Neque laudantium dolore modi necessitatibus architecto dolores. Qui unde similique occaecati debitis cum.', 19.99, 3, 3, 15, '2', '2023-03-21 19:23:40', '2023-03-21 19:23:40'),
(112, 'Consequuntur molestiae aliquid.', 'consequuntur-molestiae-aliquid', 'Repellat nulla distinctio sunt ullam in. Soluta qui quia ut placeat. Voluptates et nam sit. Ea harum et voluptas voluptatem.', 19.99, 18, 18, 15, '2', '2023-03-21 19:23:40', '2023-03-21 19:23:40'),
(113, 'Ad aut autem.', 'ad-aut-autem', 'Est rem magni dolore laborum eaque officiis vitae. Alias similique possimus vel.', 99.99, 4, 7, 15, '2', '2023-03-21 19:23:40', '2023-03-21 19:23:40'),
(114, 'Molestias omnis voluptatem.', 'molestias-omnis-voluptatem', 'Dicta ullam rerum dolores et excepturi. Eos adipisci ea qui sed tenetur laboriosam mollitia sit.', 19.99, 4, 8, 15, '2', '2023-03-21 19:23:40', '2023-03-21 19:23:40'),
(115, 'Dolores omnis sequi.', 'dolores-omnis-sequi', 'Impedit magnam repellendus aperiam iste fugit. Perspiciatis in ut fugiat fugiat repellendus. Facere tenetur laboriosam voluptatem fuga sed.', 49.99, 2, 2, 15, '2', '2023-03-21 19:23:40', '2023-03-21 19:23:40'),
(116, 'Doloribus officia possimus.', 'doloribus-officia-possimus', 'Recusandae harum et distinctio mollitia. Soluta in et ut saepe. Blanditiis facere eligendi est.', 99.99, 10, 12, 15, '2', '2023-03-21 19:23:40', '2023-03-21 19:23:40'),
(117, 'Reprehenderit dolores amet.', 'reprehenderit-dolores-amet', 'At sed hic recusandae suscipit quae maxime. Quis voluptatum corporis eius. Similique qui et nam qui deserunt.', 19.99, 11, 15, 15, '2', '2023-03-21 19:23:40', '2023-03-21 19:23:40'),
(118, 'Tempore non dolores.', 'tempore-non-dolores', 'Quis qui sed sint. Voluptatem dolorem molestiae hic iste.', 49.99, 7, 12, 15, '2', '2023-03-21 19:23:40', '2023-03-21 19:23:40'),
(119, 'Excepturi qui consequatur.', 'excepturi-qui-consequatur', 'Quia consequatur adipisci ipsam consequatur mollitia consequatur. Mollitia ipsa ad nulla. In vel ratione consequatur praesentium modi accusamus. Reiciendis placeat et impedit hic omnis similique.', 99.99, 5, 8, 15, '2', '2023-03-21 19:23:40', '2023-03-21 19:23:40'),
(120, 'Necessitatibus quo quidem.', 'necessitatibus-quo-quidem', 'Est qui libero dolores odit earum modi. Adipisci et esse rerum consequuntur quaerat et eligendi. Non ab delectus cupiditate enim nihil quo dolore.', 49.99, 11, 13, 15, '2', '2023-03-21 19:23:40', '2023-03-21 19:23:40'),
(121, 'Dignissimos ipsa.', 'dignissimos-ipsa', 'Quae quasi qui dolor ducimus quibusdam. Delectus repellendus animi dignissimos dolore ut quia est. Labore alias tenetur enim maiores sed corrupti. Eos quas vel et deserunt.', 99.99, 9, 10, 15, '2', '2023-03-21 19:23:40', '2023-03-21 19:23:40'),
(122, 'Sunt minus qui.', 'sunt-minus-qui', 'Labore facere in voluptas velit est consequatur. Et expedita tempore et eveniet vero odio molestiae. Eius ad deserunt harum fugiat sunt dolorem optio.', 19.99, 12, 14, 15, '2', '2023-03-21 19:23:40', '2023-03-21 19:23:40'),
(123, 'Nihil recusandae.', 'nihil-recusandae', 'Reiciendis vero voluptatibus sit ut nobis adipisci. Dolor asperiores est molestias accusamus enim dolor est. Quis repellendus sequi quia ullam error ut fuga.', 19.99, 16, 20, NULL, '2', '2023-03-21 19:23:40', '2023-03-21 19:23:40'),
(124, 'Voluptas saepe voluptatem.', 'voluptas-saepe-voluptatem', 'Ipsam mollitia ea et fuga aut accusantium quis. Magni fuga culpa consequatur illum et quam qui facilis. Qui autem perspiciatis consequuntur delectus at repellendus quo eius. Sed in sapiente non.', 19.99, 16, 19, NULL, '2', '2023-03-21 19:23:40', '2023-03-21 19:23:40'),
(125, 'Consequatur dolorem.', 'consequatur-dolorem', 'Eos et adipisci est harum incidunt vel. Provident eligendi earum quia culpa. Omnis aut et consequatur ipsa sit. Et nam ut qui dicta. Sequi natus amet vitae odio accusamus.', 49.99, 12, 14, 15, '2', '2023-03-21 19:23:40', '2023-03-21 19:23:40'),
(126, 'Autem pariatur eos.', 'autem-pariatur-eos', 'Assumenda perferendis reprehenderit nam possimus. Labore esse quia itaque quod. Unde ea voluptate ratione quam reiciendis.', 19.99, 13, 14, 15, '2', '2023-03-21 19:23:40', '2023-03-21 19:23:40'),
(127, 'Sit dignissimos sapiente.', 'sit-dignissimos-sapiente', 'Mollitia et repellat unde consequatur asperiores atque asperiores. Soluta quod est voluptatibus. Similique nesciunt aliquam minima et inventore. Magni laboriosam ea sint vel et.', 99.99, 5, 5, 15, '2', '2023-03-21 19:23:40', '2023-03-21 19:23:40'),
(128, 'Nesciunt quidem.', 'nesciunt-quidem', 'Velit saepe neque autem quo dolores ea. Et labore vel provident quasi dolorum. Vel error veniam est et.', 19.99, 7, 9, 15, '2', '2023-03-21 19:23:40', '2023-03-21 19:23:40'),
(129, 'Autem mollitia.', 'autem-mollitia', 'Doloribus ea beatae omnis aut delectus. Voluptates qui dolore maiores.', 49.99, 7, 10, 15, '2', '2023-03-21 19:23:40', '2023-03-21 19:23:40'),
(130, 'Ratione recusandae architecto.', 'ratione-recusandae-architecto', 'Sunt qui aliquam tempora. Et sequi occaecati molestiae doloribus culpa corrupti at. Quos dolores earum ea nihil laudantium.', 99.99, 8, 11, 15, '2', '2023-03-21 19:23:40', '2023-03-21 19:23:40'),
(131, 'Repudiandae est.', 'repudiandae-est', 'Qui aut esse libero quis numquam incidunt. Est reprehenderit exercitationem neque. Aut vero et possimus dolor debitis sit.', 99.99, 17, 19, 15, '2', '2023-03-21 19:23:40', '2023-03-21 19:23:40'),
(132, 'Neque maiores.', 'neque-maiores', 'Eos quis odio illum quis dolores beatae. Non consequatur debitis ea alias a molestiae. Ipsa et maxime consequatur qui iste voluptatem.', 49.99, 3, 4, 15, '2', '2023-03-21 19:23:40', '2023-03-21 19:23:40'),
(133, 'Rem commodi.', 'rem-commodi', 'Sit cumque necessitatibus ea et quia sunt. Aut occaecati labore iste earum ut. Accusantium cupiditate mollitia libero maiores. Animi consequatur cum vero consequatur doloremque.', 19.99, 17, 17, 15, '2', '2023-03-21 19:23:40', '2023-03-21 19:23:40'),
(134, 'Eum vitae accusantium.', 'eum-vitae-accusantium', 'Neque aut aliquid eum rem et. Possimus vero dolorem sapiente facere quo cum harum. Consequatur blanditiis cumque consequatur molestiae commodi illum perspiciatis. Illo ea a consequuntur dolor.', 49.99, 6, 7, 15, '2', '2023-03-21 19:23:40', '2023-03-21 19:23:40'),
(135, 'Numquam voluptates.', 'numquam-voluptates', 'Eveniet ducimus natus molestiae tempora quo natus sequi corporis. Et est illo facilis voluptatibus rerum asperiores accusamus. Consequatur quae neque omnis possimus.', 19.99, 7, 12, 15, '2', '2023-03-21 19:23:40', '2023-03-21 19:23:40'),
(136, 'Sunt fugit inventore.', 'sunt-fugit-inventore', 'Iste molestiae iusto architecto qui voluptatum vitae illum. Harum sunt corporis ex totam itaque et nulla ducimus.', 19.99, 12, 15, 15, '2', '2023-03-21 19:23:40', '2023-03-21 19:23:40'),
(137, 'Explicabo maxime excepturi.', 'explicabo-maxime-excepturi', 'Consequatur ea consequatur ratione repellat velit eum. Porro assumenda libero temporibus ab laborum sequi et quia. Similique dicta autem voluptas sequi. Dolorem distinctio ipsa doloribus unde.', 19.99, 9, 11, 15, '2', '2023-03-21 19:23:40', '2023-03-21 19:23:40'),
(138, 'Enim qui ea.', 'enim-qui-ea', 'Necessitatibus dolorum doloribus qui. Aut at non ut velit dolorum non dolores. Tempore labore ipsam nihil ullam. Consequatur voluptas rerum quasi natus soluta. Dignissimos sit veritatis ea.', 49.99, 14, 13, 15, '2', '2023-03-21 19:23:40', '2023-03-21 19:23:40'),
(139, 'Et repellendus qui.', 'et-repellendus-qui', 'Tempora adipisci commodi impedit eos. Non in atque et voluptate. Eos hic possimus pariatur et eius nulla voluptatum aliquam.', 99.99, 5, 7, 15, '2', '2023-03-21 19:23:40', '2023-03-21 19:23:40'),
(140, 'Tempore ullam.', 'tempore-ullam', 'Expedita dicta quo ducimus dolores natus iusto. Consequatur et omnis nam exercitationem maxime consequatur. Rerum excepturi inventore cum incidunt sunt ducimus aut.', 49.99, 18, 17, 15, '2', '2023-03-21 19:23:40', '2023-03-21 19:23:40'),
(141, 'Minus eaque quos.', 'minus-eaque-quos', 'Ipsum impedit quia ipsum quidem minima. Delectus distinctio maxime repellendus est dolores dolorem aliquam. Quaerat pariatur qui pariatur reiciendis voluptatem explicabo libero.', 49.99, 16, 17, NULL, '2', '2023-03-21 19:23:40', '2023-03-21 19:23:40'),
(142, 'Consectetur enim.', 'consectetur-enim', 'Ut aliquam optio necessitatibus id maxime. Id nisi harum quia et sed exercitationem. Quia nisi non qui rerum vero aut vel.', 99.99, 7, 11, 15, '2', '2023-03-21 19:23:40', '2023-03-21 19:23:40'),
(143, 'Est et mollitia.', 'est-et-mollitia', 'Non aut deserunt amet veritatis. Praesentium aperiam distinctio corporis consequatur voluptate est assumenda. Quasi eligendi laudantium laudantium esse.', 19.99, 10, 12, 15, '2', '2023-03-21 19:23:40', '2023-03-21 19:23:40'),
(144, 'Atque officiis temporibus.', 'atque-officiis-temporibus', 'Ea eligendi dolores error est quo. Iusto consequatur et rerum voluptatem sunt quas qui est. Dicta dignissimos incidunt alias harum. Corporis provident pariatur quis natus mollitia hic.', 99.99, 7, 9, 15, '2', '2023-03-21 19:23:40', '2023-03-21 19:23:40'),
(145, 'Ipsam non inventore.', 'ipsam-non-inventore', 'Et omnis sunt qui qui. In ab ad sit nihil. Saepe magni illum tempore. Porro voluptatem ex neque.', 49.99, 12, 16, 15, '2', '2023-03-21 19:23:40', '2023-03-21 19:23:40'),
(146, 'Doloremque maxime non.', 'doloremque-maxime-non', 'Doloremque qui eligendi pariatur est at nobis. Tenetur animi odio nisi aliquam a. Quae consequatur doloribus iusto sed sed eius. Ipsum quo expedita ut qui corrupti.', 99.99, 5, 5, 15, '2', '2023-03-21 19:23:40', '2023-03-21 19:23:40'),
(147, 'Quia et ipsum.', 'quia-et-ipsum', 'Libero ut nesciunt nemo cumque ut saepe. Quo est et excepturi sed. Laborum dolores cupiditate sit neque explicabo molestiae delectus cumque. Quod labore quis veritatis deleniti voluptas corporis.', 19.99, 18, 19, 15, '2', '2023-03-21 19:23:40', '2023-03-21 19:23:40'),
(148, 'Sapiente omnis.', 'sapiente-omnis', 'Eum ea omnis repellendus recusandae sed. Voluptas nesciunt dolorum sint amet. Commodi cumque cupiditate amet architecto eos.', 19.99, 10, 11, 15, '2', '2023-03-21 19:23:40', '2023-03-21 19:23:40'),
(149, 'Aspernatur voluptatum quod.', 'aspernatur-voluptatum-quod', 'Sed recusandae enim perferendis qui. Molestias in quis deserunt impedit aliquam officia. Laboriosam excepturi reiciendis neque illo cum est perspiciatis.', 49.99, 7, 11, 15, '2', '2023-03-21 19:23:40', '2023-03-21 19:23:40'),
(150, 'Quam cupiditate dicta.', 'quam-cupiditate-dicta', 'Eligendi voluptatem commodi sit ipsam unde est debitis. Culpa occaecati quia earum quia laudantium odit. Expedita impedit aut et incidunt aliquid debitis ut. Est voluptatem est similique aut odit.', 19.99, 3, 2, 15, '2', '2023-03-21 19:23:40', '2023-03-21 19:23:40'),
(151, 'Aut commodi.', 'aut-commodi', 'Necessitatibus ab exercitationem sunt aut in similique. Deleniti rerum cupiditate quo reiciendis suscipit distinctio architecto. Non tenetur aperiam similique molestiae magnam.', 99.99, 9, 11, 15, '2', '2023-03-21 19:23:40', '2023-03-21 19:23:40'),
(152, 'Omnis facilis laudantium.', 'omnis-facilis-laudantium', 'Quas quia suscipit ducimus et iste error magni. Voluptatem rerum rem blanditiis aut sunt. Tempore eius temporibus voluptatem dolor autem maxime amet. Aliquam ea fugit omnis qui.', 19.99, 11, 14, 15, '2', '2023-03-21 19:23:40', '2023-03-21 19:23:40'),
(153, 'Et illum.', 'et-illum', 'Quisquam qui illum autem. Neque nobis necessitatibus culpa est dolore accusamus. Sequi maiores iusto dolores autem qui vero porro.', 19.99, 18, 17, 15, '2', '2023-03-21 19:23:40', '2023-03-21 19:23:40'),
(154, 'Qui omnis.', 'qui-omnis', 'Ut itaque eveniet ut non. Mollitia eius porro et quisquam quam numquam quibusdam. Nisi sed quisquam dolore. Blanditiis dolor et facilis nihil aut.', 49.99, 5, 8, 15, '2', '2023-03-21 19:23:40', '2023-03-21 19:23:40'),
(155, 'Laboriosam explicabo.', 'laboriosam-explicabo', 'Voluptatem ab omnis consequuntur rerum quas laboriosam. Amet quia ut doloremque itaque qui non deleniti. Quis illum quaerat aut optio id et.', 99.99, 14, 14, 15, '2', '2023-03-21 19:23:40', '2023-03-21 19:23:40'),
(156, 'Ratione natus.', 'ratione-natus', 'Nobis sunt fugit illum necessitatibus. Illum perferendis porro voluptas repellat minus eveniet. Ea error enim cum quis ut est nam.', 99.99, 8, 10, 15, '2', '2023-03-21 19:23:40', '2023-03-21 19:23:40'),
(157, 'Qui sapiente aut.', 'qui-sapiente-aut', 'Illo veniam sed sed maiores corrupti minima eveniet velit. Nihil voluptates ullam tenetur ut ut quia. In excepturi ratione ducimus quia. Odit quia saepe et doloribus inventore.', 49.99, 15, 17, NULL, '2', '2023-03-21 19:23:40', '2023-03-21 19:23:40'),
(158, 'Voluptatibus esse.', 'voluptatibus-esse', 'Architecto aut velit blanditiis dolores eum vitae sunt. Sunt rerum ratione voluptatum quidem. Beatae quam expedita suscipit culpa accusamus autem.', 19.99, 12, 14, 15, '2', '2023-03-21 19:23:40', '2023-03-21 19:23:40'),
(159, 'Excepturi debitis suscipit.', 'excepturi-debitis-suscipit', 'Aperiam nobis recusandae fugit rerum. Accusamus non mollitia voluptates dolor omnis qui aspernatur. A hic neque ut eum.', 99.99, 9, 10, 15, '2', '2023-03-21 19:23:40', '2023-03-21 19:23:40'),
(160, 'Molestiae id.', 'molestiae-id', 'Illo vero numquam velit voluptas consequuntur cupiditate. Explicabo quisquam ipsam quia fugiat et. Officia et amet velit est ullam doloremque.', 49.99, 11, 14, 15, '2', '2023-03-21 19:23:40', '2023-03-21 19:23:40'),
(161, 'Qui aut.', 'qui-aut', 'Qui dolorum sint debitis. Dolores voluptates sint voluptatem magnam consectetur laborum ut. Sit accusamus rerum minima est quasi.', 49.99, 5, 5, 15, '2', '2023-03-21 19:23:40', '2023-03-21 19:23:40'),
(162, 'Eveniet dolorem id.', 'eveniet-dolorem-id', 'Qui minus commodi ea praesentium. Consectetur modi laudantium est cum ab dolorum ab. Nesciunt inventore numquam voluptatem magnam at nesciunt quisquam ullam.', 99.99, 14, 15, 15, '2', '2023-03-21 19:23:40', '2023-03-21 19:23:40'),
(163, 'Et quis qui.', 'et-quis-qui', 'Exercitationem rerum aut reiciendis similique ratione. Magnam similique inventore nisi neque quia sapiente.', 19.99, 9, 10, 15, '2', '2023-03-21 19:23:40', '2023-03-21 19:23:40'),
(164, 'Corrupti consequatur quae.', 'corrupti-consequatur-quae', 'Aut vel et laudantium nemo quam id vero. Modi incidunt nemo quae. Et aut sunt ut illo quia.', 19.99, 12, 13, 15, '2', '2023-03-21 19:23:40', '2023-03-21 19:23:40'),
(165, 'Et doloribus.', 'et-doloribus', 'Ut voluptatem quisquam eaque reiciendis sint sed. Vitae illo est sed qui. Error et culpa dolor itaque nisi dolorum officiis. Iusto natus voluptate voluptatem natus.', 19.99, 12, 14, 15, '2', '2023-03-21 19:23:40', '2023-03-21 19:23:40'),
(166, 'Quo quo.', 'quo-quo', 'Placeat quibusdam possimus sed debitis. Accusamus eligendi accusamus quod voluptas sunt. Eaque veniam praesentium sit sed atque iure molestiae voluptas.', 99.99, 7, 12, 15, '2', '2023-03-21 19:23:40', '2023-03-21 19:23:40'),
(167, 'Aut ut doloribus.', 'aut-ut-doloribus', 'Dicta quia autem et ipsam consectetur quisquam recusandae. Et quo vel cumque. Sapiente officiis necessitatibus officiis adipisci. Omnis veniam eligendi molestiae et quia magnam eius.', 49.99, 13, 16, 15, '2', '2023-03-21 19:23:40', '2023-03-21 19:23:40'),
(168, 'Consequatur sit.', 'consequatur-sit', 'Atque consequatur perferendis dolorem nihil sit explicabo. Quas laboriosam ea ipsa ut eos.', 99.99, 1, 2, NULL, '2', '2023-03-21 19:23:40', '2023-03-21 19:23:40'),
(169, 'Hic dolorum.', 'hic-dolorum', 'Molestiae est quaerat ducimus nihil. Earum cupiditate eaque occaecati molestiae aut. Repudiandae qui doloremque et doloremque provident harum quibusdam.', 19.99, 15, 20, NULL, '2', '2023-03-21 19:23:40', '2023-03-21 19:23:40'),
(170, 'Ut atque.', 'ut-atque', 'Aspernatur quia libero voluptatum quia dolorem. Vel nostrum deleniti voluptate laboriosam aut. Laborum aliquam dolorem iusto aut tempora dignissimos repellat. Asperiores libero nobis quia ut.', 49.99, 13, 15, 15, '2', '2023-03-21 19:23:40', '2023-03-21 19:23:40'),
(171, 'Quas aut eum.', 'quas-aut-eum', 'Sunt cumque rerum dignissimos. Sapiente voluptatem sit repudiandae ullam in et. Ullam ut ut eaque non blanditiis. Voluptatem pariatur quia sit maiores est ex doloremque.', 49.99, 18, 18, 15, '2', '2023-03-21 19:23:40', '2023-03-21 19:23:40'),
(172, 'Repellat suscipit temporibus.', 'repellat-suscipit-temporibus', 'Perferendis et animi culpa aut et accusamus enim. Ea modi in quia quibusdam voluptate sit. Ut enim ea eaque ut. Quisquam assumenda nisi adipisci sed id provident velit. Dolorem aliquam et ea.', 19.99, 15, 19, NULL, '2', '2023-03-21 19:23:40', '2023-03-21 19:23:40'),
(173, 'Quo inventore.', 'quo-inventore', 'Magni delectus occaecati qui ex ipsum et. Et esse mollitia est quos voluptatem. Ipsum aut provident eius nihil.', 49.99, 1, 3, NULL, '2', '2023-03-21 19:23:40', '2023-03-21 19:23:40'),
(174, 'Laudantium tenetur.', 'laudantium-tenetur', 'Perferendis consectetur sed nesciunt officiis eius qui. Aperiam quo illum corporis non. Soluta dolores nesciunt aut voluptatem possimus. Rem deserunt aut suscipit commodi.', 49.99, 9, 12, 15, '2', '2023-03-21 19:23:40', '2023-03-21 19:23:40'),
(175, 'Incidunt deleniti.', 'incidunt-deleniti', 'Rerum et nihil id vel voluptas nostrum perspiciatis ipsa. Aliquam quis omnis quia dicta reiciendis. Et dicta exercitationem molestias eos eos. Quasi alias rerum dolores ut.', 99.99, 13, 16, 15, '2', '2023-03-21 19:23:40', '2023-03-21 19:23:40'),
(176, 'Veniam eum.', 'veniam-eum', 'Voluptatem id quo in quas consectetur sapiente excepturi. Optio reprehenderit dolorem quibusdam corporis sed non ullam. Quia sint cupiditate hic laborum possimus sed explicabo saepe.', 99.99, 16, 18, NULL, '2', '2023-03-21 19:23:40', '2023-03-21 19:23:40'),
(177, 'Voluptas est voluptatem.', 'voluptas-est-voluptatem', 'Quaerat cupiditate facere cumque sint odio dolorum. Ex labore veniam iure placeat aperiam natus quis. Voluptate ut est totam fugit consequatur et earum.', 49.99, 3, 3, 15, '2', '2023-03-21 19:23:40', '2023-03-21 19:23:40'),
(178, 'Quo amet.', 'quo-amet', 'Repellat dicta optio corporis saepe est repellat. Aperiam quis dicta quas tenetur dolores. Aut temporibus dolorem minus.', 49.99, 2, 4, 15, '2', '2023-03-21 19:23:40', '2023-03-21 19:23:40'),
(179, 'Ad quibusdam dicta.', 'ad-quibusdam-dicta', 'Distinctio fuga vero sint laudantium. Nisi rem soluta consectetur optio. Numquam nisi deleniti sequi recusandae quaerat dolore nihil voluptatem. Temporibus quia explicabo recusandae.', 49.99, 2, 4, 15, '2', '2023-03-21 19:23:40', '2023-03-21 19:23:40'),
(180, 'Ut aut.', 'ut-aut', 'Quidem rerum voluptas hic. Corporis nihil molestiae perferendis quae suscipit harum porro. Sequi earum voluptatem ut molestiae optio et dolor. Et excepturi eum architecto in ad dolore adipisci.', 49.99, 10, 9, 15, '2', '2023-03-21 19:23:40', '2023-03-21 19:23:40'),
(181, 'Quibusdam ut.', 'quibusdam-ut', 'Dolorem id aut et. Est recusandae autem culpa quia nisi sapiente vero. Iusto repellat voluptas ut placeat reiciendis.', 19.99, 13, 16, 15, '2', '2023-03-21 19:23:40', '2023-03-21 19:23:40'),
(182, 'Corrupti excepturi reiciendis.', 'corrupti-excepturi-reiciendis', 'Ratione quo voluptas quia vel qui est. Ducimus nesciunt corrupti consequatur ipsam aut eveniet quis eos.', 49.99, 16, 20, NULL, '2', '2023-03-21 19:23:40', '2023-03-21 19:23:40'),
(183, 'Deserunt voluptas.', 'deserunt-voluptas', 'Temporibus odit quaerat et magnam. Cupiditate tempora debitis eligendi. Culpa nisi assumenda dolores voluptatem reprehenderit iste modi. Distinctio consequuntur non qui molestiae sit.', 49.99, 2, 4, 15, '2', '2023-03-21 19:23:40', '2023-03-21 19:23:40'),
(184, 'Velit nesciunt.', 'velit-nesciunt', 'Quia nihil consequuntur hic natus porro beatae mollitia. Quia iusto nostrum quisquam sapiente. Quia quia omnis similique illum. Quisquam eveniet voluptate explicabo.', 99.99, 8, 9, 15, '2', '2023-03-21 19:23:40', '2023-03-21 19:23:40'),
(185, 'Corrupti aut sed.', 'corrupti-aut-sed', 'Omnis id explicabo dignissimos accusantium facilis. Et perspiciatis sequi ut nobis minus aut.', 19.99, 11, 15, 15, '2', '2023-03-21 19:23:40', '2023-03-21 19:23:40'),
(186, 'Aut aspernatur.', 'aut-aspernatur', 'Quasi alias enim quasi quod rerum nobis. Voluptas ut iure nisi ratione exercitationem. Est temporibus commodi similique aut nisi.', 99.99, 7, 10, 15, '2', '2023-03-21 19:23:40', '2023-03-21 19:23:40'),
(187, 'Et eum minus.', 'et-eum-minus', 'Hic velit et ut qui pariatur quam aut sed. Iusto rerum et aliquam autem. Architecto sapiente dignissimos consequuntur optio consequatur.', 99.99, 2, 3, 15, '2', '2023-03-21 19:23:40', '2023-03-21 19:23:40');
INSERT INTO `products` (`id`, `name`, `slug`, `description`, `price`, `subcategory_id`, `brand_id`, `quantity`, `status`, `created_at`, `updated_at`) VALUES
(188, 'Doloribus earum minus.', 'doloribus-earum-minus', 'Modi non qui assumenda enim molestiae totam. Natus qui cumque hic omnis unde quam ipsa. Doloribus libero at ratione beatae aut sed saepe aperiam. Numquam laboriosam quia doloremque.', 99.99, 15, 19, NULL, '2', '2023-03-21 19:23:40', '2023-03-21 19:23:40'),
(189, 'Amet tempore.', 'amet-tempore', 'Magnam ut adipisci iste pariatur consequatur. Quisquam fuga ut vero omnis eaque. Facere voluptate illum provident rerum iste.', 99.99, 8, 11, 15, '2', '2023-03-21 19:23:40', '2023-03-21 19:23:40'),
(190, 'Facere aut.', 'facere-aut', 'Voluptatem eligendi asperiores sed. Odio omnis est dolor hic omnis vel praesentium reiciendis. Velit dolores voluptatem ab. Cum rerum tenetur et ea modi.', 99.99, 5, 8, 15, '2', '2023-03-21 19:23:40', '2023-03-21 19:23:40'),
(191, 'Ea est sit.', 'ea-est-sit', 'Sunt qui voluptatibus nulla dolore sit. Consequatur minus iste cum eos doloremque repellat ea. Quidem odit iste ut explicabo labore voluptatum ducimus.', 19.99, 11, 15, 15, '2', '2023-03-21 19:23:40', '2023-03-21 19:23:40'),
(192, 'Voluptatum architecto.', 'voluptatum-architecto', 'Enim vitae sint sit rerum qui. Laudantium minus ex iste expedita nemo dolores. Non suscipit dignissimos explicabo quis occaecati suscipit blanditiis.', 99.99, 18, 18, 15, '2', '2023-03-21 19:23:40', '2023-03-21 19:23:40'),
(193, 'Sint esse.', 'sint-esse', 'Vel sunt minima voluptatem. Labore iste consequatur reiciendis qui voluptatem omnis. Aliquid sit aut qui ad tempora at accusantium.', 19.99, 4, 8, 15, '2', '2023-03-21 19:23:40', '2023-03-21 19:23:40'),
(194, 'Fuga voluptas.', 'fuga-voluptas', 'Ut ex eius in veniam id. Aspernatur commodi iure nostrum. Asperiores tempore numquam totam vel. Rerum assumenda id delectus perferendis nulla voluptas recusandae dolorem.', 49.99, 11, 16, 15, '2', '2023-03-21 19:23:40', '2023-03-21 19:23:40'),
(195, 'Eum veniam.', 'eum-veniam', 'Vero nobis mollitia non consectetur. Illum officiis culpa occaecati aut. Odit asperiores eos voluptas ducimus sed veritatis nostrum sint.', 19.99, 2, 2, 15, '2', '2023-03-21 19:23:40', '2023-03-21 19:23:40'),
(196, 'Temporibus quaerat.', 'temporibus-quaerat', 'Eum veniam ducimus omnis sit. Amet modi natus voluptates minima ratione laboriosam quibusdam. Voluptatibus magni enim similique ea.', 99.99, 7, 11, 15, '2', '2023-03-21 19:23:40', '2023-03-21 19:23:40'),
(197, 'Molestias voluptatem.', 'molestias-voluptatem', 'Pariatur occaecati non consequuntur in ut. Sed non ipsam omnis expedita sequi. Fugit tenetur molestiae laboriosam voluptas.', 49.99, 5, 5, 15, '2', '2023-03-21 19:23:40', '2023-03-21 19:23:40'),
(198, 'Labore voluptatem.', 'labore-voluptatem', 'Ducimus doloribus veniam numquam excepturi voluptatem. Aut reiciendis dolorem reprehenderit beatae eos voluptatem. Rerum rerum molestias nesciunt blanditiis aut. Aut nulla placeat et rerum.', 99.99, 2, 4, 15, '2', '2023-03-21 19:23:40', '2023-03-21 19:23:40'),
(199, 'Numquam beatae.', 'numquam-beatae', 'Praesentium fugit quaerat quis temporibus officiis. Ea delectus numquam sapiente minima voluptatum iure libero. Velit molestiae excepturi molestias.', 19.99, 8, 12, 15, '2', '2023-03-21 19:23:40', '2023-03-21 19:23:40'),
(200, 'Autem modi aut.', 'autem-modi-aut', 'Impedit omnis voluptate quisquam repudiandae enim quia. Aliquam officia rerum commodi. Minus laborum reprehenderit velit perferendis. Ut soluta in labore est.', 49.99, 6, 5, 15, '2', '2023-03-21 19:23:40', '2023-03-21 19:23:40'),
(201, 'Error ad possimus.', 'error-ad-possimus', 'Quas non et modi suscipit tempora. Veniam earum ex fugiat provident. Vel et sit numquam at nisi ut. Dolor voluptate beatae minima tempore.', 49.99, 7, 11, 15, '2', '2023-03-21 19:23:40', '2023-03-21 19:23:40'),
(202, 'Molestiae minima.', 'molestiae-minima', 'Sit voluptatem vel molestiae et. Aut natus rerum qui beatae esse et labore. Aperiam dicta est corporis quod quo molestiae ipsa. Voluptatem molestias non inventore consequuntur sequi.', 19.99, 12, 13, 15, '2', '2023-03-21 19:23:40', '2023-03-21 19:23:40'),
(203, 'Est impedit.', 'est-impedit', 'Unde aut repellendus accusamus tenetur dolorum rem ab. Et sint est natus nobis laudantium et exercitationem. Id tenetur totam doloremque quidem.', 49.99, 7, 11, 15, '2', '2023-03-21 19:23:40', '2023-03-21 19:23:40'),
(204, 'Qui sed qui.', 'qui-sed-qui', 'Ipsum harum molestiae qui. Officia nulla debitis quasi quo itaque. Et in odit officia minus laboriosam. Qui deleniti at itaque eius iusto. Corporis assumenda dolores consectetur ab eius repudiandae.', 99.99, 9, 10, 15, '2', '2023-03-21 19:23:40', '2023-03-21 19:23:40'),
(205, 'Et repellendus est.', 'et-repellendus-est', 'Quia sed et voluptatem molestiae id ipsam. Tempore quo iusto debitis est sapiente inventore earum. Repellendus temporibus fuga nesciunt et iusto itaque temporibus.', 19.99, 1, 3, NULL, '2', '2023-03-21 19:23:40', '2023-03-21 19:23:40'),
(206, 'Nihil non modi.', 'nihil-non-modi', 'Delectus magni illo nihil atque. Facere dolorem consequatur ut sed. Fugit occaecati dolor sapiente harum laboriosam vel. Veritatis vitae optio veritatis reiciendis aut sit sint qui.', 19.99, 14, 13, 15, '2', '2023-03-21 19:23:40', '2023-03-21 19:23:40'),
(207, 'Expedita impedit perferendis.', 'expedita-impedit-perferendis', 'Maxime et libero facilis repellendus ex praesentium natus. Facilis nostrum id omnis quidem. Laudantium impedit sed natus quasi aut ut. Magnam qui quia blanditiis.', 49.99, 13, 14, 15, '2', '2023-03-21 19:23:40', '2023-03-21 19:23:40'),
(208, 'Inventore incidunt.', 'inventore-incidunt', 'Unde similique autem est. Voluptatem voluptas et enim corrupti est blanditiis atque. Maxime et perferendis molestiae facilis dignissimos. Placeat recusandae expedita officiis asperiores assumenda.', 19.99, 3, 1, 15, '2', '2023-03-21 19:23:40', '2023-03-21 19:23:40'),
(209, 'Harum iure ut.', 'harum-iure-ut', 'Quibusdam ipsa et molestiae quam. Quas autem qui numquam consectetur explicabo consequuntur facere.', 19.99, 17, 19, 15, '2', '2023-03-21 19:23:40', '2023-03-21 19:23:40'),
(210, 'Esse voluptas.', 'esse-voluptas', 'Sit dolorem alias aut ratione est. Minima necessitatibus doloremque earum cumque voluptas voluptas a nobis. Cupiditate hic aut rerum nostrum omnis officia sequi.', 99.99, 18, 17, 15, '2', '2023-03-21 19:23:40', '2023-03-21 19:23:40'),
(211, 'Voluptate modi aspernatur.', 'voluptate-modi-aspernatur', 'Velit nemo animi quam. Ea sapiente accusantium error laborum alias voluptas aperiam. Rerum error et ipsa dolorum sint voluptas.', 19.99, 1, 4, NULL, '2', '2023-03-21 19:23:41', '2023-03-21 19:23:41'),
(212, 'Nihil veniam rerum.', 'nihil-veniam-rerum', 'Sit nemo consequatur harum repellat sed voluptatum. Tempore a fuga cum eos excepturi dolorem sed. Corporis et delectus est nam eum quisquam et.', 99.99, 18, 19, 15, '2', '2023-03-21 19:23:41', '2023-03-21 19:23:41'),
(213, 'Ipsam quia laborum.', 'ipsam-quia-laborum', 'Quod neque dolor voluptatem atque optio. Id molestias minima ad et. Sit repellat quia ex qui.', 49.99, 6, 8, 15, '2', '2023-03-21 19:23:41', '2023-03-21 19:23:41'),
(214, 'Id sequi possimus.', 'id-sequi-possimus', 'Laudantium sint consequatur officia qui expedita. Dicta et nihil cum id nostrum. Officiis aliquid molestiae ab voluptate. Facere earum doloremque blanditiis praesentium doloribus ea quia.', 49.99, 2, 1, 15, '2', '2023-03-21 19:23:41', '2023-03-21 19:23:41'),
(215, 'Minus vel quia.', 'minus-vel-quia', 'Eligendi et minus omnis. Iusto corrupti delectus incidunt tenetur dolor in at reiciendis. Voluptas harum expedita minima rerum quisquam. Ut hic eos aut quasi. Quas dolores quae est harum.', 19.99, 18, 18, 15, '2', '2023-03-21 19:23:41', '2023-03-21 19:23:41'),
(216, 'Est sed.', 'est-sed', 'Vero et sit distinctio natus. Nesciunt modi cum unde hic neque doloremque totam. Aspernatur accusamus in eum recusandae. Assumenda laudantium qui enim dolorem ducimus rerum iure.', 49.99, 15, 19, NULL, '2', '2023-03-21 19:23:41', '2023-03-21 19:23:41'),
(217, 'Corporis suscipit.', 'corporis-suscipit', 'Omnis molestiae eum corrupti illo necessitatibus eius. Neque animi exercitationem porro excepturi omnis. Aliquam odit perspiciatis qui explicabo odio. Beatae rerum magnam reprehenderit saepe.', 99.99, 14, 16, 15, '2', '2023-03-21 19:23:41', '2023-03-21 19:23:41'),
(218, 'Et impedit.', 'et-impedit', 'Eum asperiores perferendis dolorem sunt dolorem vel. Consequatur ea facere et voluptas sapiente. Laborum ea placeat ut molestias. Magnam nulla et vel ut. Tenetur earum est consequatur est ipsam.', 99.99, 13, 14, 15, '2', '2023-03-21 19:23:41', '2023-03-21 19:23:41'),
(219, 'Voluptatem enim eveniet.', 'voluptatem-enim-eveniet', 'Quae enim incidunt ut. Repellendus voluptas voluptatem quisquam assumenda. Qui hic qui qui ipsam est et et. Perspiciatis ducimus officiis repellendus qui rerum nobis odio molestiae.', 19.99, 4, 7, 15, '2', '2023-03-21 19:23:41', '2023-03-21 19:23:41'),
(220, 'Quibusdam accusamus pariatur.', 'quibusdam-accusamus-pariatur', 'Recusandae beatae velit consequuntur. Molestiae magnam repellat laboriosam explicabo maxime est cupiditate. Velit velit et ut nihil nihil est.', 49.99, 1, 4, NULL, '2', '2023-03-21 19:23:41', '2023-03-21 19:23:41'),
(221, 'Expedita adipisci voluptas.', 'expedita-adipisci-voluptas', 'Minima quidem impedit sit saepe dicta ea incidunt. Vitae ut odit ut magni nemo aut. Autem aut accusamus quia qui ea. Temporibus et aut quia et atque.', 49.99, 13, 15, 15, '2', '2023-03-21 19:23:41', '2023-03-21 19:23:41'),
(222, 'Soluta rerum nemo.', 'soluta-rerum-nemo', 'Dicta enim et ipsa. Aperiam numquam corporis eum laboriosam est. Adipisci aut neque rerum saepe amet aspernatur et. Ut expedita dolore praesentium quis repudiandae vero id quas.', 49.99, 6, 7, 15, '2', '2023-03-21 19:23:41', '2023-03-21 19:23:41'),
(223, 'Sunt corrupti.', 'sunt-corrupti', 'Adipisci id expedita ut sint voluptatum beatae. Culpa qui quod iusto. Eos et voluptas quam nesciunt tempore nostrum.', 49.99, 14, 16, 15, '2', '2023-03-21 19:23:41', '2023-03-21 19:23:41'),
(224, 'Debitis distinctio.', 'debitis-distinctio', 'Consequatur reiciendis in assumenda doloribus. Nulla in reprehenderit minus quo. Vel unde placeat minus vero quibusdam voluptatum quisquam dignissimos.', 99.99, 7, 9, 15, '2', '2023-03-21 19:23:41', '2023-03-21 19:23:41'),
(225, 'Quasi excepturi eos.', 'quasi-excepturi-eos', 'Et id dolor molestias aliquid omnis voluptas. Et animi ea voluptas ea nulla nobis ut. Magnam est ullam pariatur doloremque.', 49.99, 10, 11, 15, '2', '2023-03-21 19:23:41', '2023-03-21 19:23:41'),
(226, 'Voluptas pariatur repellendus.', 'voluptas-pariatur-repellendus', 'Repellendus natus amet fugiat qui quae laboriosam. Nemo sint quam beatae praesentium. Blanditiis aut culpa nisi voluptatem saepe consequuntur eaque cupiditate.', 49.99, 17, 19, 15, '2', '2023-03-21 19:23:41', '2023-03-21 19:23:41'),
(227, 'Quod amet.', 'quod-amet', 'Quia incidunt quasi quia corrupti id suscipit. Vitae modi dolorem alias odit quam quos dolor. Voluptas consequatur qui architecto maiores.', 49.99, 3, 3, 15, '2', '2023-03-21 19:23:41', '2023-03-21 19:23:41'),
(228, 'Fugit illum ex.', 'fugit-illum-ex', 'Aliquid et ut impedit illum quia blanditiis. Quia sequi sapiente magnam ea voluptatem placeat. Minima et et omnis. Aut officiis officiis omnis dolores occaecati et nostrum.', 99.99, 6, 8, 15, '2', '2023-03-21 19:23:41', '2023-03-21 19:23:41'),
(229, 'Voluptas molestiae explicabo.', 'voluptas-molestiae-explicabo', 'Est sit quo magni accusamus non exercitationem et culpa. Iure voluptas quaerat ullam aperiam dolores ea. Fuga corrupti libero tempora est adipisci aut.', 19.99, 13, 13, 15, '2', '2023-03-21 19:23:41', '2023-03-21 19:23:41'),
(230, 'Tenetur occaecati est.', 'tenetur-occaecati-est', 'Animi sint perspiciatis illo voluptas. Qui sit voluptatem voluptatum autem.', 99.99, 1, 1, NULL, '2', '2023-03-21 19:23:41', '2023-03-21 19:23:41'),
(231, 'Qui ipsa temporibus.', 'qui-ipsa-temporibus', 'Exercitationem quis officia quia in in quas. Sit quia recusandae eveniet quia. Labore culpa cumque perspiciatis voluptatum dolores. Veniam sit esse voluptas quidem.', 49.99, 12, 15, 15, '2', '2023-03-21 19:23:41', '2023-03-21 19:23:41'),
(232, 'Dolor qui.', 'dolor-qui', 'Quos omnis atque porro reiciendis consectetur. Et rerum consequuntur quo doloremque consequatur facere. Sunt repudiandae illum ea esse.', 49.99, 14, 15, 15, '2', '2023-03-21 19:23:41', '2023-03-21 19:23:41'),
(233, 'Officia sint voluptas.', 'officia-sint-voluptas', 'Sit vel officia cupiditate. Veritatis consequatur voluptatem corrupti velit esse esse. Qui pariatur magnam eum temporibus commodi esse.', 99.99, 7, 10, 15, '2', '2023-03-21 19:23:41', '2023-03-21 19:23:41'),
(234, 'Rerum hic.', 'rerum-hic', 'Asperiores quod temporibus rem. Quae occaecati voluptatem voluptatem sint aut. Vero delectus placeat impedit unde totam. Tempore voluptates qui voluptatem et vel velit cum nihil.', 99.99, 5, 6, 15, '2', '2023-03-21 19:23:41', '2023-03-21 19:23:41'),
(235, 'Doloribus illo.', 'doloribus-illo', 'Ut vero magni facilis error dolore. Temporibus nulla et autem illo rerum. Ex molestias laudantium suscipit magnam modi.', 99.99, 2, 3, 15, '2', '2023-03-21 19:23:41', '2023-03-21 19:23:41'),
(236, 'Natus quia.', 'natus-quia', 'Omnis in rerum ad reiciendis velit est ratione. Est voluptatum consequuntur ea et. Est iste inventore aut enim commodi.', 19.99, 12, 13, 15, '2', '2023-03-21 19:23:41', '2023-03-21 19:23:41'),
(237, 'Sit repudiandae sint.', 'sit-repudiandae-sint', 'Id vero iste eligendi at. Laboriosam et dolores itaque reiciendis alias in eligendi. Quia odit eos necessitatibus sit et est at. Nihil fugit ut hic nesciunt.', 49.99, 5, 8, 15, '2', '2023-03-21 19:23:41', '2023-03-21 19:23:41'),
(238, 'Quae alias ipsam.', 'quae-alias-ipsam', 'Eaque sed illo non est nihil. Mollitia deserunt ducimus aut sed. Ut fugiat ratione quia earum reprehenderit natus. Sunt dolorum ullam molestias in eos non magni exercitationem.', 49.99, 15, 20, NULL, '2', '2023-03-21 19:23:41', '2023-03-21 19:23:41'),
(239, 'Laborum doloribus.', 'laborum-doloribus', 'Vero excepturi quis quod minus recusandae et. Qui totam quo dicta. Eum sit ut quam deleniti et fugit quibusdam eos. Laboriosam quia eveniet aut quia. Non laborum dolor cupiditate ratione sunt.', 99.99, 2, 4, 15, '2', '2023-03-21 19:23:41', '2023-03-21 19:23:41'),
(240, 'Sint impedit a.', 'sint-impedit-a', 'Assumenda pariatur natus quo id. Veritatis nihil ut reiciendis eaque maiores voluptatem. Accusantium sint voluptatibus assumenda sed quis et optio. Aspernatur ut sed aliquid vero consectetur.', 99.99, 9, 12, 15, '2', '2023-03-21 19:23:41', '2023-03-21 19:23:41'),
(241, 'Aspernatur laboriosam deleniti.', 'aspernatur-laboriosam-deleniti', 'Officiis aut a vel odit aliquid placeat exercitationem et. Eaque ad quaerat nemo voluptatem eveniet sed. Fuga rerum deleniti quia saepe voluptatem. Provident qui ea soluta vel cumque ut.', 99.99, 11, 16, 15, '2', '2023-03-21 19:23:41', '2023-03-21 19:23:41'),
(242, 'Harum autem rerum.', 'harum-autem-rerum', 'Excepturi voluptas est excepturi eius occaecati sit. Ut eaque ut eius sunt tenetur vero porro. Ea mollitia modi eos aut qui. Iure velit maxime harum iure.', 19.99, 4, 8, 15, '2', '2023-03-21 19:23:41', '2023-03-21 19:23:41'),
(243, 'Distinctio praesentium sed.', 'distinctio-praesentium-sed', 'Et tenetur qui impedit qui. Qui quod autem ullam et impedit nam. Dolores nostrum non modi occaecati maxime. Aut officiis laboriosam natus modi dolor nihil aut.', 49.99, 16, 20, NULL, '2', '2023-03-21 19:23:41', '2023-03-21 19:23:41'),
(244, 'Inventore dolorem.', 'inventore-dolorem', 'Nihil culpa soluta provident officia ratione velit laudantium. Quia voluptatem est ipsa non blanditiis. Atque deleniti qui sit assumenda sequi eligendi.', 19.99, 8, 9, 15, '2', '2023-03-21 19:23:41', '2023-03-21 19:23:41'),
(245, 'Perspiciatis cupiditate.', 'perspiciatis-cupiditate', 'Placeat minus vero velit tempore omnis. Quae consequuntur libero expedita accusamus. Fugit aut quos et optio minus nostrum. Magnam ipsam neque eligendi est aspernatur expedita.', 19.99, 3, 4, 15, '2', '2023-03-21 19:23:41', '2023-03-21 19:23:41'),
(246, 'Vitae earum consequatur.', 'vitae-earum-consequatur', 'Laboriosam hic qui eum architecto architecto. Laboriosam vel consequatur sequi recusandae quo quo. Voluptatum cupiditate unde culpa ullam laborum ex facilis.', 19.99, 7, 9, 15, '2', '2023-03-21 19:23:41', '2023-03-21 19:23:41'),
(247, 'Quod facere aut.', 'quod-facere-aut', 'Quo nam porro aliquam. Perspiciatis ratione inventore cum recusandae quibusdam voluptatem. Quia nam aut quo nesciunt explicabo. Sunt distinctio maxime numquam tempora dolorum esse.', 99.99, 2, 1, 15, '2', '2023-03-21 19:23:41', '2023-03-21 19:23:41'),
(248, 'Repellat fuga.', 'repellat-fuga', 'Ut sunt libero error. Aperiam sit blanditiis ipsam sed consequatur aut aut. Explicabo ipsum et rerum ipsum eum.', 99.99, 6, 7, 15, '2', '2023-03-21 19:23:41', '2023-03-21 19:23:41'),
(249, 'Sint porro molestiae.', 'sint-porro-molestiae', 'Nostrum vero sed quo aperiam amet. Quo quia voluptate rerum id quas quae repudiandae. Laborum ut voluptatem atque cupiditate.', 19.99, 1, 4, NULL, '2', '2023-03-21 19:23:41', '2023-03-21 19:23:41'),
(250, 'Et perspiciatis officia.', 'et-perspiciatis-officia', 'Delectus autem et numquam exercitationem. Aut nobis alias explicabo et. Non possimus aut aliquid amet et sit.', 19.99, 12, 15, 15, '2', '2023-03-21 19:23:41', '2023-03-21 19:23:41');

-- --------------------------------------------------------

--
-- Estructura de tabla para la tabla `roles`
--

CREATE TABLE `roles` (
  `id` bigint UNSIGNED NOT NULL,
  `name` varchar(255) COLLATE utf8mb4_unicode_ci NOT NULL,
  `guard_name` varchar(255) COLLATE utf8mb4_unicode_ci NOT NULL,
  `created_at` timestamp NULL DEFAULT NULL,
  `updated_at` timestamp NULL DEFAULT NULL
) ENGINE=InnoDB DEFAULT CHARSET=utf8mb4 COLLATE=utf8mb4_unicode_ci;

--
-- Volcado de datos para la tabla `roles`
--

INSERT INTO `roles` (`id`, `name`, `guard_name`, `created_at`, `updated_at`) VALUES
(1, 'admin', 'web', '2023-03-21 19:23:37', '2023-03-21 19:23:37');

-- --------------------------------------------------------

--
-- Estructura de tabla para la tabla `role_has_permissions`
--

CREATE TABLE `role_has_permissions` (
  `permission_id` bigint UNSIGNED NOT NULL,
  `role_id` bigint UNSIGNED NOT NULL
) ENGINE=InnoDB DEFAULT CHARSET=utf8mb4 COLLATE=utf8mb4_unicode_ci;

-- --------------------------------------------------------

--
-- Estructura de tabla para la tabla `sessions`
--

CREATE TABLE `sessions` (
  `id` varchar(255) COLLATE utf8mb4_unicode_ci NOT NULL,
  `user_id` bigint UNSIGNED DEFAULT NULL,
  `ip_address` varchar(45) COLLATE utf8mb4_unicode_ci DEFAULT NULL,
  `user_agent` text COLLATE utf8mb4_unicode_ci,
  `payload` text COLLATE utf8mb4_unicode_ci NOT NULL,
  `last_activity` int NOT NULL
) ENGINE=InnoDB DEFAULT CHARSET=utf8mb4 COLLATE=utf8mb4_unicode_ci;

--
-- Volcado de datos para la tabla `sessions`
--

INSERT INTO `sessions` (`id`, `user_id`, `ip_address`, `user_agent`, `payload`, `last_activity`) VALUES
('CZuFACnuyHAmPy9kkq6GoeJkzs5hI36znLM8ei3t', 1, '172.20.0.1', 'Mozilla/5.0 (X11; Ubuntu; Linux x86_64; rv:109.0) Gecko/20100101 Firefox/111.0', 'YTo1OntzOjY6Il90b2tlbiI7czo0MDoiOW95Uk53R05qVGI0Rkx0RER1NUxDbFdjWGlWUGw1dHVqaWhwbkFiSyI7czo5OiJfcHJldmlvdXMiO2E6MTp7czozOiJ1cmwiO3M6MjI6Imh0dHA6Ly9lY29tbWVyY2UyLnRlc3QiO31zOjY6Il9mbGFzaCI7YToyOntzOjM6Im9sZCI7YTowOnt9czozOiJuZXciO2E6MDp7fX1zOjUwOiJsb2dpbl93ZWJfNTliYTM2YWRkYzJiMmY5NDAxNTgwZjAxNGM3ZjU4ZWE0ZTMwOTg5ZCI7aToxO3M6MTc6InBhc3N3b3JkX2hhc2hfd2ViIjtzOjYwOiIkMnkkMTAkcmpMNFliVmwvcmJNVkxIeWZ3Qi9IdXNGSGtwQndNQmdVSk1wci4xMmtRY04wRzhnZzN3LnkiO30=', 1679427579);

-- --------------------------------------------------------

--
-- Estructura de tabla para la tabla `shoppingcart`
--

CREATE TABLE `shoppingcart` (
  `identifier` varchar(255) COLLATE utf8mb4_unicode_ci NOT NULL,
  `instance` varchar(255) COLLATE utf8mb4_unicode_ci NOT NULL,
  `content` longtext COLLATE utf8mb4_unicode_ci NOT NULL,
  `created_at` timestamp NULL DEFAULT NULL,
  `updated_at` timestamp NULL DEFAULT NULL
) ENGINE=InnoDB DEFAULT CHARSET=utf8mb4 COLLATE=utf8mb4_unicode_ci;

-- --------------------------------------------------------

--
-- Estructura de tabla para la tabla `sizes`
--

CREATE TABLE `sizes` (
  `id` bigint UNSIGNED NOT NULL,
  `name` varchar(255) COLLATE utf8mb4_unicode_ci NOT NULL,
  `product_id` bigint UNSIGNED NOT NULL,
  `created_at` timestamp NULL DEFAULT NULL,
  `updated_at` timestamp NULL DEFAULT NULL
) ENGINE=InnoDB DEFAULT CHARSET=utf8mb4 COLLATE=utf8mb4_unicode_ci;

--
-- Volcado de datos para la tabla `sizes`
--

INSERT INTO `sizes` (`id`, `name`, `product_id`, `created_at`, `updated_at`) VALUES
(1, 'Talla S', 15, '2023-03-21 19:32:18', '2023-03-21 19:32:18'),
(2, 'Talla M', 15, '2023-03-21 19:32:18', '2023-03-21 19:32:18'),
(3, 'Talla L', 15, '2023-03-21 19:32:18', '2023-03-21 19:32:18'),
(4, 'Talla S', 52, '2023-03-21 19:32:18', '2023-03-21 19:32:18'),
(5, 'Talla M', 52, '2023-03-21 19:32:18', '2023-03-21 19:32:18'),
(6, 'Talla L', 52, '2023-03-21 19:32:18', '2023-03-21 19:32:18'),
(7, 'Talla S', 59, '2023-03-21 19:32:18', '2023-03-21 19:32:18'),
(8, 'Talla M', 59, '2023-03-21 19:32:18', '2023-03-21 19:32:18'),
(9, 'Talla L', 59, '2023-03-21 19:32:18', '2023-03-21 19:32:18'),
(10, 'Talla S', 62, '2023-03-21 19:32:18', '2023-03-21 19:32:18'),
(11, 'Talla M', 62, '2023-03-21 19:32:18', '2023-03-21 19:32:18'),
(12, 'Talla L', 62, '2023-03-21 19:32:18', '2023-03-21 19:32:18'),
(13, 'Talla S', 70, '2023-03-21 19:32:18', '2023-03-21 19:32:18'),
(14, 'Talla M', 70, '2023-03-21 19:32:18', '2023-03-21 19:32:18'),
(15, 'Talla L', 70, '2023-03-21 19:32:18', '2023-03-21 19:32:18'),
(16, 'Talla S', 76, '2023-03-21 19:32:18', '2023-03-21 19:32:18'),
(17, 'Talla M', 76, '2023-03-21 19:32:18', '2023-03-21 19:32:18'),
(18, 'Talla L', 76, '2023-03-21 19:32:18', '2023-03-21 19:32:18'),
(19, 'Talla S', 83, '2023-03-21 19:32:18', '2023-03-21 19:32:18'),
(20, 'Talla M', 83, '2023-03-21 19:32:18', '2023-03-21 19:32:18'),
(21, 'Talla L', 83, '2023-03-21 19:32:18', '2023-03-21 19:32:18'),
(22, 'Talla S', 157, '2023-03-21 19:32:18', '2023-03-21 19:32:18'),
(23, 'Talla M', 157, '2023-03-21 19:32:18', '2023-03-21 19:32:18'),
(24, 'Talla L', 157, '2023-03-21 19:32:18', '2023-03-21 19:32:18'),
(25, 'Talla S', 169, '2023-03-21 19:32:18', '2023-03-21 19:32:18'),
(26, 'Talla M', 169, '2023-03-21 19:32:18', '2023-03-21 19:32:18'),
(27, 'Talla L', 169, '2023-03-21 19:32:18', '2023-03-21 19:32:18'),
(28, 'Talla S', 172, '2023-03-21 19:32:18', '2023-03-21 19:32:18'),
(29, 'Talla M', 172, '2023-03-21 19:32:18', '2023-03-21 19:32:18'),
(30, 'Talla L', 172, '2023-03-21 19:32:18', '2023-03-21 19:32:18'),
(31, 'Talla S', 188, '2023-03-21 19:32:18', '2023-03-21 19:32:18'),
(32, 'Talla M', 188, '2023-03-21 19:32:18', '2023-03-21 19:32:18'),
(33, 'Talla L', 188, '2023-03-21 19:32:18', '2023-03-21 19:32:18'),
(34, 'Talla S', 216, '2023-03-21 19:32:18', '2023-03-21 19:32:18'),
(35, 'Talla M', 216, '2023-03-21 19:32:18', '2023-03-21 19:32:18'),
(36, 'Talla L', 216, '2023-03-21 19:32:18', '2023-03-21 19:32:18'),
(37, 'Talla S', 238, '2023-03-21 19:32:18', '2023-03-21 19:32:18'),
(38, 'Talla M', 238, '2023-03-21 19:32:18', '2023-03-21 19:32:18'),
(39, 'Talla L', 238, '2023-03-21 19:32:18', '2023-03-21 19:32:18'),
(40, 'Talla S', 7, '2023-03-21 19:32:18', '2023-03-21 19:32:18'),
(41, 'Talla M', 7, '2023-03-21 19:32:18', '2023-03-21 19:32:18'),
(42, 'Talla L', 7, '2023-03-21 19:32:18', '2023-03-21 19:32:18'),
(43, 'Talla S', 31, '2023-03-21 19:32:18', '2023-03-21 19:32:18'),
(44, 'Talla M', 31, '2023-03-21 19:32:18', '2023-03-21 19:32:18'),
(45, 'Talla L', 31, '2023-03-21 19:32:18', '2023-03-21 19:32:18'),
(46, 'Talla S', 41, '2023-03-21 19:32:18', '2023-03-21 19:32:18'),
(47, 'Talla M', 41, '2023-03-21 19:32:18', '2023-03-21 19:32:18'),
(48, 'Talla L', 41, '2023-03-21 19:32:18', '2023-03-21 19:32:18'),
(49, 'Talla S', 46, '2023-03-21 19:32:18', '2023-03-21 19:32:18'),
(50, 'Talla M', 46, '2023-03-21 19:32:18', '2023-03-21 19:32:18'),
(51, 'Talla L', 46, '2023-03-21 19:32:18', '2023-03-21 19:32:18'),
(52, 'Talla S', 67, '2023-03-21 19:32:18', '2023-03-21 19:32:18'),
(53, 'Talla M', 67, '2023-03-21 19:32:18', '2023-03-21 19:32:18'),
(54, 'Talla L', 67, '2023-03-21 19:32:18', '2023-03-21 19:32:18'),
(55, 'Talla S', 123, '2023-03-21 19:32:18', '2023-03-21 19:32:18'),
(56, 'Talla M', 123, '2023-03-21 19:32:18', '2023-03-21 19:32:18'),
(57, 'Talla L', 123, '2023-03-21 19:32:18', '2023-03-21 19:32:18'),
(58, 'Talla S', 124, '2023-03-21 19:32:18', '2023-03-21 19:32:18'),
(59, 'Talla M', 124, '2023-03-21 19:32:18', '2023-03-21 19:32:18'),
(60, 'Talla L', 124, '2023-03-21 19:32:18', '2023-03-21 19:32:18'),
(61, 'Talla S', 141, '2023-03-21 19:32:18', '2023-03-21 19:32:18'),
(62, 'Talla M', 141, '2023-03-21 19:32:18', '2023-03-21 19:32:18'),
(63, 'Talla L', 141, '2023-03-21 19:32:18', '2023-03-21 19:32:18'),
(64, 'Talla S', 176, '2023-03-21 19:32:18', '2023-03-21 19:32:18'),
(65, 'Talla M', 176, '2023-03-21 19:32:18', '2023-03-21 19:32:18'),
(66, 'Talla L', 176, '2023-03-21 19:32:18', '2023-03-21 19:32:18'),
(67, 'Talla S', 182, '2023-03-21 19:32:18', '2023-03-21 19:32:18'),
(68, 'Talla M', 182, '2023-03-21 19:32:18', '2023-03-21 19:32:18'),
(69, 'Talla L', 182, '2023-03-21 19:32:18', '2023-03-21 19:32:18'),
(70, 'Talla S', 243, '2023-03-21 19:32:18', '2023-03-21 19:32:18'),
(71, 'Talla M', 243, '2023-03-21 19:32:18', '2023-03-21 19:32:18'),
(72, 'Talla L', 243, '2023-03-21 19:32:18', '2023-03-21 19:32:18');

-- --------------------------------------------------------

--
-- Estructura de tabla para la tabla `subcategories`
--

CREATE TABLE `subcategories` (
  `id` bigint UNSIGNED NOT NULL,
  `name` varchar(255) COLLATE utf8mb4_unicode_ci NOT NULL,
  `slug` varchar(255) COLLATE utf8mb4_unicode_ci NOT NULL,
  `color` tinyint(1) NOT NULL DEFAULT '0',
  `size` tinyint(1) NOT NULL DEFAULT '0',
  `category_id` bigint UNSIGNED NOT NULL,
  `created_at` timestamp NULL DEFAULT NULL,
  `updated_at` timestamp NULL DEFAULT NULL
) ENGINE=InnoDB DEFAULT CHARSET=utf8mb4 COLLATE=utf8mb4_unicode_ci;

--
-- Volcado de datos para la tabla `subcategories`
--

INSERT INTO `subcategories` (`id`, `name`, `slug`, `color`, `size`, `category_id`, `created_at`, `updated_at`) VALUES
(1, 'Celulares y smartphones', 'celulares-y-smartphones', 1, 0, 1, '2023-03-21 19:23:40', '2023-03-21 19:23:40'),
(2, 'Accesorios para celulares', 'accesorios-para-celulares', 0, 0, 1, '2023-03-21 19:23:40', '2023-03-21 19:23:40'),
(3, 'Smartwatches', 'smartwatches', 0, 0, 1, '2023-03-21 19:23:40', '2023-03-21 19:23:40'),
(4, 'TV y audio', 'tv-y-audio', 0, 0, 2, '2023-03-21 19:23:40', '2023-03-21 19:23:40'),
(5, 'Audios', 'audios', 0, 0, 2, '2023-03-21 19:23:40', '2023-03-21 19:23:40'),
(6, 'Audio para autos', 'audio-para-autos', 0, 0, 2, '2023-03-21 19:23:40', '2023-03-21 19:23:40'),
(7, 'Xbox', 'xbox', 0, 0, 3, '2023-03-21 19:23:40', '2023-03-21 19:23:40'),
(8, 'Play Station', 'play-station', 0, 0, 3, '2023-03-21 19:23:40', '2023-03-21 19:23:40'),
(9, 'Videojuegos para PC', 'videojuegos-para-pc', 0, 0, 3, '2023-03-21 19:23:40', '2023-03-21 19:23:40'),
(10, 'Nintendo', 'nintendo', 0, 0, 3, '2023-03-21 19:23:40', '2023-03-21 19:23:40'),
(11, 'Port谩tiles', 'portatiles', 0, 0, 4, '2023-03-21 19:23:40', '2023-03-21 19:23:40'),
(12, 'PC escritorio', 'pc-escritorio', 0, 0, 4, '2023-03-21 19:23:40', '2023-03-21 19:23:40'),
(13, 'Almacenamiento', 'almacenamiento', 0, 0, 4, '2023-03-21 19:23:40', '2023-03-21 19:23:40'),
(14, 'Accesorios computadoras', 'accesorios-computadoras', 0, 0, 4, '2023-03-21 19:23:40', '2023-03-21 19:23:40'),
(15, 'Mujeres', 'mujeres', 1, 1, 5, '2023-03-21 19:23:40', '2023-03-21 19:23:40'),
(16, 'Hombres', 'hombres', 1, 1, 5, '2023-03-21 19:23:40', '2023-03-21 19:23:40'),
(17, 'Lentes', 'lentes', 0, 0, 5, '2023-03-21 19:23:40', '2023-03-21 19:23:40'),
(18, 'Relojes', 'relojes', 0, 0, 5, '2023-03-21 19:23:40', '2023-03-21 19:23:40');

-- --------------------------------------------------------

--
-- Estructura de tabla para la tabla `users`
--

CREATE TABLE `users` (
  `id` bigint UNSIGNED NOT NULL,
  `name` varchar(255) COLLATE utf8mb4_unicode_ci NOT NULL,
  `email` varchar(255) COLLATE utf8mb4_unicode_ci NOT NULL,
  `email_verified_at` timestamp NULL DEFAULT NULL,
  `password` varchar(255) COLLATE utf8mb4_unicode_ci NOT NULL,
  `two_factor_secret` text COLLATE utf8mb4_unicode_ci,
  `two_factor_recovery_codes` text COLLATE utf8mb4_unicode_ci,
  `remember_token` varchar(100) COLLATE utf8mb4_unicode_ci DEFAULT NULL,
  `current_team_id` bigint UNSIGNED DEFAULT NULL,
  `profile_photo_path` varchar(2048) COLLATE utf8mb4_unicode_ci DEFAULT NULL,
  `created_at` timestamp NULL DEFAULT NULL,
  `updated_at` timestamp NULL DEFAULT NULL
) ENGINE=InnoDB DEFAULT CHARSET=utf8mb4 COLLATE=utf8mb4_unicode_ci;

--
-- Volcado de datos para la tabla `users`
--

INSERT INTO `users` (`id`, `name`, `email`, `email_verified_at`, `password`, `two_factor_secret`, `two_factor_recovery_codes`, `remember_token`, `current_team_id`, `profile_photo_path`, `created_at`, `updated_at`) VALUES
(1, 'Salvador C茅spedes', 'salva@test.com', '2023-03-21 19:23:37', '$2y$10$rjL4YbVl/rbMVLHyfwB/HusFHkpBwMBgUJMpr.12kQcN0G8gg3w.y', NULL, NULL, 'ucF2WcsmiJ', NULL, NULL, '2023-03-21 19:23:37', '2023-03-21 19:23:37'),
(2, 'Shanna Mante', 'rippin.gaylord@example.org', '2023-03-21 19:23:37', '$2y$10$92IXUNpkjO0rOQ5byMi.Ye4oKoEa3Ro9llC/.og/at2.uheWG/igi', NULL, NULL, 'RKnprkpe13', NULL, NULL, '2023-03-21 19:23:37', '2023-03-21 19:23:37'),
(3, 'Aric Cartwright', 'paula.medhurst@example.org', '2023-03-21 19:23:37', '$2y$10$92IXUNpkjO0rOQ5byMi.Ye4oKoEa3Ro9llC/.og/at2.uheWG/igi', NULL, NULL, '86ZlU2QXcY', NULL, NULL, '2023-03-21 19:23:37', '2023-03-21 19:23:37'),
(4, 'Colt Larson II', 'alan12@example.org', '2023-03-21 19:23:37', '$2y$10$92IXUNpkjO0rOQ5byMi.Ye4oKoEa3Ro9llC/.og/at2.uheWG/igi', NULL, NULL, '5UP40Rs26a', NULL, NULL, '2023-03-21 19:23:37', '2023-03-21 19:23:37'),
(5, 'Claudine Maggio', 'alena83@example.net', '2023-03-21 19:23:37', '$2y$10$92IXUNpkjO0rOQ5byMi.Ye4oKoEa3Ro9llC/.og/at2.uheWG/igi', NULL, NULL, 'OqDIRO1cnc', NULL, NULL, '2023-03-21 19:23:37', '2023-03-21 19:23:37'),
(6, 'Jammie Boyle', 'jayson.mertz@example.org', '2023-03-21 19:23:37', '$2y$10$92IXUNpkjO0rOQ5byMi.Ye4oKoEa3Ro9llC/.og/at2.uheWG/igi', NULL, NULL, 'sjmW4IK732', NULL, NULL, '2023-03-21 19:23:37', '2023-03-21 19:23:37'),
(7, 'Miss Colleen Greenfelder Sr.', 'janick02@example.com', '2023-03-21 19:23:37', '$2y$10$92IXUNpkjO0rOQ5byMi.Ye4oKoEa3Ro9llC/.og/at2.uheWG/igi', NULL, NULL, '80voiv4Rz5', NULL, NULL, '2023-03-21 19:23:37', '2023-03-21 19:23:37'),
(8, 'Valerie O\'Connell', 'nkoelpin@example.net', '2023-03-21 19:23:37', '$2y$10$92IXUNpkjO0rOQ5byMi.Ye4oKoEa3Ro9llC/.og/at2.uheWG/igi', NULL, NULL, '4dzxsquZ5r', NULL, NULL, '2023-03-21 19:23:37', '2023-03-21 19:23:37'),
(9, 'Clinton Farrell I', 'gus.dickinson@example.org', '2023-03-21 19:23:37', '$2y$10$92IXUNpkjO0rOQ5byMi.Ye4oKoEa3Ro9llC/.og/at2.uheWG/igi', NULL, NULL, 'KIMaS1gVh5', NULL, NULL, '2023-03-21 19:23:37', '2023-03-21 19:23:37'),
(10, 'Sandra Russel', 'ryley.altenwerth@example.com', '2023-03-21 19:23:37', '$2y$10$92IXUNpkjO0rOQ5byMi.Ye4oKoEa3Ro9llC/.og/at2.uheWG/igi', NULL, NULL, 'ZFLpvuO4wQ', NULL, NULL, '2023-03-21 19:23:37', '2023-03-21 19:23:37'),
(11, 'Jensen Christiansen', 'block.suzanne@example.net', '2023-03-21 19:23:37', '$2y$10$92IXUNpkjO0rOQ5byMi.Ye4oKoEa3Ro9llC/.og/at2.uheWG/igi', NULL, NULL, 'oIKw00XubW', NULL, NULL, '2023-03-21 19:23:37', '2023-03-21 19:23:37'),
(12, 'Miss Caleigh Nicolas', 'jkirlin@example.com', '2023-03-21 19:23:37', '$2y$10$92IXUNpkjO0rOQ5byMi.Ye4oKoEa3Ro9llC/.og/at2.uheWG/igi', NULL, NULL, 'Po1QqH6zHm', NULL, NULL, '2023-03-21 19:23:37', '2023-03-21 19:23:37'),
(13, 'Christiana Tillman', 'annabel.hansen@example.org', '2023-03-21 19:23:37', '$2y$10$92IXUNpkjO0rOQ5byMi.Ye4oKoEa3Ro9llC/.og/at2.uheWG/igi', NULL, NULL, '5ErjbJ9w4W', NULL, NULL, '2023-03-21 19:23:37', '2023-03-21 19:23:37'),
(14, 'Gay Shields', 'fadel.reanna@example.com', '2023-03-21 19:23:37', '$2y$10$92IXUNpkjO0rOQ5byMi.Ye4oKoEa3Ro9llC/.og/at2.uheWG/igi', NULL, NULL, 'mIz7F2lm1o', NULL, NULL, '2023-03-21 19:23:37', '2023-03-21 19:23:37'),
(15, 'Dr. Eileen Walsh', 'marjory.muller@example.com', '2023-03-21 19:23:37', '$2y$10$92IXUNpkjO0rOQ5byMi.Ye4oKoEa3Ro9llC/.og/at2.uheWG/igi', NULL, NULL, 'KvUHHMCxcv', NULL, NULL, '2023-03-21 19:23:37', '2023-03-21 19:23:37'),
(16, 'Vita Jakubowski MD', 'isaias85@example.net', '2023-03-21 19:23:37', '$2y$10$92IXUNpkjO0rOQ5byMi.Ye4oKoEa3Ro9llC/.og/at2.uheWG/igi', NULL, NULL, 'wft7YoClUt', NULL, NULL, '2023-03-21 19:23:37', '2023-03-21 19:23:37'),
(17, 'Luna Welch', 'gladyce67@example.com', '2023-03-21 19:23:37', '$2y$10$92IXUNpkjO0rOQ5byMi.Ye4oKoEa3Ro9llC/.og/at2.uheWG/igi', NULL, NULL, '8TNXym9NhB', NULL, NULL, '2023-03-21 19:23:37', '2023-03-21 19:23:37'),
(18, 'Drake Hartmann', 'orland45@example.org', '2023-03-21 19:23:37', '$2y$10$92IXUNpkjO0rOQ5byMi.Ye4oKoEa3Ro9llC/.og/at2.uheWG/igi', NULL, NULL, 'sjaD99DG4P', NULL, NULL, '2023-03-21 19:23:37', '2023-03-21 19:23:37'),
(19, 'Toni Wyman DDS', 'gcremin@example.org', '2023-03-21 19:23:37', '$2y$10$92IXUNpkjO0rOQ5byMi.Ye4oKoEa3Ro9llC/.og/at2.uheWG/igi', NULL, NULL, 'VJ17vRA2cf', NULL, NULL, '2023-03-21 19:23:37', '2023-03-21 19:23:37'),
(20, 'Luna Jones', 'libby29@example.net', '2023-03-21 19:23:37', '$2y$10$92IXUNpkjO0rOQ5byMi.Ye4oKoEa3Ro9llC/.og/at2.uheWG/igi', NULL, NULL, 'i32QHineOO', NULL, NULL, '2023-03-21 19:23:37', '2023-03-21 19:23:37'),
(21, 'Dr. Collin Hoppe Sr.', 'greenholt.jean@example.com', '2023-03-21 19:23:37', '$2y$10$92IXUNpkjO0rOQ5byMi.Ye4oKoEa3Ro9llC/.og/at2.uheWG/igi', NULL, NULL, 'ZOePckcPTe', NULL, NULL, '2023-03-21 19:23:37', '2023-03-21 19:23:37'),
(22, 'Rick Dooley DVM', 'leatha13@example.com', '2023-03-21 19:23:37', '$2y$10$92IXUNpkjO0rOQ5byMi.Ye4oKoEa3Ro9llC/.og/at2.uheWG/igi', NULL, NULL, 'rmJT5rb5xP', NULL, NULL, '2023-03-21 19:23:37', '2023-03-21 19:23:37'),
(23, 'Tyler Bergstrom', 'aufderhar.lauren@example.net', '2023-03-21 19:23:37', '$2y$10$92IXUNpkjO0rOQ5byMi.Ye4oKoEa3Ro9llC/.og/at2.uheWG/igi', NULL, NULL, 'hxGp35sril', NULL, NULL, '2023-03-21 19:23:37', '2023-03-21 19:23:37'),
(24, 'Ophelia Trantow', 'omarks@example.org', '2023-03-21 19:23:37', '$2y$10$92IXUNpkjO0rOQ5byMi.Ye4oKoEa3Ro9llC/.og/at2.uheWG/igi', NULL, NULL, 'u3hGvul6XA', NULL, NULL, '2023-03-21 19:23:37', '2023-03-21 19:23:37'),
(25, 'Kenyatta Anderson', 'araceli.mcdermott@example.org', '2023-03-21 19:23:37', '$2y$10$92IXUNpkjO0rOQ5byMi.Ye4oKoEa3Ro9llC/.og/at2.uheWG/igi', NULL, NULL, 'd21EiflkPh', NULL, NULL, '2023-03-21 19:23:37', '2023-03-21 19:23:37'),
(26, 'Kennedi Jerde', 'bette68@example.org', '2023-03-21 19:23:37', '$2y$10$92IXUNpkjO0rOQ5byMi.Ye4oKoEa3Ro9llC/.og/at2.uheWG/igi', NULL, NULL, 'w0D0eEf07J', NULL, NULL, '2023-03-21 19:23:37', '2023-03-21 19:23:37'),
(27, 'Keeley West DDS', 'treva.feeney@example.com', '2023-03-21 19:23:37', '$2y$10$92IXUNpkjO0rOQ5byMi.Ye4oKoEa3Ro9llC/.og/at2.uheWG/igi', NULL, NULL, 'nvkCQ6019y', NULL, NULL, '2023-03-21 19:23:37', '2023-03-21 19:23:37'),
(28, 'Jay Gorczany IV', 'harry.mcclure@example.com', '2023-03-21 19:23:37', '$2y$10$92IXUNpkjO0rOQ5byMi.Ye4oKoEa3Ro9llC/.og/at2.uheWG/igi', NULL, NULL, 'KwKC0bDWUw', NULL, NULL, '2023-03-21 19:23:37', '2023-03-21 19:23:37'),
(29, 'Ms. Lera Upton III', 'wlang@example.net', '2023-03-21 19:23:37', '$2y$10$92IXUNpkjO0rOQ5byMi.Ye4oKoEa3Ro9llC/.og/at2.uheWG/igi', NULL, NULL, 'LIOlui48HE', NULL, NULL, '2023-03-21 19:23:37', '2023-03-21 19:23:37'),
(30, 'Brielle Flatley', 'kbode@example.org', '2023-03-21 19:23:37', '$2y$10$92IXUNpkjO0rOQ5byMi.Ye4oKoEa3Ro9llC/.og/at2.uheWG/igi', NULL, NULL, '4Fa2qvq4DT', NULL, NULL, '2023-03-21 19:23:37', '2023-03-21 19:23:37'),
(31, 'Gertrude Romaguera', 'harber.dewayne@example.com', '2023-03-21 19:23:37', '$2y$10$92IXUNpkjO0rOQ5byMi.Ye4oKoEa3Ro9llC/.og/at2.uheWG/igi', NULL, NULL, 'ZlGZL0SnBe', NULL, NULL, '2023-03-21 19:23:37', '2023-03-21 19:23:37'),
(32, 'Mr. Bill Deckow MD', 'kstark@example.org', '2023-03-21 19:23:37', '$2y$10$92IXUNpkjO0rOQ5byMi.Ye4oKoEa3Ro9llC/.og/at2.uheWG/igi', NULL, NULL, 'G6PQn14uzr', NULL, NULL, '2023-03-21 19:23:37', '2023-03-21 19:23:37'),
(33, 'Sophia Gislason MD', 'lon69@example.org', '2023-03-21 19:23:37', '$2y$10$92IXUNpkjO0rOQ5byMi.Ye4oKoEa3Ro9llC/.og/at2.uheWG/igi', NULL, NULL, 'CyzWxkvznT', NULL, NULL, '2023-03-21 19:23:37', '2023-03-21 19:23:37'),
(34, 'Tyshawn Gutmann', 'manuel26@example.com', '2023-03-21 19:23:37', '$2y$10$92IXUNpkjO0rOQ5byMi.Ye4oKoEa3Ro9llC/.og/at2.uheWG/igi', NULL, NULL, 'EcrHTYjeNq', NULL, NULL, '2023-03-21 19:23:37', '2023-03-21 19:23:37'),
(35, 'Amina Huel', 'frieda74@example.org', '2023-03-21 19:23:37', '$2y$10$92IXUNpkjO0rOQ5byMi.Ye4oKoEa3Ro9llC/.og/at2.uheWG/igi', NULL, NULL, 'Fd7pqOGOtW', NULL, NULL, '2023-03-21 19:23:37', '2023-03-21 19:23:37'),
(36, 'Edwin Baumbach', 'demetris.kreiger@example.org', '2023-03-21 19:23:37', '$2y$10$92IXUNpkjO0rOQ5byMi.Ye4oKoEa3Ro9llC/.og/at2.uheWG/igi', NULL, NULL, 'AkLJM9bdAt', NULL, NULL, '2023-03-21 19:23:37', '2023-03-21 19:23:37'),
(37, 'Jorge Smith', 'pdoyle@example.net', '2023-03-21 19:23:37', '$2y$10$92IXUNpkjO0rOQ5byMi.Ye4oKoEa3Ro9llC/.og/at2.uheWG/igi', NULL, NULL, 't8L3Z3nwOQ', NULL, NULL, '2023-03-21 19:23:37', '2023-03-21 19:23:37'),
(38, 'Daisha Fadel', 'bernadette68@example.net', '2023-03-21 19:23:37', '$2y$10$92IXUNpkjO0rOQ5byMi.Ye4oKoEa3Ro9llC/.og/at2.uheWG/igi', NULL, NULL, '20cAU6MZoV', NULL, NULL, '2023-03-21 19:23:37', '2023-03-21 19:23:37'),
(39, 'Vito Ullrich', 'dagmar.stroman@example.org', '2023-03-21 19:23:37', '$2y$10$92IXUNpkjO0rOQ5byMi.Ye4oKoEa3Ro9llC/.og/at2.uheWG/igi', NULL, NULL, '15G48FU3cV', NULL, NULL, '2023-03-21 19:23:37', '2023-03-21 19:23:37'),
(40, 'Kristin Breitenberg', 'eroob@example.net', '2023-03-21 19:23:37', '$2y$10$92IXUNpkjO0rOQ5byMi.Ye4oKoEa3Ro9llC/.og/at2.uheWG/igi', NULL, NULL, 'aWYynk4zN6', NULL, NULL, '2023-03-21 19:23:37', '2023-03-21 19:23:37'),
(41, 'Melody Grady', 'rice.deborah@example.net', '2023-03-21 19:23:37', '$2y$10$92IXUNpkjO0rOQ5byMi.Ye4oKoEa3Ro9llC/.og/at2.uheWG/igi', NULL, NULL, 'nhLK2QCfSi', NULL, NULL, '2023-03-21 19:23:37', '2023-03-21 19:23:37'),
(42, 'Vern Wiegand', 'jadon68@example.org', '2023-03-21 19:23:37', '$2y$10$92IXUNpkjO0rOQ5byMi.Ye4oKoEa3Ro9llC/.og/at2.uheWG/igi', NULL, NULL, 'kR0wvMdsnK', NULL, NULL, '2023-03-21 19:23:37', '2023-03-21 19:23:37'),
(43, 'Valentin Abbott', 'watsica.trever@example.org', '2023-03-21 19:23:37', '$2y$10$92IXUNpkjO0rOQ5byMi.Ye4oKoEa3Ro9llC/.og/at2.uheWG/igi', NULL, NULL, 'iiynLXQj9v', NULL, NULL, '2023-03-21 19:23:37', '2023-03-21 19:23:37'),
(44, 'Miss Jessika Sanford', 'tdooley@example.org', '2023-03-21 19:23:37', '$2y$10$92IXUNpkjO0rOQ5byMi.Ye4oKoEa3Ro9llC/.og/at2.uheWG/igi', NULL, NULL, '4v5VSSYFGw', NULL, NULL, '2023-03-21 19:23:37', '2023-03-21 19:23:37'),
(45, 'Xzavier Barrows Jr.', 'oran.murphy@example.com', '2023-03-21 19:23:37', '$2y$10$92IXUNpkjO0rOQ5byMi.Ye4oKoEa3Ro9llC/.og/at2.uheWG/igi', NULL, NULL, 'SS9xT5qIno', NULL, NULL, '2023-03-21 19:23:37', '2023-03-21 19:23:37'),
(46, 'Edgardo Aufderhar', 'cary25@example.org', '2023-03-21 19:23:37', '$2y$10$92IXUNpkjO0rOQ5byMi.Ye4oKoEa3Ro9llC/.og/at2.uheWG/igi', NULL, NULL, 'UkMi8LSbhT', NULL, NULL, '2023-03-21 19:23:37', '2023-03-21 19:23:37'),
(47, 'Ora Durgan', 'gabrielle65@example.org', '2023-03-21 19:23:37', '$2y$10$92IXUNpkjO0rOQ5byMi.Ye4oKoEa3Ro9llC/.og/at2.uheWG/igi', NULL, NULL, 'cehuBZIz2a', NULL, NULL, '2023-03-21 19:23:37', '2023-03-21 19:23:37'),
(48, 'Ramona Swaniawski', 'nathaniel76@example.org', '2023-03-21 19:23:37', '$2y$10$92IXUNpkjO0rOQ5byMi.Ye4oKoEa3Ro9llC/.og/at2.uheWG/igi', NULL, NULL, '7slaAonOQe', NULL, NULL, '2023-03-21 19:23:37', '2023-03-21 19:23:37'),
(49, 'Dr. Aileen Torphy I', 'esther.zemlak@example.org', '2023-03-21 19:23:37', '$2y$10$92IXUNpkjO0rOQ5byMi.Ye4oKoEa3Ro9llC/.og/at2.uheWG/igi', NULL, NULL, 'mwGbhT6sVz', NULL, NULL, '2023-03-21 19:23:37', '2023-03-21 19:23:37'),
(50, 'Edna Lakin', 'fheidenreich@example.org', '2023-03-21 19:23:37', '$2y$10$92IXUNpkjO0rOQ5byMi.Ye4oKoEa3Ro9llC/.og/at2.uheWG/igi', NULL, NULL, 'P6kSF6W4Ln', NULL, NULL, '2023-03-21 19:23:37', '2023-03-21 19:23:37'),
(51, 'Rickey Kiehn', 'aortiz@example.com', '2023-03-21 19:23:37', '$2y$10$92IXUNpkjO0rOQ5byMi.Ye4oKoEa3Ro9llC/.og/at2.uheWG/igi', NULL, NULL, 'WMDeCDggtJ', NULL, NULL, '2023-03-21 19:23:37', '2023-03-21 19:23:37'),
(52, 'Garret Walter', 'tianna25@example.net', '2023-03-21 19:23:37', '$2y$10$92IXUNpkjO0rOQ5byMi.Ye4oKoEa3Ro9llC/.og/at2.uheWG/igi', NULL, NULL, 'Hy7RMiNAqo', NULL, NULL, '2023-03-21 19:23:37', '2023-03-21 19:23:37'),
(53, 'Margaret Klocko', 'cooper.bergstrom@example.org', '2023-03-21 19:23:37', '$2y$10$92IXUNpkjO0rOQ5byMi.Ye4oKoEa3Ro9llC/.og/at2.uheWG/igi', NULL, NULL, 'n5uziETDZm', NULL, NULL, '2023-03-21 19:23:37', '2023-03-21 19:23:37'),
(54, 'Dr. Johathan Flatley', 'qhill@example.com', '2023-03-21 19:23:37', '$2y$10$92IXUNpkjO0rOQ5byMi.Ye4oKoEa3Ro9llC/.og/at2.uheWG/igi', NULL, NULL, 'r3hR0NoVjx', NULL, NULL, '2023-03-21 19:23:37', '2023-03-21 19:23:37'),
(55, 'Roy Collier', 'amertz@example.org', '2023-03-21 19:23:37', '$2y$10$92IXUNpkjO0rOQ5byMi.Ye4oKoEa3Ro9llC/.og/at2.uheWG/igi', NULL, NULL, 'X0jNVHqeTs', NULL, NULL, '2023-03-21 19:23:37', '2023-03-21 19:23:37'),
(56, 'Ashlynn King', 'tamia44@example.org', '2023-03-21 19:23:37', '$2y$10$92IXUNpkjO0rOQ5byMi.Ye4oKoEa3Ro9llC/.og/at2.uheWG/igi', NULL, NULL, 'niu3UzwcyD', NULL, NULL, '2023-03-21 19:23:37', '2023-03-21 19:23:37'),
(57, 'Romaine Sanford', 'roman86@example.com', '2023-03-21 19:23:37', '$2y$10$92IXUNpkjO0rOQ5byMi.Ye4oKoEa3Ro9llC/.og/at2.uheWG/igi', NULL, NULL, 'ojWDQ4Bh9n', NULL, NULL, '2023-03-21 19:23:37', '2023-03-21 19:23:37'),
(58, 'Mallory Stokes', 'jreynolds@example.net', '2023-03-21 19:23:37', '$2y$10$92IXUNpkjO0rOQ5byMi.Ye4oKoEa3Ro9llC/.og/at2.uheWG/igi', NULL, NULL, 'iOXeT0BVpv', NULL, NULL, '2023-03-21 19:23:37', '2023-03-21 19:23:37'),
(59, 'Geo Stehr DVM', 'roxane.moore@example.com', '2023-03-21 19:23:37', '$2y$10$92IXUNpkjO0rOQ5byMi.Ye4oKoEa3Ro9llC/.og/at2.uheWG/igi', NULL, NULL, 'JhenHgVAP4', NULL, NULL, '2023-03-21 19:23:37', '2023-03-21 19:23:37'),
(60, 'Kenton Ernser', 'vbins@example.org', '2023-03-21 19:23:37', '$2y$10$92IXUNpkjO0rOQ5byMi.Ye4oKoEa3Ro9llC/.og/at2.uheWG/igi', NULL, NULL, 'JLIzc49h7u', NULL, NULL, '2023-03-21 19:23:37', '2023-03-21 19:23:37'),
(61, 'Myrtie Daniel', 'hammes.kelsie@example.org', '2023-03-21 19:23:37', '$2y$10$92IXUNpkjO0rOQ5byMi.Ye4oKoEa3Ro9llC/.og/at2.uheWG/igi', NULL, NULL, 'l4fs6y3TiG', NULL, NULL, '2023-03-21 19:23:37', '2023-03-21 19:23:37'),
(62, 'Ms. Destiny Kovacek II', 'treutel.lia@example.org', '2023-03-21 19:23:37', '$2y$10$92IXUNpkjO0rOQ5byMi.Ye4oKoEa3Ro9llC/.og/at2.uheWG/igi', NULL, NULL, 'O9brHzB3zF', NULL, NULL, '2023-03-21 19:23:37', '2023-03-21 19:23:37'),
(63, 'Zane Effertz', 'hammes.katheryn@example.org', '2023-03-21 19:23:37', '$2y$10$92IXUNpkjO0rOQ5byMi.Ye4oKoEa3Ro9llC/.og/at2.uheWG/igi', NULL, NULL, 'sBIyxoTdr5', NULL, NULL, '2023-03-21 19:23:37', '2023-03-21 19:23:37'),
(64, 'Miss Alvena Blick Sr.', 'modesta.witting@example.com', '2023-03-21 19:23:37', '$2y$10$92IXUNpkjO0rOQ5byMi.Ye4oKoEa3Ro9llC/.og/at2.uheWG/igi', NULL, NULL, 'V5COZ6HUxT', NULL, NULL, '2023-03-21 19:23:37', '2023-03-21 19:23:37'),
(65, 'Mauricio Lebsack', 'art47@example.com', '2023-03-21 19:23:37', '$2y$10$92IXUNpkjO0rOQ5byMi.Ye4oKoEa3Ro9llC/.og/at2.uheWG/igi', NULL, NULL, 'JiOiFH46QR', NULL, NULL, '2023-03-21 19:23:37', '2023-03-21 19:23:37'),
(66, 'Levi Greenholt', 'mavis53@example.net', '2023-03-21 19:23:37', '$2y$10$92IXUNpkjO0rOQ5byMi.Ye4oKoEa3Ro9llC/.og/at2.uheWG/igi', NULL, NULL, 'Tct8XErfXL', NULL, NULL, '2023-03-21 19:23:37', '2023-03-21 19:23:37'),
(67, 'Enrico Fritsch', 'quitzon.lea@example.com', '2023-03-21 19:23:37', '$2y$10$92IXUNpkjO0rOQ5byMi.Ye4oKoEa3Ro9llC/.og/at2.uheWG/igi', NULL, NULL, 'Xj2DDO3eJa', NULL, NULL, '2023-03-21 19:23:37', '2023-03-21 19:23:37'),
(68, 'Julio Bartoletti IV', 'sabrina71@example.org', '2023-03-21 19:23:37', '$2y$10$92IXUNpkjO0rOQ5byMi.Ye4oKoEa3Ro9llC/.og/at2.uheWG/igi', NULL, NULL, 'NBsoQWY0pY', NULL, NULL, '2023-03-21 19:23:37', '2023-03-21 19:23:37'),
(69, 'Keenan Heller', 'keshawn.stroman@example.com', '2023-03-21 19:23:37', '$2y$10$92IXUNpkjO0rOQ5byMi.Ye4oKoEa3Ro9llC/.og/at2.uheWG/igi', NULL, NULL, '8rOz05vMRr', NULL, NULL, '2023-03-21 19:23:37', '2023-03-21 19:23:37'),
(70, 'Dr. Maia Dach II', 'adietrich@example.com', '2023-03-21 19:23:37', '$2y$10$92IXUNpkjO0rOQ5byMi.Ye4oKoEa3Ro9llC/.og/at2.uheWG/igi', NULL, NULL, 'Zbc0TdxLzK', NULL, NULL, '2023-03-21 19:23:37', '2023-03-21 19:23:37'),
(71, 'Hardy Greenholt', 'cummerata.julius@example.com', '2023-03-21 19:23:37', '$2y$10$92IXUNpkjO0rOQ5byMi.Ye4oKoEa3Ro9llC/.og/at2.uheWG/igi', NULL, NULL, '23icuqaxh5', NULL, NULL, '2023-03-21 19:23:37', '2023-03-21 19:23:37'),
(72, 'Ms. Hallie Bosco MD', 'brau@example.org', '2023-03-21 19:23:37', '$2y$10$92IXUNpkjO0rOQ5byMi.Ye4oKoEa3Ro9llC/.og/at2.uheWG/igi', NULL, NULL, 'LzlvFvV7f5', NULL, NULL, '2023-03-21 19:23:37', '2023-03-21 19:23:37'),
(73, 'Ethelyn Schumm', 'aurelia36@example.net', '2023-03-21 19:23:37', '$2y$10$92IXUNpkjO0rOQ5byMi.Ye4oKoEa3Ro9llC/.og/at2.uheWG/igi', NULL, NULL, 'n55NdX3MMW', NULL, NULL, '2023-03-21 19:23:37', '2023-03-21 19:23:37'),
(74, 'Dr. Freddy Gutkowski', 'rau.amaya@example.com', '2023-03-21 19:23:37', '$2y$10$92IXUNpkjO0rOQ5byMi.Ye4oKoEa3Ro9llC/.og/at2.uheWG/igi', NULL, NULL, 'nI4TjHDNjx', NULL, NULL, '2023-03-21 19:23:37', '2023-03-21 19:23:37'),
(75, 'Alvah Waelchi', 'lesch.brice@example.com', '2023-03-21 19:23:37', '$2y$10$92IXUNpkjO0rOQ5byMi.Ye4oKoEa3Ro9llC/.og/at2.uheWG/igi', NULL, NULL, '9RIIlsMigQ', NULL, NULL, '2023-03-21 19:23:37', '2023-03-21 19:23:37'),
(76, 'Elliot Wunsch', 'jaunita95@example.com', '2023-03-21 19:23:37', '$2y$10$92IXUNpkjO0rOQ5byMi.Ye4oKoEa3Ro9llC/.og/at2.uheWG/igi', NULL, NULL, 'gVnM247drT', NULL, NULL, '2023-03-21 19:23:37', '2023-03-21 19:23:37'),
(77, 'Lizzie Runolfsdottir I', 'green.romaine@example.com', '2023-03-21 19:23:37', '$2y$10$92IXUNpkjO0rOQ5byMi.Ye4oKoEa3Ro9llC/.og/at2.uheWG/igi', NULL, NULL, 'LAV9I7t1o9', NULL, NULL, '2023-03-21 19:23:37', '2023-03-21 19:23:37'),
(78, 'Prof. Maximilian Cartwright III', 'kyler.mraz@example.org', '2023-03-21 19:23:37', '$2y$10$92IXUNpkjO0rOQ5byMi.Ye4oKoEa3Ro9llC/.og/at2.uheWG/igi', NULL, NULL, '25v6n0tuUg', NULL, NULL, '2023-03-21 19:23:37', '2023-03-21 19:23:37'),
(79, 'Ophelia Kemmer', 'leon.goodwin@example.org', '2023-03-21 19:23:37', '$2y$10$92IXUNpkjO0rOQ5byMi.Ye4oKoEa3Ro9llC/.og/at2.uheWG/igi', NULL, NULL, 'vdBcQ6a4rz', NULL, NULL, '2023-03-21 19:23:37', '2023-03-21 19:23:37'),
(80, 'Wanda O\'Connell IV', 'dusty.crooks@example.com', '2023-03-21 19:23:37', '$2y$10$92IXUNpkjO0rOQ5byMi.Ye4oKoEa3Ro9llC/.og/at2.uheWG/igi', NULL, NULL, 'F8WchPMCFj', NULL, NULL, '2023-03-21 19:23:37', '2023-03-21 19:23:37'),
(81, 'Lola Grimes', 'cbayer@example.org', '2023-03-21 19:23:37', '$2y$10$92IXUNpkjO0rOQ5byMi.Ye4oKoEa3Ro9llC/.og/at2.uheWG/igi', NULL, NULL, '4l3pRPw2oo', NULL, NULL, '2023-03-21 19:23:37', '2023-03-21 19:23:37'),
(82, 'Tyrel Skiles', 'mae.huels@example.org', '2023-03-21 19:23:37', '$2y$10$92IXUNpkjO0rOQ5byMi.Ye4oKoEa3Ro9llC/.og/at2.uheWG/igi', NULL, NULL, 'BxJ3IsmVyq', NULL, NULL, '2023-03-21 19:23:37', '2023-03-21 19:23:37'),
(83, 'Dr. Chris Glover Jr.', 'marie77@example.org', '2023-03-21 19:23:37', '$2y$10$92IXUNpkjO0rOQ5byMi.Ye4oKoEa3Ro9llC/.og/at2.uheWG/igi', NULL, NULL, 'pLd4ovwZbk', NULL, NULL, '2023-03-21 19:23:37', '2023-03-21 19:23:37'),
(84, 'Prof. Eleonore Kutch Jr.', 'jalon97@example.net', '2023-03-21 19:23:37', '$2y$10$92IXUNpkjO0rOQ5byMi.Ye4oKoEa3Ro9llC/.og/at2.uheWG/igi', NULL, NULL, 'GzCLJzBleS', NULL, NULL, '2023-03-21 19:23:37', '2023-03-21 19:23:37'),
(85, 'Dr. Barbara Abshire DDS', 'gilbert15@example.org', '2023-03-21 19:23:37', '$2y$10$92IXUNpkjO0rOQ5byMi.Ye4oKoEa3Ro9llC/.og/at2.uheWG/igi', NULL, NULL, 'jJL7W2kN8U', NULL, NULL, '2023-03-21 19:23:37', '2023-03-21 19:23:37'),
(86, 'Sheridan Runte II', 'bhyatt@example.com', '2023-03-21 19:23:37', '$2y$10$92IXUNpkjO0rOQ5byMi.Ye4oKoEa3Ro9llC/.og/at2.uheWG/igi', NULL, NULL, '5naVOU8Lww', NULL, NULL, '2023-03-21 19:23:37', '2023-03-21 19:23:37'),
(87, 'Casandra Hackett', 'cummings.vernie@example.net', '2023-03-21 19:23:37', '$2y$10$92IXUNpkjO0rOQ5byMi.Ye4oKoEa3Ro9llC/.og/at2.uheWG/igi', NULL, NULL, 'iOcFFoDsj4', NULL, NULL, '2023-03-21 19:23:37', '2023-03-21 19:23:37'),
(88, 'Dr. Kassandra O\'Keefe DDS', 'rosenbaum.eldred@example.com', '2023-03-21 19:23:37', '$2y$10$92IXUNpkjO0rOQ5byMi.Ye4oKoEa3Ro9llC/.og/at2.uheWG/igi', NULL, NULL, 'DTcletCHWZ', NULL, NULL, '2023-03-21 19:23:37', '2023-03-21 19:23:37'),
(89, 'Melody Terry', 'hillary46@example.com', '2023-03-21 19:23:37', '$2y$10$92IXUNpkjO0rOQ5byMi.Ye4oKoEa3Ro9llC/.og/at2.uheWG/igi', NULL, NULL, 'JvIW06R890', NULL, NULL, '2023-03-21 19:23:37', '2023-03-21 19:23:37'),
(90, 'Mr. Adrain West V', 'mandy.konopelski@example.net', '2023-03-21 19:23:37', '$2y$10$92IXUNpkjO0rOQ5byMi.Ye4oKoEa3Ro9llC/.og/at2.uheWG/igi', NULL, NULL, 'B8WxVpe1ch', NULL, NULL, '2023-03-21 19:23:37', '2023-03-21 19:23:37'),
(91, 'Kattie Marquardt', 'kuphal.hope@example.org', '2023-03-21 19:23:37', '$2y$10$92IXUNpkjO0rOQ5byMi.Ye4oKoEa3Ro9llC/.og/at2.uheWG/igi', NULL, NULL, 'dJDjv5Im7o', NULL, NULL, '2023-03-21 19:23:37', '2023-03-21 19:23:37'),
(92, 'Dayton Denesik II', 'nat87@example.org', '2023-03-21 19:23:37', '$2y$10$92IXUNpkjO0rOQ5byMi.Ye4oKoEa3Ro9llC/.og/at2.uheWG/igi', NULL, NULL, 'rqbvPg0CU6', NULL, NULL, '2023-03-21 19:23:37', '2023-03-21 19:23:37'),
(93, 'Gregoria Weber', 'rjohnson@example.org', '2023-03-21 19:23:37', '$2y$10$92IXUNpkjO0rOQ5byMi.Ye4oKoEa3Ro9llC/.og/at2.uheWG/igi', NULL, NULL, 'Kr0hLNbYj1', NULL, NULL, '2023-03-21 19:23:37', '2023-03-21 19:23:37'),
(94, 'Candice Wunsch', 'mante.evangeline@example.com', '2023-03-21 19:23:37', '$2y$10$92IXUNpkjO0rOQ5byMi.Ye4oKoEa3Ro9llC/.og/at2.uheWG/igi', NULL, NULL, 'waHoFa0yMq', NULL, NULL, '2023-03-21 19:23:37', '2023-03-21 19:23:37'),
(95, 'Clint Smith', 'marcelino10@example.net', '2023-03-21 19:23:37', '$2y$10$92IXUNpkjO0rOQ5byMi.Ye4oKoEa3Ro9llC/.og/at2.uheWG/igi', NULL, NULL, 'Tyb98zZv9n', NULL, NULL, '2023-03-21 19:23:37', '2023-03-21 19:23:37'),
(96, 'Misty Effertz', 'huels.madilyn@example.net', '2023-03-21 19:23:37', '$2y$10$92IXUNpkjO0rOQ5byMi.Ye4oKoEa3Ro9llC/.og/at2.uheWG/igi', NULL, NULL, '2fFMiTYJND', NULL, NULL, '2023-03-21 19:23:37', '2023-03-21 19:23:37'),
(97, 'Jaclyn Gibson', 'turner.padberg@example.com', '2023-03-21 19:23:37', '$2y$10$92IXUNpkjO0rOQ5byMi.Ye4oKoEa3Ro9llC/.og/at2.uheWG/igi', NULL, NULL, 'u9do7DiYLg', NULL, NULL, '2023-03-21 19:23:37', '2023-03-21 19:23:37'),
(98, 'Jorge Kutch DDS', 'wiegand.darren@example.net', '2023-03-21 19:23:37', '$2y$10$92IXUNpkjO0rOQ5byMi.Ye4oKoEa3Ro9llC/.og/at2.uheWG/igi', NULL, NULL, 'pB5mJZ9bdX', NULL, NULL, '2023-03-21 19:23:37', '2023-03-21 19:23:37'),
(99, 'Ms. Otha Auer MD', 'odoyle@example.net', '2023-03-21 19:23:37', '$2y$10$92IXUNpkjO0rOQ5byMi.Ye4oKoEa3Ro9llC/.og/at2.uheWG/igi', NULL, NULL, 'aTqIZXKmKf', NULL, NULL, '2023-03-21 19:23:37', '2023-03-21 19:23:37'),
(100, 'Rocio Ratke', 'milan.kilback@example.org', '2023-03-21 19:23:37', '$2y$10$92IXUNpkjO0rOQ5byMi.Ye4oKoEa3Ro9llC/.og/at2.uheWG/igi', NULL, NULL, 'DLOmawMPbF', NULL, NULL, '2023-03-21 19:23:37', '2023-03-21 19:23:37'),
(101, 'Miss Chanelle Gerhold', 'rgorczany@example.net', '2023-03-21 19:23:37', '$2y$10$92IXUNpkjO0rOQ5byMi.Ye4oKoEa3Ro9llC/.og/at2.uheWG/igi', NULL, NULL, 'qfndfNJAvU', NULL, NULL, '2023-03-21 19:23:37', '2023-03-21 19:23:37'),
(102, 'Prueba', 'prueba@gmail.es', '2023-03-21 19:23:37', '$2y$10$XFwF/bHbAHztIB2ACOsbZ.8weDv17tjok2QZiSJIabvztX/WGm.ua', NULL, NULL, '16Rirnqamk', NULL, NULL, '2023-03-21 19:23:37', '2023-03-21 19:23:37');

--
-- ndices para tablas volcadas
--

--
-- Indices de la tabla `brands`
--
ALTER TABLE `brands`
  ADD PRIMARY KEY (`id`);

--
-- Indices de la tabla `brand_category`
--
ALTER TABLE `brand_category`
  ADD PRIMARY KEY (`id`),
  ADD KEY `brand_category_brand_id_foreign` (`brand_id`),
  ADD KEY `brand_category_category_id_foreign` (`category_id`);

--
-- Indices de la tabla `categories`
--
ALTER TABLE `categories`
  ADD PRIMARY KEY (`id`);

--
-- Indices de la tabla `cities`
--
ALTER TABLE `cities`
  ADD PRIMARY KEY (`id`),
  ADD KEY `cities_department_id_foreign` (`department_id`);

--
-- Indices de la tabla `colors`
--
ALTER TABLE `colors`
  ADD PRIMARY KEY (`id`);

--
-- Indices de la tabla `color_product`
--
ALTER TABLE `color_product`
  ADD PRIMARY KEY (`id`),
  ADD KEY `color_product_color_id_foreign` (`color_id`),
  ADD KEY `color_product_product_id_foreign` (`product_id`);

--
-- Indices de la tabla `color_size`
--
ALTER TABLE `color_size`
  ADD PRIMARY KEY (`id`),
  ADD KEY `color_size_color_id_foreign` (`color_id`),
  ADD KEY `color_size_size_id_foreign` (`size_id`);

--
-- Indices de la tabla `departments`
--
ALTER TABLE `departments`
  ADD PRIMARY KEY (`id`);

--
-- Indices de la tabla `districts`
--
ALTER TABLE `districts`
  ADD PRIMARY KEY (`id`),
  ADD KEY `districts_city_id_foreign` (`city_id`);

--
-- Indices de la tabla `failed_jobs`
--
ALTER TABLE `failed_jobs`
  ADD PRIMARY KEY (`id`),
  ADD UNIQUE KEY `failed_jobs_uuid_unique` (`uuid`);

--
-- Indices de la tabla `images`
--
ALTER TABLE `images`
  ADD PRIMARY KEY (`id`);

--
-- Indices de la tabla `migrations`
--
ALTER TABLE `migrations`
  ADD PRIMARY KEY (`id`);

--
-- Indices de la tabla `model_has_permissions`
--
ALTER TABLE `model_has_permissions`
  ADD PRIMARY KEY (`permission_id`,`model_id`,`model_type`),
  ADD KEY `model_has_permissions_model_id_model_type_index` (`model_id`,`model_type`);

--
-- Indices de la tabla `model_has_roles`
--
ALTER TABLE `model_has_roles`
  ADD PRIMARY KEY (`role_id`,`model_id`,`model_type`),
  ADD KEY `model_has_roles_model_id_model_type_index` (`model_id`,`model_type`);

--
-- Indices de la tabla `orders`
--
ALTER TABLE `orders`
  ADD PRIMARY KEY (`id`),
  ADD KEY `orders_user_id_foreign` (`user_id`);

--
-- Indices de la tabla `password_resets`
--
ALTER TABLE `password_resets`
  ADD KEY `password_resets_email_index` (`email`);

--
-- Indices de la tabla `permissions`
--
ALTER TABLE `permissions`
  ADD PRIMARY KEY (`id`),
  ADD UNIQUE KEY `permissions_name_guard_name_unique` (`name`,`guard_name`);

--
-- Indices de la tabla `personal_access_tokens`
--
ALTER TABLE `personal_access_tokens`
  ADD PRIMARY KEY (`id`),
  ADD UNIQUE KEY `personal_access_tokens_token_unique` (`token`),
  ADD KEY `personal_access_tokens_tokenable_type_tokenable_id_index` (`tokenable_type`,`tokenable_id`);

--
-- Indices de la tabla `products`
--
ALTER TABLE `products`
  ADD PRIMARY KEY (`id`),
  ADD KEY `products_subcategory_id_foreign` (`subcategory_id`),
  ADD KEY `products_brand_id_foreign` (`brand_id`);

--
-- Indices de la tabla `roles`
--
ALTER TABLE `roles`
  ADD PRIMARY KEY (`id`),
  ADD UNIQUE KEY `roles_name_guard_name_unique` (`name`,`guard_name`);

--
-- Indices de la tabla `role_has_permissions`
--
ALTER TABLE `role_has_permissions`
  ADD PRIMARY KEY (`permission_id`,`role_id`),
  ADD KEY `role_has_permissions_role_id_foreign` (`role_id`);

--
-- Indices de la tabla `sessions`
--
ALTER TABLE `sessions`
  ADD PRIMARY KEY (`id`),
  ADD KEY `sessions_user_id_index` (`user_id`),
  ADD KEY `sessions_last_activity_index` (`last_activity`);

--
-- Indices de la tabla `shoppingcart`
--
ALTER TABLE `shoppingcart`
  ADD PRIMARY KEY (`identifier`,`instance`);

--
-- Indices de la tabla `sizes`
--
ALTER TABLE `sizes`
  ADD PRIMARY KEY (`id`),
  ADD KEY `sizes_product_id_foreign` (`product_id`);

--
-- Indices de la tabla `subcategories`
--
ALTER TABLE `subcategories`
  ADD PRIMARY KEY (`id`),
  ADD KEY `subcategories_category_id_foreign` (`category_id`);

--
-- Indices de la tabla `users`
--
ALTER TABLE `users`
  ADD PRIMARY KEY (`id`),
  ADD UNIQUE KEY `users_email_unique` (`email`);

--
-- AUTO_INCREMENT de las tablas volcadas
--

--
-- AUTO_INCREMENT de la tabla `brands`
--
ALTER TABLE `brands`
  MODIFY `id` bigint UNSIGNED NOT NULL AUTO_INCREMENT, AUTO_INCREMENT=21;

--
-- AUTO_INCREMENT de la tabla `brand_category`
--
ALTER TABLE `brand_category`
  MODIFY `id` bigint UNSIGNED NOT NULL AUTO_INCREMENT, AUTO_INCREMENT=21;

--
-- AUTO_INCREMENT de la tabla `categories`
--
ALTER TABLE `categories`
  MODIFY `id` bigint UNSIGNED NOT NULL AUTO_INCREMENT, AUTO_INCREMENT=6;

--
-- AUTO_INCREMENT de la tabla `cities`
--
ALTER TABLE `cities`
  MODIFY `id` bigint UNSIGNED NOT NULL AUTO_INCREMENT, AUTO_INCREMENT=65;

--
-- AUTO_INCREMENT de la tabla `colors`
--
ALTER TABLE `colors`
  MODIFY `id` bigint UNSIGNED NOT NULL AUTO_INCREMENT, AUTO_INCREMENT=5;

--
-- AUTO_INCREMENT de la tabla `color_product`
--
ALTER TABLE `color_product`
  MODIFY `id` bigint UNSIGNED NOT NULL AUTO_INCREMENT, AUTO_INCREMENT=57;

--
-- AUTO_INCREMENT de la tabla `color_size`
--
ALTER TABLE `color_size`
  MODIFY `id` bigint UNSIGNED NOT NULL AUTO_INCREMENT, AUTO_INCREMENT=289;

--
-- AUTO_INCREMENT de la tabla `departments`
--
ALTER TABLE `departments`
  MODIFY `id` bigint UNSIGNED NOT NULL AUTO_INCREMENT, AUTO_INCREMENT=9;

--
-- AUTO_INCREMENT de la tabla `districts`
--
ALTER TABLE `districts`
  MODIFY `id` bigint UNSIGNED NOT NULL AUTO_INCREMENT, AUTO_INCREMENT=513;

--
-- AUTO_INCREMENT de la tabla `failed_jobs`
--
ALTER TABLE `failed_jobs`
  MODIFY `id` bigint UNSIGNED NOT NULL AUTO_INCREMENT;

--
-- AUTO_INCREMENT de la tabla `images`
--
ALTER TABLE `images`
  MODIFY `id` bigint UNSIGNED NOT NULL AUTO_INCREMENT, AUTO_INCREMENT=1001;

--
-- AUTO_INCREMENT de la tabla `migrations`
--
ALTER TABLE `migrations`
  MODIFY `id` int UNSIGNED NOT NULL AUTO_INCREMENT, AUTO_INCREMENT=23;

--
-- AUTO_INCREMENT de la tabla `orders`
--
ALTER TABLE `orders`
  MODIFY `id` bigint UNSIGNED NOT NULL AUTO_INCREMENT;

--
-- AUTO_INCREMENT de la tabla `permissions`
--
ALTER TABLE `permissions`
  MODIFY `id` bigint UNSIGNED NOT NULL AUTO_INCREMENT;

--
-- AUTO_INCREMENT de la tabla `personal_access_tokens`
--
ALTER TABLE `personal_access_tokens`
  MODIFY `id` bigint UNSIGNED NOT NULL AUTO_INCREMENT;

--
-- AUTO_INCREMENT de la tabla `products`
--
ALTER TABLE `products`
  MODIFY `id` bigint UNSIGNED NOT NULL AUTO_INCREMENT, AUTO_INCREMENT=251;

--
-- AUTO_INCREMENT de la tabla `roles`
--
ALTER TABLE `roles`
  MODIFY `id` bigint UNSIGNED NOT NULL AUTO_INCREMENT, AUTO_INCREMENT=2;

--
-- AUTO_INCREMENT de la tabla `sizes`
--
ALTER TABLE `sizes`
  MODIFY `id` bigint UNSIGNED NOT NULL AUTO_INCREMENT, AUTO_INCREMENT=73;

--
-- AUTO_INCREMENT de la tabla `subcategories`
--
ALTER TABLE `subcategories`
  MODIFY `id` bigint UNSIGNED NOT NULL AUTO_INCREMENT, AUTO_INCREMENT=19;

--
-- AUTO_INCREMENT de la tabla `users`
--
ALTER TABLE `users`
  MODIFY `id` bigint UNSIGNED NOT NULL AUTO_INCREMENT, AUTO_INCREMENT=103;

--
-- Restricciones para tablas volcadas
--

--
-- Filtros para la tabla `brand_category`
--
ALTER TABLE `brand_category`
  ADD CONSTRAINT `brand_category_brand_id_foreign` FOREIGN KEY (`brand_id`) REFERENCES `brands` (`id`) ON DELETE CASCADE,
  ADD CONSTRAINT `brand_category_category_id_foreign` FOREIGN KEY (`category_id`) REFERENCES `categories` (`id`) ON DELETE CASCADE;

--
-- Filtros para la tabla `cities`
--
ALTER TABLE `cities`
  ADD CONSTRAINT `cities_department_id_foreign` FOREIGN KEY (`department_id`) REFERENCES `departments` (`id`) ON DELETE CASCADE;

--
-- Filtros para la tabla `color_product`
--
ALTER TABLE `color_product`
  ADD CONSTRAINT `color_product_color_id_foreign` FOREIGN KEY (`color_id`) REFERENCES `colors` (`id`) ON DELETE CASCADE,
  ADD CONSTRAINT `color_product_product_id_foreign` FOREIGN KEY (`product_id`) REFERENCES `products` (`id`) ON DELETE CASCADE;

--
-- Filtros para la tabla `color_size`
--
ALTER TABLE `color_size`
  ADD CONSTRAINT `color_size_color_id_foreign` FOREIGN KEY (`color_id`) REFERENCES `colors` (`id`) ON DELETE CASCADE,
  ADD CONSTRAINT `color_size_size_id_foreign` FOREIGN KEY (`size_id`) REFERENCES `sizes` (`id`) ON DELETE CASCADE;

--
-- Filtros para la tabla `districts`
--
ALTER TABLE `districts`
  ADD CONSTRAINT `districts_city_id_foreign` FOREIGN KEY (`city_id`) REFERENCES `cities` (`id`) ON DELETE CASCADE;

--
-- Filtros para la tabla `model_has_permissions`
--
ALTER TABLE `model_has_permissions`
  ADD CONSTRAINT `model_has_permissions_permission_id_foreign` FOREIGN KEY (`permission_id`) REFERENCES `permissions` (`id`) ON DELETE CASCADE;

--
-- Filtros para la tabla `model_has_roles`
--
ALTER TABLE `model_has_roles`
  ADD CONSTRAINT `model_has_roles_role_id_foreign` FOREIGN KEY (`role_id`) REFERENCES `roles` (`id`) ON DELETE CASCADE;

--
-- Filtros para la tabla `orders`
--
ALTER TABLE `orders`
  ADD CONSTRAINT `orders_user_id_foreign` FOREIGN KEY (`user_id`) REFERENCES `users` (`id`);

--
-- Filtros para la tabla `products`
--
ALTER TABLE `products`
  ADD CONSTRAINT `products_brand_id_foreign` FOREIGN KEY (`brand_id`) REFERENCES `brands` (`id`) ON DELETE CASCADE,
  ADD CONSTRAINT `products_subcategory_id_foreign` FOREIGN KEY (`subcategory_id`) REFERENCES `subcategories` (`id`) ON DELETE CASCADE;

--
-- Filtros para la tabla `role_has_permissions`
--
ALTER TABLE `role_has_permissions`
  ADD CONSTRAINT `role_has_permissions_permission_id_foreign` FOREIGN KEY (`permission_id`) REFERENCES `permissions` (`id`) ON DELETE CASCADE,
  ADD CONSTRAINT `role_has_permissions_role_id_foreign` FOREIGN KEY (`role_id`) REFERENCES `roles` (`id`) ON DELETE CASCADE;

--
-- Filtros para la tabla `sizes`
--
ALTER TABLE `sizes`
  ADD CONSTRAINT `sizes_product_id_foreign` FOREIGN KEY (`product_id`) REFERENCES `products` (`id`) ON DELETE CASCADE;

--
-- Filtros para la tabla `subcategories`
--
ALTER TABLE `subcategories`
  ADD CONSTRAINT `subcategories_category_id_foreign` FOREIGN KEY (`category_id`) REFERENCES `categories` (`id`) ON DELETE CASCADE;
COMMIT;

/*!40101 SET CHARACTER_SET_CLIENT=@OLD_CHARACTER_SET_CLIENT */;
/*!40101 SET CHARACTER_SET_RESULTS=@OLD_CHARACTER_SET_RESULTS */;
/*!40101 SET COLLATION_CONNECTION=@OLD_COLLATION_CONNECTION */;
