-- phpMyAdmin SQL Dump
-- version 5.1.1
-- https://www.phpmyadmin.net/
--
-- Servidor: mysql
-- Tiempo de generaci贸n: 21-03-2023 a las 17:35:27
-- Versi贸n del servidor: 8.0.28
-- Versi贸n de PHP: 7.4.27

SET SQL_MODE = "NO_AUTO_VALUE_ON_ZERO";
START TRANSACTION;
SET time_zone = "+00:00";


/*!40101 SET @OLD_CHARACTER_SET_CLIENT=@@CHARACTER_SET_CLIENT */;
/*!40101 SET @OLD_CHARACTER_SET_RESULTS=@@CHARACTER_SET_RESULTS */;
/*!40101 SET @OLD_COLLATION_CONNECTION=@@COLLATION_CONNECTION */;
/*!40101 SET NAMES utf8mb4 */;

--
-- Base de datos: `ecommerce2`
--

-- --------------------------------------------------------

--
-- Estructura de tabla para la tabla `brands`
--

CREATE TABLE `brands` (
  `id` bigint UNSIGNED NOT NULL,
  `name` varchar(255) COLLATE utf8mb4_unicode_ci NOT NULL,
  `created_at` timestamp NULL DEFAULT NULL,
  `updated_at` timestamp NULL DEFAULT NULL
) ENGINE=InnoDB DEFAULT CHARSET=utf8mb4 COLLATE=utf8mb4_unicode_ci;

--
-- Volcado de datos para la tabla `brands`
--

INSERT INTO `brands` (`id`, `name`, `created_at`, `updated_at`) VALUES
(1, 'repudiandae', '2023-03-21 11:34:22', '2023-03-21 11:34:22'),
(2, 'magnam', '2023-03-21 11:34:22', '2023-03-21 11:34:22'),
(3, 'id', '2023-03-21 11:34:22', '2023-03-21 11:34:22'),
(4, 'non', '2023-03-21 11:34:22', '2023-03-21 11:34:22'),
(5, 'expedita', '2023-03-21 11:34:22', '2023-03-21 11:34:22'),
(6, 'quis', '2023-03-21 11:34:22', '2023-03-21 11:34:22'),
(7, 'modi', '2023-03-21 11:34:22', '2023-03-21 11:34:22'),
(8, 'quo', '2023-03-21 11:34:22', '2023-03-21 11:34:22'),
(9, 'et', '2023-03-21 11:34:22', '2023-03-21 11:34:22'),
(10, 'animi', '2023-03-21 11:34:22', '2023-03-21 11:34:22'),
(11, 'labore', '2023-03-21 11:34:22', '2023-03-21 11:34:22'),
(12, 'et', '2023-03-21 11:34:22', '2023-03-21 11:34:22'),
(13, 'quos', '2023-03-21 11:34:22', '2023-03-21 11:34:22'),
(14, 'fuga', '2023-03-21 11:34:22', '2023-03-21 11:34:22'),
(15, 'eum', '2023-03-21 11:34:22', '2023-03-21 11:34:22'),
(16, 'et', '2023-03-21 11:34:22', '2023-03-21 11:34:22'),
(17, 'animi', '2023-03-21 11:34:22', '2023-03-21 11:34:22'),
(18, 'quo', '2023-03-21 11:34:22', '2023-03-21 11:34:22'),
(19, 'officiis', '2023-03-21 11:34:22', '2023-03-21 11:34:22'),
(20, 'ea', '2023-03-21 11:34:22', '2023-03-21 11:34:22');

-- --------------------------------------------------------

--
-- Estructura de tabla para la tabla `brand_category`
--

CREATE TABLE `brand_category` (
  `id` bigint UNSIGNED NOT NULL,
  `brand_id` bigint UNSIGNED NOT NULL,
  `category_id` bigint UNSIGNED NOT NULL,
  `created_at` timestamp NULL DEFAULT NULL,
  `updated_at` timestamp NULL DEFAULT NULL
) ENGINE=InnoDB DEFAULT CHARSET=utf8mb4 COLLATE=utf8mb4_unicode_ci;

--
-- Volcado de datos para la tabla `brand_category`
--

INSERT INTO `brand_category` (`id`, `brand_id`, `category_id`, `created_at`, `updated_at`) VALUES
(1, 1, 1, NULL, NULL),
(2, 2, 1, NULL, NULL),
(3, 3, 1, NULL, NULL),
(4, 4, 1, NULL, NULL),
(5, 5, 2, NULL, NULL),
(6, 6, 2, NULL, NULL),
(7, 7, 2, NULL, NULL),
(8, 8, 2, NULL, NULL),
(9, 9, 3, NULL, NULL),
(10, 10, 3, NULL, NULL),
(11, 11, 3, NULL, NULL),
(12, 12, 3, NULL, NULL),
(13, 13, 4, NULL, NULL),
(14, 14, 4, NULL, NULL),
(15, 15, 4, NULL, NULL),
(16, 16, 4, NULL, NULL),
(17, 17, 5, NULL, NULL),
(18, 18, 5, NULL, NULL),
(19, 19, 5, NULL, NULL),
(20, 20, 5, NULL, NULL);

-- --------------------------------------------------------

--
-- Estructura de tabla para la tabla `categories`
--

CREATE TABLE `categories` (
  `id` bigint UNSIGNED NOT NULL,
  `name` varchar(255) COLLATE utf8mb4_unicode_ci NOT NULL,
  `slug` varchar(255) COLLATE utf8mb4_unicode_ci NOT NULL,
  `icon` varchar(255) COLLATE utf8mb4_unicode_ci NOT NULL,
  `image` varchar(255) COLLATE utf8mb4_unicode_ci NOT NULL,
  `created_at` timestamp NULL DEFAULT NULL,
  `updated_at` timestamp NULL DEFAULT NULL
) ENGINE=InnoDB DEFAULT CHARSET=utf8mb4 COLLATE=utf8mb4_unicode_ci;

--
-- Volcado de datos para la tabla `categories`
--

INSERT INTO `categories` (`id`, `name`, `slug`, `icon`, `image`, `created_at`, `updated_at`) VALUES
(1, 'Celulares y tablets', 'celulares-y-tablets', '<i class=\"fas fa-mobile-alt\"></i>', 'categories/4a7f2fae48f1680449114362997dada5.jpg', '2023-03-21 11:34:22', '2023-03-21 11:34:22'),
(2, 'TV, audio y video', 'tv-audio-y-video', '<i class=\"fas fa-tv\"></i>', 'categories/0326d7737c5ace022de83070c20b6b89.jpg', '2023-03-21 11:34:22', '2023-03-21 11:34:22'),
(3, 'Consola y videojuegos', 'consola-y-videojuegos', '<i class=\"fas fa-gamepad\"></i>', 'categories/135f47d794f60842f278f855494142bb.jpg', '2023-03-21 11:34:22', '2023-03-21 11:34:22'),
(4, 'Computaci贸n', 'computacion', '<i class=\"fas fa-laptop\"></i>', 'categories/f062cb1015b7c2e50a309e32e37a700e.jpg', '2023-03-21 11:34:22', '2023-03-21 11:34:22'),
(5, 'Moda', 'moda', '<i class=\"fas fa-tshirt\"></i>', 'categories/f3e885d5334e5b7d1428fbaa9174be64.jpg', '2023-03-21 11:34:22', '2023-03-21 11:34:22');

-- --------------------------------------------------------

--
-- Estructura de tabla para la tabla `cities`
--

CREATE TABLE `cities` (
  `id` bigint UNSIGNED NOT NULL,
  `name` varchar(255) COLLATE utf8mb4_unicode_ci NOT NULL,
  `cost` double(8,2) NOT NULL,
  `department_id` bigint UNSIGNED NOT NULL,
  `created_at` timestamp NULL DEFAULT NULL,
  `updated_at` timestamp NULL DEFAULT NULL
) ENGINE=InnoDB DEFAULT CHARSET=utf8mb4 COLLATE=utf8mb4_unicode_ci;

--
-- Volcado de datos para la tabla `cities`
--

INSERT INTO `cities` (`id`, `name`, `cost`, `department_id`, `created_at`, `updated_at`) VALUES
(1, 'delectus', 5.00, 1, '2023-03-21 11:37:48', '2023-03-21 11:37:48'),
(2, 'nobis', 15.00, 1, '2023-03-21 11:37:48', '2023-03-21 11:37:48'),
(3, 'sit', 10.00, 1, '2023-03-21 11:37:48', '2023-03-21 11:37:48'),
(4, 'quis', 5.00, 1, '2023-03-21 11:37:48', '2023-03-21 11:37:48'),
(5, 'ut', 15.00, 1, '2023-03-21 11:37:48', '2023-03-21 11:37:48'),
(6, 'fuga', 15.00, 1, '2023-03-21 11:37:48', '2023-03-21 11:37:48'),
(7, 'sit', 10.00, 1, '2023-03-21 11:37:48', '2023-03-21 11:37:48'),
(8, 'nesciunt', 15.00, 1, '2023-03-21 11:37:48', '2023-03-21 11:37:48'),
(9, 'et', 15.00, 2, '2023-03-21 11:37:48', '2023-03-21 11:37:48'),
(10, 'laudantium', 15.00, 2, '2023-03-21 11:37:48', '2023-03-21 11:37:48'),
(11, 'unde', 5.00, 2, '2023-03-21 11:37:48', '2023-03-21 11:37:48'),
(12, 'consequatur', 15.00, 2, '2023-03-21 11:37:48', '2023-03-21 11:37:48'),
(13, 'quo', 5.00, 2, '2023-03-21 11:37:48', '2023-03-21 11:37:48'),
(14, 'ut', 10.00, 2, '2023-03-21 11:37:48', '2023-03-21 11:37:48'),
(15, 'maxime', 15.00, 2, '2023-03-21 11:37:48', '2023-03-21 11:37:48'),
(16, 'quis', 15.00, 2, '2023-03-21 11:37:48', '2023-03-21 11:37:48'),
(17, 'rerum', 10.00, 3, '2023-03-21 11:37:48', '2023-03-21 11:37:48'),
(18, 'nisi', 10.00, 3, '2023-03-21 11:37:48', '2023-03-21 11:37:48'),
(19, 'aspernatur', 10.00, 3, '2023-03-21 11:37:48', '2023-03-21 11:37:48'),
(20, 'commodi', 10.00, 3, '2023-03-21 11:37:48', '2023-03-21 11:37:48'),
(21, 'eaque', 5.00, 3, '2023-03-21 11:37:48', '2023-03-21 11:37:48'),
(22, 'doloremque', 10.00, 3, '2023-03-21 11:37:48', '2023-03-21 11:37:48'),
(23, 'nisi', 15.00, 3, '2023-03-21 11:37:48', '2023-03-21 11:37:48'),
(24, 'est', 5.00, 3, '2023-03-21 11:37:48', '2023-03-21 11:37:48'),
(25, 'fuga', 15.00, 4, '2023-03-21 11:37:48', '2023-03-21 11:37:48'),
(26, 'odit', 5.00, 4, '2023-03-21 11:37:48', '2023-03-21 11:37:48'),
(27, 'illum', 15.00, 4, '2023-03-21 11:37:48', '2023-03-21 11:37:48'),
(28, 'est', 15.00, 4, '2023-03-21 11:37:48', '2023-03-21 11:37:48'),
(29, 'dolorem', 5.00, 4, '2023-03-21 11:37:48', '2023-03-21 11:37:48'),
(30, 'aut', 15.00, 4, '2023-03-21 11:37:48', '2023-03-21 11:37:48'),
(31, 'tenetur', 5.00, 4, '2023-03-21 11:37:48', '2023-03-21 11:37:48'),
(32, 'distinctio', 15.00, 4, '2023-03-21 11:37:48', '2023-03-21 11:37:48'),
(33, 'expedita', 15.00, 5, '2023-03-21 11:37:48', '2023-03-21 11:37:48'),
(34, 'nostrum', 15.00, 5, '2023-03-21 11:37:48', '2023-03-21 11:37:48'),
(35, 'id', 15.00, 5, '2023-03-21 11:37:48', '2023-03-21 11:37:48'),
(36, 'consequatur', 5.00, 5, '2023-03-21 11:37:48', '2023-03-21 11:37:48'),
(37, 'vel', 10.00, 5, '2023-03-21 11:37:48', '2023-03-21 11:37:48'),
(38, 'distinctio', 15.00, 5, '2023-03-21 11:37:48', '2023-03-21 11:37:48'),
(39, 'commodi', 15.00, 5, '2023-03-21 11:37:48', '2023-03-21 11:37:48'),
(40, 'sunt', 10.00, 5, '2023-03-21 11:37:48', '2023-03-21 11:37:48'),
(41, 'expedita', 15.00, 6, '2023-03-21 11:37:49', '2023-03-21 11:37:49'),
(42, 'aspernatur', 10.00, 6, '2023-03-21 11:37:49', '2023-03-21 11:37:49'),
(43, 'quia', 15.00, 6, '2023-03-21 11:37:49', '2023-03-21 11:37:49'),
(44, 'maiores', 5.00, 6, '2023-03-21 11:37:49', '2023-03-21 11:37:49'),
(45, 'suscipit', 15.00, 6, '2023-03-21 11:37:49', '2023-03-21 11:37:49'),
(46, 'ab', 15.00, 6, '2023-03-21 11:37:49', '2023-03-21 11:37:49'),
(47, 'optio', 5.00, 6, '2023-03-21 11:37:49', '2023-03-21 11:37:49'),
(48, 'beatae', 15.00, 6, '2023-03-21 11:37:49', '2023-03-21 11:37:49'),
(49, 'perferendis', 10.00, 7, '2023-03-21 11:37:49', '2023-03-21 11:37:49'),
(50, 'ipsam', 15.00, 7, '2023-03-21 11:37:49', '2023-03-21 11:37:49'),
(51, 'voluptas', 10.00, 7, '2023-03-21 11:37:49', '2023-03-21 11:37:49'),
(52, 'architecto', 15.00, 7, '2023-03-21 11:37:49', '2023-03-21 11:37:49'),
(53, 'voluptas', 5.00, 7, '2023-03-21 11:37:49', '2023-03-21 11:37:49'),
(54, 'aliquid', 15.00, 7, '2023-03-21 11:37:49', '2023-03-21 11:37:49'),
(55, 'velit', 5.00, 7, '2023-03-21 11:37:49', '2023-03-21 11:37:49'),
(56, 'exercitationem', 15.00, 7, '2023-03-21 11:37:49', '2023-03-21 11:37:49'),
(57, 'rem', 5.00, 8, '2023-03-21 11:37:49', '2023-03-21 11:37:49'),
(58, 'blanditiis', 10.00, 8, '2023-03-21 11:37:49', '2023-03-21 11:37:49'),
(59, 'distinctio', 5.00, 8, '2023-03-21 11:37:49', '2023-03-21 11:37:49'),
(60, 'vel', 15.00, 8, '2023-03-21 11:37:49', '2023-03-21 11:37:49'),
(61, 'qui', 15.00, 8, '2023-03-21 11:37:49', '2023-03-21 11:37:49'),
(62, 'est', 10.00, 8, '2023-03-21 11:37:49', '2023-03-21 11:37:49'),
(63, 'porro', 15.00, 8, '2023-03-21 11:37:49', '2023-03-21 11:37:49'),
(64, 'doloremque', 5.00, 8, '2023-03-21 11:37:49', '2023-03-21 11:37:49');

-- --------------------------------------------------------

--
-- Estructura de tabla para la tabla `colors`
--

CREATE TABLE `colors` (
  `id` bigint UNSIGNED NOT NULL,
  `name` varchar(255) COLLATE utf8mb4_unicode_ci NOT NULL,
  `created_at` timestamp NULL DEFAULT NULL,
  `updated_at` timestamp NULL DEFAULT NULL
) ENGINE=InnoDB DEFAULT CHARSET=utf8mb4 COLLATE=utf8mb4_unicode_ci;

--
-- Volcado de datos para la tabla `colors`
--

INSERT INTO `colors` (`id`, `name`, `created_at`, `updated_at`) VALUES
(1, 'white', '2023-03-21 11:37:47', '2023-03-21 11:37:47'),
(2, 'blue', '2023-03-21 11:37:47', '2023-03-21 11:37:47'),
(3, 'red', '2023-03-21 11:37:47', '2023-03-21 11:37:47'),
(4, 'black', '2023-03-21 11:37:47', '2023-03-21 11:37:47');

-- --------------------------------------------------------

--
-- Estructura de tabla para la tabla `color_product`
--

CREATE TABLE `color_product` (
  `id` bigint UNSIGNED NOT NULL,
  `color_id` bigint UNSIGNED NOT NULL,
  `product_id` bigint UNSIGNED NOT NULL,
  `quantity` int NOT NULL,
  `created_at` timestamp NULL DEFAULT NULL,
  `updated_at` timestamp NULL DEFAULT NULL
) ENGINE=InnoDB DEFAULT CHARSET=utf8mb4 COLLATE=utf8mb4_unicode_ci;

--
-- Volcado de datos para la tabla `color_product`
--

INSERT INTO `color_product` (`id`, `color_id`, `product_id`, `quantity`, `created_at`, `updated_at`) VALUES
(1, 1, 70, 10, NULL, NULL),
(2, 2, 70, 10, NULL, NULL),
(3, 3, 70, 10, NULL, NULL),
(4, 4, 70, 10, NULL, NULL),
(5, 1, 82, 10, NULL, NULL),
(6, 2, 82, 10, NULL, NULL),
(7, 3, 82, 10, NULL, NULL),
(8, 4, 82, 10, NULL, NULL),
(9, 1, 161, 10, NULL, NULL),
(10, 2, 161, 10, NULL, NULL),
(11, 3, 161, 10, NULL, NULL),
(12, 4, 161, 10, NULL, NULL),
(13, 1, 185, 10, NULL, NULL),
(14, 2, 185, 10, NULL, NULL),
(15, 3, 185, 10, NULL, NULL),
(16, 4, 185, 10, NULL, NULL),
(17, 1, 201, 10, NULL, NULL),
(18, 2, 201, 10, NULL, NULL),
(19, 3, 201, 10, NULL, NULL),
(20, 4, 201, 10, NULL, NULL),
(21, 1, 210, 10, NULL, NULL),
(22, 2, 210, 10, NULL, NULL),
(23, 3, 210, 10, NULL, NULL),
(24, 4, 210, 10, NULL, NULL),
(25, 1, 226, 10, NULL, NULL),
(26, 2, 226, 10, NULL, NULL),
(27, 3, 226, 10, NULL, NULL),
(28, 4, 226, 10, NULL, NULL),
(29, 1, 239, 10, NULL, NULL),
(30, 2, 239, 10, NULL, NULL),
(31, 3, 239, 10, NULL, NULL),
(32, 4, 239, 10, NULL, NULL);

-- --------------------------------------------------------

--
-- Estructura de tabla para la tabla `color_size`
--

CREATE TABLE `color_size` (
  `id` bigint UNSIGNED NOT NULL,
  `color_id` bigint UNSIGNED NOT NULL,
  `size_id` bigint UNSIGNED NOT NULL,
  `quantity` int NOT NULL,
  `created_at` timestamp NULL DEFAULT NULL,
  `updated_at` timestamp NULL DEFAULT NULL
) ENGINE=InnoDB DEFAULT CHARSET=utf8mb4 COLLATE=utf8mb4_unicode_ci;

--
-- Volcado de datos para la tabla `color_size`
--

INSERT INTO `color_size` (`id`, `color_id`, `size_id`, `quantity`, `created_at`, `updated_at`) VALUES
(1, 1, 1, 10, NULL, NULL),
(2, 2, 1, 10, NULL, NULL),
(3, 3, 1, 10, NULL, NULL),
(4, 4, 1, 10, NULL, NULL),
(5, 1, 2, 10, NULL, NULL),
(6, 2, 2, 10, NULL, NULL),
(7, 3, 2, 10, NULL, NULL),
(8, 4, 2, 10, NULL, NULL),
(9, 1, 3, 10, NULL, NULL),
(10, 2, 3, 10, NULL, NULL),
(11, 3, 3, 10, NULL, NULL),
(12, 4, 3, 10, NULL, NULL),
(13, 1, 4, 10, NULL, NULL),
(14, 2, 4, 10, NULL, NULL),
(15, 3, 4, 10, NULL, NULL),
(16, 4, 4, 10, NULL, NULL),
(17, 1, 5, 10, NULL, NULL),
(18, 2, 5, 10, NULL, NULL),
(19, 3, 5, 10, NULL, NULL),
(20, 4, 5, 10, NULL, NULL),
(21, 1, 6, 10, NULL, NULL),
(22, 2, 6, 10, NULL, NULL),
(23, 3, 6, 10, NULL, NULL),
(24, 4, 6, 10, NULL, NULL),
(25, 1, 7, 10, NULL, NULL),
(26, 2, 7, 10, NULL, NULL),
(27, 3, 7, 10, NULL, NULL),
(28, 4, 7, 10, NULL, NULL),
(29, 1, 8, 10, NULL, NULL),
(30, 2, 8, 10, NULL, NULL),
(31, 3, 8, 10, NULL, NULL),
(32, 4, 8, 10, NULL, NULL),
(33, 1, 9, 10, NULL, NULL),
(34, 2, 9, 10, NULL, NULL),
(35, 3, 9, 10, NULL, NULL),
(36, 4, 9, 10, NULL, NULL),
(37, 1, 10, 10, NULL, NULL),
(38, 2, 10, 10, NULL, NULL),
(39, 3, 10, 10, NULL, NULL),
(40, 4, 10, 10, NULL, NULL),
(41, 1, 11, 10, NULL, NULL),
(42, 2, 11, 10, NULL, NULL),
(43, 3, 11, 10, NULL, NULL),
(44, 4, 11, 10, NULL, NULL),
(45, 1, 12, 10, NULL, NULL),
(46, 2, 12, 10, NULL, NULL),
(47, 3, 12, 10, NULL, NULL),
(48, 4, 12, 10, NULL, NULL),
(49, 1, 13, 10, NULL, NULL),
(50, 2, 13, 10, NULL, NULL),
(51, 3, 13, 10, NULL, NULL),
(52, 4, 13, 10, NULL, NULL),
(53, 1, 14, 10, NULL, NULL),
(54, 2, 14, 10, NULL, NULL),
(55, 3, 14, 10, NULL, NULL),
(56, 4, 14, 10, NULL, NULL),
(57, 1, 15, 10, NULL, NULL),
(58, 2, 15, 10, NULL, NULL),
(59, 3, 15, 10, NULL, NULL),
(60, 4, 15, 10, NULL, NULL),
(61, 1, 16, 10, NULL, NULL),
(62, 2, 16, 10, NULL, NULL),
(63, 3, 16, 10, NULL, NULL),
(64, 4, 16, 10, NULL, NULL),
(65, 1, 17, 10, NULL, NULL),
(66, 2, 17, 10, NULL, NULL),
(67, 3, 17, 10, NULL, NULL),
(68, 4, 17, 10, NULL, NULL),
(69, 1, 18, 10, NULL, NULL),
(70, 2, 18, 10, NULL, NULL),
(71, 3, 18, 10, NULL, NULL),
(72, 4, 18, 10, NULL, NULL),
(73, 1, 19, 10, NULL, NULL),
(74, 2, 19, 10, NULL, NULL),
(75, 3, 19, 10, NULL, NULL),
(76, 4, 19, 10, NULL, NULL),
(77, 1, 20, 10, NULL, NULL),
(78, 2, 20, 10, NULL, NULL),
(79, 3, 20, 10, NULL, NULL),
(80, 4, 20, 10, NULL, NULL),
(81, 1, 21, 10, NULL, NULL),
(82, 2, 21, 10, NULL, NULL),
(83, 3, 21, 10, NULL, NULL),
(84, 4, 21, 10, NULL, NULL),
(85, 1, 22, 10, NULL, NULL),
(86, 2, 22, 10, NULL, NULL),
(87, 3, 22, 10, NULL, NULL),
(88, 4, 22, 10, NULL, NULL),
(89, 1, 23, 10, NULL, NULL),
(90, 2, 23, 10, NULL, NULL),
(91, 3, 23, 10, NULL, NULL),
(92, 4, 23, 10, NULL, NULL),
(93, 1, 24, 10, NULL, NULL),
(94, 2, 24, 10, NULL, NULL),
(95, 3, 24, 10, NULL, NULL),
(96, 4, 24, 10, NULL, NULL),
(97, 1, 25, 10, NULL, NULL),
(98, 2, 25, 10, NULL, NULL),
(99, 3, 25, 10, NULL, NULL),
(100, 4, 25, 10, NULL, NULL),
(101, 1, 26, 10, NULL, NULL),
(102, 2, 26, 10, NULL, NULL),
(103, 3, 26, 10, NULL, NULL),
(104, 4, 26, 10, NULL, NULL),
(105, 1, 27, 10, NULL, NULL),
(106, 2, 27, 10, NULL, NULL),
(107, 3, 27, 10, NULL, NULL),
(108, 4, 27, 10, NULL, NULL),
(109, 1, 28, 10, NULL, NULL),
(110, 2, 28, 10, NULL, NULL),
(111, 3, 28, 10, NULL, NULL),
(112, 4, 28, 10, NULL, NULL),
(113, 1, 29, 10, NULL, NULL),
(114, 2, 29, 10, NULL, NULL),
(115, 3, 29, 10, NULL, NULL),
(116, 4, 29, 10, NULL, NULL),
(117, 1, 30, 10, NULL, NULL),
(118, 2, 30, 10, NULL, NULL),
(119, 3, 30, 10, NULL, NULL),
(120, 4, 30, 10, NULL, NULL),
(121, 1, 31, 10, NULL, NULL),
(122, 2, 31, 10, NULL, NULL),
(123, 3, 31, 10, NULL, NULL),
(124, 4, 31, 10, NULL, NULL),
(125, 1, 32, 10, NULL, NULL),
(126, 2, 32, 10, NULL, NULL),
(127, 3, 32, 10, NULL, NULL),
(128, 4, 32, 10, NULL, NULL),
(129, 1, 33, 10, NULL, NULL),
(130, 2, 33, 10, NULL, NULL),
(131, 3, 33, 10, NULL, NULL),
(132, 4, 33, 10, NULL, NULL),
(133, 1, 34, 10, NULL, NULL),
(134, 2, 34, 10, NULL, NULL),
(135, 3, 34, 10, NULL, NULL),
(136, 4, 34, 10, NULL, NULL),
(137, 1, 35, 10, NULL, NULL),
(138, 2, 35, 10, NULL, NULL),
(139, 3, 35, 10, NULL, NULL),
(140, 4, 35, 10, NULL, NULL),
(141, 1, 36, 10, NULL, NULL),
(142, 2, 36, 10, NULL, NULL),
(143, 3, 36, 10, NULL, NULL),
(144, 4, 36, 10, NULL, NULL),
(145, 1, 37, 10, NULL, NULL),
(146, 2, 37, 10, NULL, NULL),
(147, 3, 37, 10, NULL, NULL),
(148, 4, 37, 10, NULL, NULL),
(149, 1, 38, 10, NULL, NULL),
(150, 2, 38, 10, NULL, NULL),
(151, 3, 38, 10, NULL, NULL),
(152, 4, 38, 10, NULL, NULL),
(153, 1, 39, 10, NULL, NULL),
(154, 2, 39, 10, NULL, NULL),
(155, 3, 39, 10, NULL, NULL),
(156, 4, 39, 10, NULL, NULL),
(157, 1, 40, 10, NULL, NULL),
(158, 2, 40, 10, NULL, NULL),
(159, 3, 40, 10, NULL, NULL),
(160, 4, 40, 10, NULL, NULL),
(161, 1, 41, 10, NULL, NULL),
(162, 2, 41, 10, NULL, NULL),
(163, 3, 41, 10, NULL, NULL),
(164, 4, 41, 10, NULL, NULL),
(165, 1, 42, 10, NULL, NULL),
(166, 2, 42, 10, NULL, NULL),
(167, 3, 42, 10, NULL, NULL),
(168, 4, 42, 10, NULL, NULL),
(169, 1, 43, 10, NULL, NULL),
(170, 2, 43, 10, NULL, NULL),
(171, 3, 43, 10, NULL, NULL),
(172, 4, 43, 10, NULL, NULL),
(173, 1, 44, 10, NULL, NULL),
(174, 2, 44, 10, NULL, NULL),
(175, 3, 44, 10, NULL, NULL),
(176, 4, 44, 10, NULL, NULL),
(177, 1, 45, 10, NULL, NULL),
(178, 2, 45, 10, NULL, NULL),
(179, 3, 45, 10, NULL, NULL),
(180, 4, 45, 10, NULL, NULL),
(181, 1, 46, 10, NULL, NULL),
(182, 2, 46, 10, NULL, NULL),
(183, 3, 46, 10, NULL, NULL),
(184, 4, 46, 10, NULL, NULL),
(185, 1, 47, 10, NULL, NULL),
(186, 2, 47, 10, NULL, NULL),
(187, 3, 47, 10, NULL, NULL),
(188, 4, 47, 10, NULL, NULL),
(189, 1, 48, 10, NULL, NULL),
(190, 2, 48, 10, NULL, NULL),
(191, 3, 48, 10, NULL, NULL),
(192, 4, 48, 10, NULL, NULL),
(193, 1, 49, 10, NULL, NULL),
(194, 2, 49, 10, NULL, NULL),
(195, 3, 49, 10, NULL, NULL),
(196, 4, 49, 10, NULL, NULL),
(197, 1, 50, 10, NULL, NULL),
(198, 2, 50, 10, NULL, NULL),
(199, 3, 50, 10, NULL, NULL),
(200, 4, 50, 10, NULL, NULL),
(201, 1, 51, 10, NULL, NULL),
(202, 2, 51, 10, NULL, NULL),
(203, 3, 51, 10, NULL, NULL),
(204, 4, 51, 10, NULL, NULL),
(205, 1, 52, 10, NULL, NULL),
(206, 2, 52, 10, NULL, NULL),
(207, 3, 52, 10, NULL, NULL),
(208, 4, 52, 10, NULL, NULL),
(209, 1, 53, 10, NULL, NULL),
(210, 2, 53, 10, NULL, NULL),
(211, 3, 53, 10, NULL, NULL),
(212, 4, 53, 10, NULL, NULL),
(213, 1, 54, 10, NULL, NULL),
(214, 2, 54, 10, NULL, NULL),
(215, 3, 54, 10, NULL, NULL),
(216, 4, 54, 10, NULL, NULL),
(217, 1, 55, 10, NULL, NULL),
(218, 2, 55, 10, NULL, NULL),
(219, 3, 55, 10, NULL, NULL),
(220, 4, 55, 10, NULL, NULL),
(221, 1, 56, 10, NULL, NULL),
(222, 2, 56, 10, NULL, NULL),
(223, 3, 56, 10, NULL, NULL),
(224, 4, 56, 10, NULL, NULL),
(225, 1, 57, 10, NULL, NULL),
(226, 2, 57, 10, NULL, NULL),
(227, 3, 57, 10, NULL, NULL),
(228, 4, 57, 10, NULL, NULL),
(229, 1, 58, 10, NULL, NULL),
(230, 2, 58, 10, NULL, NULL),
(231, 3, 58, 10, NULL, NULL),
(232, 4, 58, 10, NULL, NULL),
(233, 1, 59, 10, NULL, NULL),
(234, 2, 59, 10, NULL, NULL),
(235, 3, 59, 10, NULL, NULL),
(236, 4, 59, 10, NULL, NULL),
(237, 1, 60, 10, NULL, NULL),
(238, 2, 60, 10, NULL, NULL),
(239, 3, 60, 10, NULL, NULL),
(240, 4, 60, 10, NULL, NULL),
(241, 1, 61, 10, NULL, NULL),
(242, 2, 61, 10, NULL, NULL),
(243, 3, 61, 10, NULL, NULL),
(244, 4, 61, 10, NULL, NULL),
(245, 1, 62, 10, NULL, NULL),
(246, 2, 62, 10, NULL, NULL),
(247, 3, 62, 10, NULL, NULL),
(248, 4, 62, 10, NULL, NULL),
(249, 1, 63, 10, NULL, NULL),
(250, 2, 63, 10, NULL, NULL),
(251, 3, 63, 10, NULL, NULL),
(252, 4, 63, 10, NULL, NULL),
(253, 1, 64, 10, NULL, NULL),
(254, 2, 64, 10, NULL, NULL),
(255, 3, 64, 10, NULL, NULL),
(256, 4, 64, 10, NULL, NULL),
(257, 1, 65, 10, NULL, NULL),
(258, 2, 65, 10, NULL, NULL),
(259, 3, 65, 10, NULL, NULL),
(260, 4, 65, 10, NULL, NULL),
(261, 1, 66, 10, NULL, NULL),
(262, 2, 66, 10, NULL, NULL),
(263, 3, 66, 10, NULL, NULL),
(264, 4, 66, 10, NULL, NULL),
(265, 1, 67, 10, NULL, NULL),
(266, 2, 67, 10, NULL, NULL),
(267, 3, 67, 10, NULL, NULL),
(268, 4, 67, 10, NULL, NULL),
(269, 1, 68, 10, NULL, NULL),
(270, 2, 68, 10, NULL, NULL),
(271, 3, 68, 10, NULL, NULL),
(272, 4, 68, 10, NULL, NULL),
(273, 1, 69, 10, NULL, NULL),
(274, 2, 69, 10, NULL, NULL),
(275, 3, 69, 10, NULL, NULL),
(276, 4, 69, 10, NULL, NULL),
(277, 1, 70, 10, NULL, NULL),
(278, 2, 70, 10, NULL, NULL),
(279, 3, 70, 10, NULL, NULL),
(280, 4, 70, 10, NULL, NULL),
(281, 1, 71, 10, NULL, NULL),
(282, 2, 71, 10, NULL, NULL),
(283, 3, 71, 10, NULL, NULL),
(284, 4, 71, 10, NULL, NULL),
(285, 1, 72, 10, NULL, NULL),
(286, 2, 72, 10, NULL, NULL),
(287, 3, 72, 10, NULL, NULL),
(288, 4, 72, 10, NULL, NULL),
(289, 1, 73, 10, NULL, NULL),
(290, 2, 73, 10, NULL, NULL),
(291, 3, 73, 10, NULL, NULL),
(292, 4, 73, 10, NULL, NULL),
(293, 1, 74, 10, NULL, NULL),
(294, 2, 74, 10, NULL, NULL),
(295, 3, 74, 10, NULL, NULL),
(296, 4, 74, 10, NULL, NULL),
(297, 1, 75, 10, NULL, NULL),
(298, 2, 75, 10, NULL, NULL),
(299, 3, 75, 10, NULL, NULL),
(300, 4, 75, 10, NULL, NULL),
(301, 1, 76, 10, NULL, NULL),
(302, 2, 76, 10, NULL, NULL),
(303, 3, 76, 10, NULL, NULL),
(304, 4, 76, 10, NULL, NULL),
(305, 1, 77, 10, NULL, NULL),
(306, 2, 77, 10, NULL, NULL),
(307, 3, 77, 10, NULL, NULL),
(308, 4, 77, 10, NULL, NULL),
(309, 1, 78, 10, NULL, NULL),
(310, 2, 78, 10, NULL, NULL),
(311, 3, 78, 10, NULL, NULL),
(312, 4, 78, 10, NULL, NULL),
(313, 1, 79, 10, NULL, NULL),
(314, 2, 79, 10, NULL, NULL),
(315, 3, 79, 10, NULL, NULL),
(316, 4, 79, 10, NULL, NULL),
(317, 1, 80, 10, NULL, NULL),
(318, 2, 80, 10, NULL, NULL),
(319, 3, 80, 10, NULL, NULL),
(320, 4, 80, 10, NULL, NULL),
(321, 1, 81, 10, NULL, NULL),
(322, 2, 81, 10, NULL, NULL),
(323, 3, 81, 10, NULL, NULL),
(324, 4, 81, 10, NULL, NULL);

-- --------------------------------------------------------

--
-- Estructura de tabla para la tabla `departments`
--

CREATE TABLE `departments` (
  `id` bigint UNSIGNED NOT NULL,
  `name` varchar(255) COLLATE utf8mb4_unicode_ci NOT NULL,
  `created_at` timestamp NULL DEFAULT NULL,
  `updated_at` timestamp NULL DEFAULT NULL
) ENGINE=InnoDB DEFAULT CHARSET=utf8mb4 COLLATE=utf8mb4_unicode_ci;

--
-- Volcado de datos para la tabla `departments`
--

INSERT INTO `departments` (`id`, `name`, `created_at`, `updated_at`) VALUES
(1, 'enim', '2023-03-21 11:37:48', '2023-03-21 11:37:48'),
(2, 'sit', '2023-03-21 11:37:48', '2023-03-21 11:37:48'),
(3, 'qui', '2023-03-21 11:37:48', '2023-03-21 11:37:48'),
(4, 'delectus', '2023-03-21 11:37:48', '2023-03-21 11:37:48'),
(5, 'ut', '2023-03-21 11:37:48', '2023-03-21 11:37:48'),
(6, 'voluptates', '2023-03-21 11:37:48', '2023-03-21 11:37:48'),
(7, 'architecto', '2023-03-21 11:37:48', '2023-03-21 11:37:48'),
(8, 'quisquam', '2023-03-21 11:37:48', '2023-03-21 11:37:48');

-- --------------------------------------------------------

--
-- Estructura de tabla para la tabla `districts`
--

CREATE TABLE `districts` (
  `id` bigint UNSIGNED NOT NULL,
  `name` varchar(255) COLLATE utf8mb4_unicode_ci NOT NULL,
  `city_id` bigint UNSIGNED NOT NULL,
  `created_at` timestamp NULL DEFAULT NULL,
  `updated_at` timestamp NULL DEFAULT NULL
) ENGINE=InnoDB DEFAULT CHARSET=utf8mb4 COLLATE=utf8mb4_unicode_ci;

--
-- Volcado de datos para la tabla `districts`
--

INSERT INTO `districts` (`id`, `name`, `city_id`, `created_at`, `updated_at`) VALUES
(1, 'delectus', 1, '2023-03-21 11:37:48', '2023-03-21 11:37:48'),
(2, 'soluta', 1, '2023-03-21 11:37:48', '2023-03-21 11:37:48'),
(3, 'reiciendis', 1, '2023-03-21 11:37:48', '2023-03-21 11:37:48'),
(4, 'sit', 1, '2023-03-21 11:37:48', '2023-03-21 11:37:48'),
(5, 'assumenda', 1, '2023-03-21 11:37:48', '2023-03-21 11:37:48'),
(6, 'rerum', 1, '2023-03-21 11:37:48', '2023-03-21 11:37:48'),
(7, 'voluptas', 1, '2023-03-21 11:37:48', '2023-03-21 11:37:48'),
(8, 'nam', 1, '2023-03-21 11:37:48', '2023-03-21 11:37:48'),
(9, 'nam', 2, '2023-03-21 11:37:48', '2023-03-21 11:37:48'),
(10, 'molestiae', 2, '2023-03-21 11:37:48', '2023-03-21 11:37:48'),
(11, 'aut', 2, '2023-03-21 11:37:48', '2023-03-21 11:37:48'),
(12, 'odio', 2, '2023-03-21 11:37:48', '2023-03-21 11:37:48'),
(13, 'sunt', 2, '2023-03-21 11:37:48', '2023-03-21 11:37:48'),
(14, 'est', 2, '2023-03-21 11:37:48', '2023-03-21 11:37:48'),
(15, 'tenetur', 2, '2023-03-21 11:37:48', '2023-03-21 11:37:48'),
(16, 'officiis', 2, '2023-03-21 11:37:48', '2023-03-21 11:37:48'),
(17, 'sunt', 3, '2023-03-21 11:37:48', '2023-03-21 11:37:48'),
(18, 'molestiae', 3, '2023-03-21 11:37:48', '2023-03-21 11:37:48'),
(19, 'doloremque', 3, '2023-03-21 11:37:48', '2023-03-21 11:37:48'),
(20, 'est', 3, '2023-03-21 11:37:48', '2023-03-21 11:37:48'),
(21, 'vero', 3, '2023-03-21 11:37:48', '2023-03-21 11:37:48'),
(22, 'cum', 3, '2023-03-21 11:37:48', '2023-03-21 11:37:48'),
(23, 'sint', 3, '2023-03-21 11:37:48', '2023-03-21 11:37:48'),
(24, 'dolores', 3, '2023-03-21 11:37:48', '2023-03-21 11:37:48'),
(25, 'nisi', 4, '2023-03-21 11:37:48', '2023-03-21 11:37:48'),
(26, 'itaque', 4, '2023-03-21 11:37:48', '2023-03-21 11:37:48'),
(27, 'voluptatem', 4, '2023-03-21 11:37:48', '2023-03-21 11:37:48'),
(28, 'placeat', 4, '2023-03-21 11:37:48', '2023-03-21 11:37:48'),
(29, 'accusamus', 4, '2023-03-21 11:37:48', '2023-03-21 11:37:48'),
(30, 'aut', 4, '2023-03-21 11:37:48', '2023-03-21 11:37:48'),
(31, 'voluptate', 4, '2023-03-21 11:37:48', '2023-03-21 11:37:48'),
(32, 'molestiae', 4, '2023-03-21 11:37:48', '2023-03-21 11:37:48'),
(33, 'ea', 5, '2023-03-21 11:37:48', '2023-03-21 11:37:48'),
(34, 'est', 5, '2023-03-21 11:37:48', '2023-03-21 11:37:48'),
(35, 'et', 5, '2023-03-21 11:37:48', '2023-03-21 11:37:48'),
(36, 'nostrum', 5, '2023-03-21 11:37:48', '2023-03-21 11:37:48'),
(37, 'sunt', 5, '2023-03-21 11:37:48', '2023-03-21 11:37:48'),
(38, 'dolor', 5, '2023-03-21 11:37:48', '2023-03-21 11:37:48'),
(39, 'praesentium', 5, '2023-03-21 11:37:48', '2023-03-21 11:37:48'),
(40, 'quas', 5, '2023-03-21 11:37:48', '2023-03-21 11:37:48'),
(41, 'reprehenderit', 6, '2023-03-21 11:37:48', '2023-03-21 11:37:48'),
(42, 'expedita', 6, '2023-03-21 11:37:48', '2023-03-21 11:37:48'),
(43, 'eos', 6, '2023-03-21 11:37:48', '2023-03-21 11:37:48'),
(44, 'ullam', 6, '2023-03-21 11:37:48', '2023-03-21 11:37:48'),
(45, 'illum', 6, '2023-03-21 11:37:48', '2023-03-21 11:37:48'),
(46, 'nesciunt', 6, '2023-03-21 11:37:48', '2023-03-21 11:37:48'),
(47, 'repellendus', 6, '2023-03-21 11:37:48', '2023-03-21 11:37:48'),
(48, 'quas', 6, '2023-03-21 11:37:48', '2023-03-21 11:37:48'),
(49, 'molestias', 7, '2023-03-21 11:37:48', '2023-03-21 11:37:48'),
(50, 'asperiores', 7, '2023-03-21 11:37:48', '2023-03-21 11:37:48'),
(51, 'numquam', 7, '2023-03-21 11:37:48', '2023-03-21 11:37:48'),
(52, 'eos', 7, '2023-03-21 11:37:48', '2023-03-21 11:37:48'),
(53, 'facere', 7, '2023-03-21 11:37:48', '2023-03-21 11:37:48'),
(54, 'earum', 7, '2023-03-21 11:37:48', '2023-03-21 11:37:48'),
(55, 'ut', 7, '2023-03-21 11:37:48', '2023-03-21 11:37:48'),
(56, 'veritatis', 7, '2023-03-21 11:37:48', '2023-03-21 11:37:48'),
(57, 'porro', 8, '2023-03-21 11:37:48', '2023-03-21 11:37:48'),
(58, 'facere', 8, '2023-03-21 11:37:48', '2023-03-21 11:37:48'),
(59, 'impedit', 8, '2023-03-21 11:37:48', '2023-03-21 11:37:48'),
(60, 'voluptatem', 8, '2023-03-21 11:37:48', '2023-03-21 11:37:48'),
(61, 'in', 8, '2023-03-21 11:37:48', '2023-03-21 11:37:48'),
(62, 'laudantium', 8, '2023-03-21 11:37:48', '2023-03-21 11:37:48'),
(63, 'et', 8, '2023-03-21 11:37:48', '2023-03-21 11:37:48'),
(64, 'dolorem', 8, '2023-03-21 11:37:48', '2023-03-21 11:37:48'),
(65, 'veritatis', 9, '2023-03-21 11:37:48', '2023-03-21 11:37:48'),
(66, 'odit', 9, '2023-03-21 11:37:48', '2023-03-21 11:37:48'),
(67, 'non', 9, '2023-03-21 11:37:48', '2023-03-21 11:37:48'),
(68, 'impedit', 9, '2023-03-21 11:37:48', '2023-03-21 11:37:48'),
(69, 'temporibus', 9, '2023-03-21 11:37:48', '2023-03-21 11:37:48'),
(70, 'iusto', 9, '2023-03-21 11:37:48', '2023-03-21 11:37:48'),
(71, 'voluptate', 9, '2023-03-21 11:37:48', '2023-03-21 11:37:48'),
(72, 'sint', 9, '2023-03-21 11:37:48', '2023-03-21 11:37:48'),
(73, 'alias', 10, '2023-03-21 11:37:48', '2023-03-21 11:37:48'),
(74, 'perspiciatis', 10, '2023-03-21 11:37:48', '2023-03-21 11:37:48'),
(75, 'inventore', 10, '2023-03-21 11:37:48', '2023-03-21 11:37:48'),
(76, 'reiciendis', 10, '2023-03-21 11:37:48', '2023-03-21 11:37:48'),
(77, 'hic', 10, '2023-03-21 11:37:48', '2023-03-21 11:37:48'),
(78, 'ipsa', 10, '2023-03-21 11:37:48', '2023-03-21 11:37:48'),
(79, 'eaque', 10, '2023-03-21 11:37:48', '2023-03-21 11:37:48'),
(80, 'sit', 10, '2023-03-21 11:37:48', '2023-03-21 11:37:48'),
(81, 'sint', 11, '2023-03-21 11:37:48', '2023-03-21 11:37:48'),
(82, 'minima', 11, '2023-03-21 11:37:48', '2023-03-21 11:37:48'),
(83, 'saepe', 11, '2023-03-21 11:37:48', '2023-03-21 11:37:48'),
(84, 'qui', 11, '2023-03-21 11:37:48', '2023-03-21 11:37:48'),
(85, 'eligendi', 11, '2023-03-21 11:37:48', '2023-03-21 11:37:48'),
(86, 'eum', 11, '2023-03-21 11:37:48', '2023-03-21 11:37:48'),
(87, 'omnis', 11, '2023-03-21 11:37:48', '2023-03-21 11:37:48'),
(88, 'non', 11, '2023-03-21 11:37:48', '2023-03-21 11:37:48'),
(89, 'sunt', 12, '2023-03-21 11:37:48', '2023-03-21 11:37:48'),
(90, 'dolorem', 12, '2023-03-21 11:37:48', '2023-03-21 11:37:48'),
(91, 'aliquam', 12, '2023-03-21 11:37:48', '2023-03-21 11:37:48'),
(92, 'et', 12, '2023-03-21 11:37:48', '2023-03-21 11:37:48'),
(93, 'quia', 12, '2023-03-21 11:37:48', '2023-03-21 11:37:48'),
(94, 'neque', 12, '2023-03-21 11:37:48', '2023-03-21 11:37:48'),
(95, 'molestiae', 12, '2023-03-21 11:37:48', '2023-03-21 11:37:48'),
(96, 'aliquam', 12, '2023-03-21 11:37:48', '2023-03-21 11:37:48'),
(97, 'eos', 13, '2023-03-21 11:37:48', '2023-03-21 11:37:48'),
(98, 'repellendus', 13, '2023-03-21 11:37:48', '2023-03-21 11:37:48'),
(99, 'saepe', 13, '2023-03-21 11:37:48', '2023-03-21 11:37:48'),
(100, 'quis', 13, '2023-03-21 11:37:48', '2023-03-21 11:37:48'),
(101, 'voluptatibus', 13, '2023-03-21 11:37:48', '2023-03-21 11:37:48'),
(102, 'vel', 13, '2023-03-21 11:37:48', '2023-03-21 11:37:48'),
(103, 'repellat', 13, '2023-03-21 11:37:48', '2023-03-21 11:37:48'),
(104, 'vitae', 13, '2023-03-21 11:37:48', '2023-03-21 11:37:48'),
(105, 'sit', 14, '2023-03-21 11:37:48', '2023-03-21 11:37:48'),
(106, 'aut', 14, '2023-03-21 11:37:48', '2023-03-21 11:37:48'),
(107, 'aut', 14, '2023-03-21 11:37:48', '2023-03-21 11:37:48'),
(108, 'nulla', 14, '2023-03-21 11:37:48', '2023-03-21 11:37:48'),
(109, 'aliquid', 14, '2023-03-21 11:37:48', '2023-03-21 11:37:48'),
(110, 'quae', 14, '2023-03-21 11:37:48', '2023-03-21 11:37:48'),
(111, 'dolor', 14, '2023-03-21 11:37:48', '2023-03-21 11:37:48'),
(112, 'repellendus', 14, '2023-03-21 11:37:48', '2023-03-21 11:37:48'),
(113, 'est', 15, '2023-03-21 11:37:48', '2023-03-21 11:37:48'),
(114, 'quas', 15, '2023-03-21 11:37:48', '2023-03-21 11:37:48'),
(115, 'totam', 15, '2023-03-21 11:37:48', '2023-03-21 11:37:48'),
(116, 'esse', 15, '2023-03-21 11:37:48', '2023-03-21 11:37:48'),
(117, 'et', 15, '2023-03-21 11:37:48', '2023-03-21 11:37:48'),
(118, 'reiciendis', 15, '2023-03-21 11:37:48', '2023-03-21 11:37:48'),
(119, 'sed', 15, '2023-03-21 11:37:48', '2023-03-21 11:37:48'),
(120, 'totam', 15, '2023-03-21 11:37:48', '2023-03-21 11:37:48'),
(121, 'voluptatem', 16, '2023-03-21 11:37:48', '2023-03-21 11:37:48'),
(122, 'in', 16, '2023-03-21 11:37:48', '2023-03-21 11:37:48'),
(123, 'nihil', 16, '2023-03-21 11:37:48', '2023-03-21 11:37:48'),
(124, 'nostrum', 16, '2023-03-21 11:37:48', '2023-03-21 11:37:48'),
(125, 'enim', 16, '2023-03-21 11:37:48', '2023-03-21 11:37:48'),
(126, 'maiores', 16, '2023-03-21 11:37:48', '2023-03-21 11:37:48'),
(127, 'consequatur', 16, '2023-03-21 11:37:48', '2023-03-21 11:37:48'),
(128, 'iure', 16, '2023-03-21 11:37:48', '2023-03-21 11:37:48'),
(129, 'adipisci', 17, '2023-03-21 11:37:48', '2023-03-21 11:37:48'),
(130, 'facilis', 17, '2023-03-21 11:37:48', '2023-03-21 11:37:48'),
(131, 'sint', 17, '2023-03-21 11:37:48', '2023-03-21 11:37:48'),
(132, 'repellendus', 17, '2023-03-21 11:37:48', '2023-03-21 11:37:48'),
(133, 'doloremque', 17, '2023-03-21 11:37:48', '2023-03-21 11:37:48'),
(134, 'ut', 17, '2023-03-21 11:37:48', '2023-03-21 11:37:48'),
(135, 'odit', 17, '2023-03-21 11:37:48', '2023-03-21 11:37:48'),
(136, 'odio', 17, '2023-03-21 11:37:48', '2023-03-21 11:37:48'),
(137, 'impedit', 18, '2023-03-21 11:37:48', '2023-03-21 11:37:48'),
(138, 'ullam', 18, '2023-03-21 11:37:48', '2023-03-21 11:37:48'),
(139, 'omnis', 18, '2023-03-21 11:37:48', '2023-03-21 11:37:48'),
(140, 'sapiente', 18, '2023-03-21 11:37:48', '2023-03-21 11:37:48'),
(141, 'adipisci', 18, '2023-03-21 11:37:48', '2023-03-21 11:37:48'),
(142, 'minima', 18, '2023-03-21 11:37:48', '2023-03-21 11:37:48'),
(143, 'voluptas', 18, '2023-03-21 11:37:48', '2023-03-21 11:37:48'),
(144, 'saepe', 18, '2023-03-21 11:37:48', '2023-03-21 11:37:48'),
(145, 'amet', 19, '2023-03-21 11:37:48', '2023-03-21 11:37:48'),
(146, 'rerum', 19, '2023-03-21 11:37:48', '2023-03-21 11:37:48'),
(147, 'ut', 19, '2023-03-21 11:37:48', '2023-03-21 11:37:48'),
(148, 'fuga', 19, '2023-03-21 11:37:48', '2023-03-21 11:37:48'),
(149, 'ut', 19, '2023-03-21 11:37:48', '2023-03-21 11:37:48'),
(150, 'laudantium', 19, '2023-03-21 11:37:48', '2023-03-21 11:37:48'),
(151, 'laborum', 19, '2023-03-21 11:37:48', '2023-03-21 11:37:48'),
(152, 'impedit', 19, '2023-03-21 11:37:48', '2023-03-21 11:37:48'),
(153, 'sapiente', 20, '2023-03-21 11:37:48', '2023-03-21 11:37:48'),
(154, 'velit', 20, '2023-03-21 11:37:48', '2023-03-21 11:37:48'),
(155, 'modi', 20, '2023-03-21 11:37:48', '2023-03-21 11:37:48'),
(156, 'quia', 20, '2023-03-21 11:37:48', '2023-03-21 11:37:48'),
(157, 'quia', 20, '2023-03-21 11:37:48', '2023-03-21 11:37:48'),
(158, 'expedita', 20, '2023-03-21 11:37:48', '2023-03-21 11:37:48'),
(159, 'nobis', 20, '2023-03-21 11:37:48', '2023-03-21 11:37:48'),
(160, 'fugiat', 20, '2023-03-21 11:37:48', '2023-03-21 11:37:48'),
(161, 'similique', 21, '2023-03-21 11:37:48', '2023-03-21 11:37:48'),
(162, 'qui', 21, '2023-03-21 11:37:48', '2023-03-21 11:37:48'),
(163, 'rerum', 21, '2023-03-21 11:37:48', '2023-03-21 11:37:48'),
(164, 'porro', 21, '2023-03-21 11:37:48', '2023-03-21 11:37:48'),
(165, 'neque', 21, '2023-03-21 11:37:48', '2023-03-21 11:37:48'),
(166, 'nihil', 21, '2023-03-21 11:37:48', '2023-03-21 11:37:48'),
(167, 'iusto', 21, '2023-03-21 11:37:48', '2023-03-21 11:37:48'),
(168, 'reiciendis', 21, '2023-03-21 11:37:48', '2023-03-21 11:37:48'),
(169, 'tempore', 22, '2023-03-21 11:37:48', '2023-03-21 11:37:48'),
(170, 'sint', 22, '2023-03-21 11:37:48', '2023-03-21 11:37:48'),
(171, 'esse', 22, '2023-03-21 11:37:48', '2023-03-21 11:37:48'),
(172, 'laboriosam', 22, '2023-03-21 11:37:48', '2023-03-21 11:37:48'),
(173, 'rerum', 22, '2023-03-21 11:37:48', '2023-03-21 11:37:48'),
(174, 'accusamus', 22, '2023-03-21 11:37:48', '2023-03-21 11:37:48'),
(175, 'sit', 22, '2023-03-21 11:37:48', '2023-03-21 11:37:48'),
(176, 'at', 22, '2023-03-21 11:37:48', '2023-03-21 11:37:48'),
(177, 'quia', 23, '2023-03-21 11:37:48', '2023-03-21 11:37:48'),
(178, 'ut', 23, '2023-03-21 11:37:48', '2023-03-21 11:37:48'),
(179, 'aliquam', 23, '2023-03-21 11:37:48', '2023-03-21 11:37:48'),
(180, 'omnis', 23, '2023-03-21 11:37:48', '2023-03-21 11:37:48'),
(181, 'explicabo', 23, '2023-03-21 11:37:48', '2023-03-21 11:37:48'),
(182, 'ex', 23, '2023-03-21 11:37:48', '2023-03-21 11:37:48'),
(183, 'omnis', 23, '2023-03-21 11:37:48', '2023-03-21 11:37:48'),
(184, 'optio', 23, '2023-03-21 11:37:48', '2023-03-21 11:37:48'),
(185, 'vel', 24, '2023-03-21 11:37:48', '2023-03-21 11:37:48'),
(186, 'et', 24, '2023-03-21 11:37:48', '2023-03-21 11:37:48'),
(187, 'veritatis', 24, '2023-03-21 11:37:48', '2023-03-21 11:37:48'),
(188, 'ut', 24, '2023-03-21 11:37:48', '2023-03-21 11:37:48'),
(189, 'quo', 24, '2023-03-21 11:37:48', '2023-03-21 11:37:48'),
(190, 'omnis', 24, '2023-03-21 11:37:48', '2023-03-21 11:37:48'),
(191, 'eum', 24, '2023-03-21 11:37:48', '2023-03-21 11:37:48'),
(192, 'fugit', 24, '2023-03-21 11:37:48', '2023-03-21 11:37:48'),
(193, 'impedit', 25, '2023-03-21 11:37:48', '2023-03-21 11:37:48'),
(194, 'aut', 25, '2023-03-21 11:37:48', '2023-03-21 11:37:48'),
(195, 'ipsam', 25, '2023-03-21 11:37:48', '2023-03-21 11:37:48'),
(196, 'architecto', 25, '2023-03-21 11:37:48', '2023-03-21 11:37:48'),
(197, 'sit', 25, '2023-03-21 11:37:48', '2023-03-21 11:37:48'),
(198, 'inventore', 25, '2023-03-21 11:37:48', '2023-03-21 11:37:48'),
(199, 'quasi', 25, '2023-03-21 11:37:48', '2023-03-21 11:37:48'),
(200, 'deserunt', 25, '2023-03-21 11:37:48', '2023-03-21 11:37:48'),
(201, 'eos', 26, '2023-03-21 11:37:48', '2023-03-21 11:37:48'),
(202, 'et', 26, '2023-03-21 11:37:48', '2023-03-21 11:37:48'),
(203, 'ut', 26, '2023-03-21 11:37:48', '2023-03-21 11:37:48'),
(204, 'aut', 26, '2023-03-21 11:37:48', '2023-03-21 11:37:48'),
(205, 'nesciunt', 26, '2023-03-21 11:37:48', '2023-03-21 11:37:48'),
(206, 'et', 26, '2023-03-21 11:37:48', '2023-03-21 11:37:48'),
(207, 'et', 26, '2023-03-21 11:37:48', '2023-03-21 11:37:48'),
(208, 'et', 26, '2023-03-21 11:37:48', '2023-03-21 11:37:48'),
(209, 'aliquid', 27, '2023-03-21 11:37:48', '2023-03-21 11:37:48'),
(210, 'sint', 27, '2023-03-21 11:37:48', '2023-03-21 11:37:48'),
(211, 'sequi', 27, '2023-03-21 11:37:48', '2023-03-21 11:37:48'),
(212, 'dolorem', 27, '2023-03-21 11:37:48', '2023-03-21 11:37:48'),
(213, 'a', 27, '2023-03-21 11:37:48', '2023-03-21 11:37:48'),
(214, 'sunt', 27, '2023-03-21 11:37:48', '2023-03-21 11:37:48'),
(215, 'quam', 27, '2023-03-21 11:37:48', '2023-03-21 11:37:48'),
(216, 'et', 27, '2023-03-21 11:37:48', '2023-03-21 11:37:48'),
(217, 'accusantium', 28, '2023-03-21 11:37:48', '2023-03-21 11:37:48'),
(218, 'cum', 28, '2023-03-21 11:37:48', '2023-03-21 11:37:48'),
(219, 'iusto', 28, '2023-03-21 11:37:48', '2023-03-21 11:37:48'),
(220, 'modi', 28, '2023-03-21 11:37:48', '2023-03-21 11:37:48'),
(221, 'quidem', 28, '2023-03-21 11:37:48', '2023-03-21 11:37:48'),
(222, 'est', 28, '2023-03-21 11:37:48', '2023-03-21 11:37:48'),
(223, 'et', 28, '2023-03-21 11:37:48', '2023-03-21 11:37:48'),
(224, 'consectetur', 28, '2023-03-21 11:37:48', '2023-03-21 11:37:48'),
(225, 'ut', 29, '2023-03-21 11:37:48', '2023-03-21 11:37:48'),
(226, 'omnis', 29, '2023-03-21 11:37:48', '2023-03-21 11:37:48'),
(227, 'nulla', 29, '2023-03-21 11:37:48', '2023-03-21 11:37:48'),
(228, 'et', 29, '2023-03-21 11:37:48', '2023-03-21 11:37:48'),
(229, 'eos', 29, '2023-03-21 11:37:48', '2023-03-21 11:37:48'),
(230, 'quod', 29, '2023-03-21 11:37:48', '2023-03-21 11:37:48'),
(231, 'rerum', 29, '2023-03-21 11:37:48', '2023-03-21 11:37:48'),
(232, 'dolorem', 29, '2023-03-21 11:37:48', '2023-03-21 11:37:48'),
(233, 'officia', 30, '2023-03-21 11:37:48', '2023-03-21 11:37:48'),
(234, 'sit', 30, '2023-03-21 11:37:48', '2023-03-21 11:37:48'),
(235, 'labore', 30, '2023-03-21 11:37:48', '2023-03-21 11:37:48'),
(236, 'dignissimos', 30, '2023-03-21 11:37:48', '2023-03-21 11:37:48'),
(237, 'quae', 30, '2023-03-21 11:37:48', '2023-03-21 11:37:48'),
(238, 'omnis', 30, '2023-03-21 11:37:48', '2023-03-21 11:37:48'),
(239, 'quia', 30, '2023-03-21 11:37:48', '2023-03-21 11:37:48'),
(240, 'inventore', 30, '2023-03-21 11:37:48', '2023-03-21 11:37:48'),
(241, 'tempora', 31, '2023-03-21 11:37:48', '2023-03-21 11:37:48'),
(242, 'amet', 31, '2023-03-21 11:37:48', '2023-03-21 11:37:48'),
(243, 'aut', 31, '2023-03-21 11:37:48', '2023-03-21 11:37:48'),
(244, 'eum', 31, '2023-03-21 11:37:48', '2023-03-21 11:37:48'),
(245, 'soluta', 31, '2023-03-21 11:37:48', '2023-03-21 11:37:48'),
(246, 'et', 31, '2023-03-21 11:37:48', '2023-03-21 11:37:48'),
(247, 'inventore', 31, '2023-03-21 11:37:48', '2023-03-21 11:37:48'),
(248, 'aliquam', 31, '2023-03-21 11:37:48', '2023-03-21 11:37:48'),
(249, 'voluptatem', 32, '2023-03-21 11:37:48', '2023-03-21 11:37:48'),
(250, 'libero', 32, '2023-03-21 11:37:48', '2023-03-21 11:37:48'),
(251, 'et', 32, '2023-03-21 11:37:48', '2023-03-21 11:37:48'),
(252, 'placeat', 32, '2023-03-21 11:37:48', '2023-03-21 11:37:48'),
(253, 'et', 32, '2023-03-21 11:37:48', '2023-03-21 11:37:48'),
(254, 'excepturi', 32, '2023-03-21 11:37:48', '2023-03-21 11:37:48'),
(255, 'repellendus', 32, '2023-03-21 11:37:48', '2023-03-21 11:37:48'),
(256, 'et', 32, '2023-03-21 11:37:48', '2023-03-21 11:37:48'),
(257, 'voluptas', 33, '2023-03-21 11:37:48', '2023-03-21 11:37:48'),
(258, 'laboriosam', 33, '2023-03-21 11:37:48', '2023-03-21 11:37:48'),
(259, 'consequatur', 33, '2023-03-21 11:37:48', '2023-03-21 11:37:48'),
(260, 'debitis', 33, '2023-03-21 11:37:48', '2023-03-21 11:37:48'),
(261, 'quos', 33, '2023-03-21 11:37:48', '2023-03-21 11:37:48'),
(262, 'mollitia', 33, '2023-03-21 11:37:48', '2023-03-21 11:37:48'),
(263, 'labore', 33, '2023-03-21 11:37:48', '2023-03-21 11:37:48'),
(264, 'atque', 33, '2023-03-21 11:37:48', '2023-03-21 11:37:48'),
(265, 'est', 34, '2023-03-21 11:37:48', '2023-03-21 11:37:48'),
(266, 'quo', 34, '2023-03-21 11:37:48', '2023-03-21 11:37:48'),
(267, 'rem', 34, '2023-03-21 11:37:48', '2023-03-21 11:37:48'),
(268, 'et', 34, '2023-03-21 11:37:48', '2023-03-21 11:37:48'),
(269, 'aut', 34, '2023-03-21 11:37:48', '2023-03-21 11:37:48'),
(270, 'eum', 34, '2023-03-21 11:37:48', '2023-03-21 11:37:48'),
(271, 'sed', 34, '2023-03-21 11:37:48', '2023-03-21 11:37:48'),
(272, 'ea', 34, '2023-03-21 11:37:48', '2023-03-21 11:37:48'),
(273, 'vel', 35, '2023-03-21 11:37:48', '2023-03-21 11:37:48'),
(274, 'aut', 35, '2023-03-21 11:37:48', '2023-03-21 11:37:48'),
(275, 'facere', 35, '2023-03-21 11:37:48', '2023-03-21 11:37:48'),
(276, 'aut', 35, '2023-03-21 11:37:48', '2023-03-21 11:37:48'),
(277, 'consequuntur', 35, '2023-03-21 11:37:48', '2023-03-21 11:37:48'),
(278, 'ut', 35, '2023-03-21 11:37:48', '2023-03-21 11:37:48'),
(279, 'dignissimos', 35, '2023-03-21 11:37:48', '2023-03-21 11:37:48'),
(280, 'quis', 35, '2023-03-21 11:37:48', '2023-03-21 11:37:48'),
(281, 'rerum', 36, '2023-03-21 11:37:48', '2023-03-21 11:37:48'),
(282, 'labore', 36, '2023-03-21 11:37:48', '2023-03-21 11:37:48'),
(283, 'velit', 36, '2023-03-21 11:37:48', '2023-03-21 11:37:48'),
(284, 'autem', 36, '2023-03-21 11:37:48', '2023-03-21 11:37:48'),
(285, 'qui', 36, '2023-03-21 11:37:48', '2023-03-21 11:37:48'),
(286, 'vero', 36, '2023-03-21 11:37:48', '2023-03-21 11:37:48'),
(287, 'quia', 36, '2023-03-21 11:37:48', '2023-03-21 11:37:48'),
(288, 'quia', 36, '2023-03-21 11:37:48', '2023-03-21 11:37:48'),
(289, 'neque', 37, '2023-03-21 11:37:48', '2023-03-21 11:37:48'),
(290, 'consequatur', 37, '2023-03-21 11:37:48', '2023-03-21 11:37:48'),
(291, 'iusto', 37, '2023-03-21 11:37:49', '2023-03-21 11:37:49'),
(292, 'fugiat', 37, '2023-03-21 11:37:49', '2023-03-21 11:37:49'),
(293, 'illo', 37, '2023-03-21 11:37:49', '2023-03-21 11:37:49'),
(294, 'quia', 37, '2023-03-21 11:37:49', '2023-03-21 11:37:49'),
(295, 'non', 37, '2023-03-21 11:37:49', '2023-03-21 11:37:49'),
(296, 'aspernatur', 37, '2023-03-21 11:37:49', '2023-03-21 11:37:49'),
(297, 'voluptatem', 38, '2023-03-21 11:37:49', '2023-03-21 11:37:49'),
(298, 'earum', 38, '2023-03-21 11:37:49', '2023-03-21 11:37:49'),
(299, 'rerum', 38, '2023-03-21 11:37:49', '2023-03-21 11:37:49'),
(300, 'molestiae', 38, '2023-03-21 11:37:49', '2023-03-21 11:37:49'),
(301, 'nesciunt', 38, '2023-03-21 11:37:49', '2023-03-21 11:37:49'),
(302, 'dicta', 38, '2023-03-21 11:37:49', '2023-03-21 11:37:49'),
(303, 'sit', 38, '2023-03-21 11:37:49', '2023-03-21 11:37:49'),
(304, 'qui', 38, '2023-03-21 11:37:49', '2023-03-21 11:37:49'),
(305, 'dolorum', 39, '2023-03-21 11:37:49', '2023-03-21 11:37:49'),
(306, 'ut', 39, '2023-03-21 11:37:49', '2023-03-21 11:37:49'),
(307, 'odio', 39, '2023-03-21 11:37:49', '2023-03-21 11:37:49'),
(308, 'qui', 39, '2023-03-21 11:37:49', '2023-03-21 11:37:49'),
(309, 'atque', 39, '2023-03-21 11:37:49', '2023-03-21 11:37:49'),
(310, 'nostrum', 39, '2023-03-21 11:37:49', '2023-03-21 11:37:49'),
(311, 'aliquam', 39, '2023-03-21 11:37:49', '2023-03-21 11:37:49'),
(312, 'laudantium', 39, '2023-03-21 11:37:49', '2023-03-21 11:37:49'),
(313, 'perspiciatis', 40, '2023-03-21 11:37:49', '2023-03-21 11:37:49'),
(314, 'sint', 40, '2023-03-21 11:37:49', '2023-03-21 11:37:49'),
(315, 'id', 40, '2023-03-21 11:37:49', '2023-03-21 11:37:49'),
(316, 'architecto', 40, '2023-03-21 11:37:49', '2023-03-21 11:37:49'),
(317, 'id', 40, '2023-03-21 11:37:49', '2023-03-21 11:37:49'),
(318, 'est', 40, '2023-03-21 11:37:49', '2023-03-21 11:37:49'),
(319, 'neque', 40, '2023-03-21 11:37:49', '2023-03-21 11:37:49'),
(320, 'ut', 40, '2023-03-21 11:37:49', '2023-03-21 11:37:49'),
(321, 'vel', 41, '2023-03-21 11:37:49', '2023-03-21 11:37:49'),
(322, 'quia', 41, '2023-03-21 11:37:49', '2023-03-21 11:37:49'),
(323, 'unde', 41, '2023-03-21 11:37:49', '2023-03-21 11:37:49'),
(324, 'labore', 41, '2023-03-21 11:37:49', '2023-03-21 11:37:49'),
(325, 'adipisci', 41, '2023-03-21 11:37:49', '2023-03-21 11:37:49'),
(326, 'deleniti', 41, '2023-03-21 11:37:49', '2023-03-21 11:37:49'),
(327, 'beatae', 41, '2023-03-21 11:37:49', '2023-03-21 11:37:49'),
(328, 'praesentium', 41, '2023-03-21 11:37:49', '2023-03-21 11:37:49'),
(329, 'facilis', 42, '2023-03-21 11:37:49', '2023-03-21 11:37:49'),
(330, 'hic', 42, '2023-03-21 11:37:49', '2023-03-21 11:37:49'),
(331, 'et', 42, '2023-03-21 11:37:49', '2023-03-21 11:37:49'),
(332, 'autem', 42, '2023-03-21 11:37:49', '2023-03-21 11:37:49'),
(333, 'soluta', 42, '2023-03-21 11:37:49', '2023-03-21 11:37:49'),
(334, 'quo', 42, '2023-03-21 11:37:49', '2023-03-21 11:37:49'),
(335, 'sint', 42, '2023-03-21 11:37:49', '2023-03-21 11:37:49'),
(336, 'nam', 42, '2023-03-21 11:37:49', '2023-03-21 11:37:49'),
(337, 'maiores', 43, '2023-03-21 11:37:49', '2023-03-21 11:37:49'),
(338, 'animi', 43, '2023-03-21 11:37:49', '2023-03-21 11:37:49'),
(339, 'eos', 43, '2023-03-21 11:37:49', '2023-03-21 11:37:49'),
(340, 'harum', 43, '2023-03-21 11:37:49', '2023-03-21 11:37:49'),
(341, 'corporis', 43, '2023-03-21 11:37:49', '2023-03-21 11:37:49'),
(342, 'iste', 43, '2023-03-21 11:37:49', '2023-03-21 11:37:49'),
(343, 'et', 43, '2023-03-21 11:37:49', '2023-03-21 11:37:49'),
(344, 'fugiat', 43, '2023-03-21 11:37:49', '2023-03-21 11:37:49'),
(345, 'beatae', 44, '2023-03-21 11:37:49', '2023-03-21 11:37:49'),
(346, 'distinctio', 44, '2023-03-21 11:37:49', '2023-03-21 11:37:49'),
(347, 'maxime', 44, '2023-03-21 11:37:49', '2023-03-21 11:37:49'),
(348, 'suscipit', 44, '2023-03-21 11:37:49', '2023-03-21 11:37:49'),
(349, 'quod', 44, '2023-03-21 11:37:49', '2023-03-21 11:37:49'),
(350, 'eligendi', 44, '2023-03-21 11:37:49', '2023-03-21 11:37:49'),
(351, 'tenetur', 44, '2023-03-21 11:37:49', '2023-03-21 11:37:49'),
(352, 'velit', 44, '2023-03-21 11:37:49', '2023-03-21 11:37:49'),
(353, 'dolorem', 45, '2023-03-21 11:37:49', '2023-03-21 11:37:49'),
(354, 'cum', 45, '2023-03-21 11:37:49', '2023-03-21 11:37:49'),
(355, 'quas', 45, '2023-03-21 11:37:49', '2023-03-21 11:37:49'),
(356, 'incidunt', 45, '2023-03-21 11:37:49', '2023-03-21 11:37:49'),
(357, 'temporibus', 45, '2023-03-21 11:37:49', '2023-03-21 11:37:49'),
(358, 'modi', 45, '2023-03-21 11:37:49', '2023-03-21 11:37:49'),
(359, 'est', 45, '2023-03-21 11:37:49', '2023-03-21 11:37:49'),
(360, 'quam', 45, '2023-03-21 11:37:49', '2023-03-21 11:37:49'),
(361, 'necessitatibus', 46, '2023-03-21 11:37:49', '2023-03-21 11:37:49'),
(362, 'hic', 46, '2023-03-21 11:37:49', '2023-03-21 11:37:49'),
(363, 'amet', 46, '2023-03-21 11:37:49', '2023-03-21 11:37:49'),
(364, 'voluptate', 46, '2023-03-21 11:37:49', '2023-03-21 11:37:49'),
(365, 'labore', 46, '2023-03-21 11:37:49', '2023-03-21 11:37:49'),
(366, 'et', 46, '2023-03-21 11:37:49', '2023-03-21 11:37:49'),
(367, 'et', 46, '2023-03-21 11:37:49', '2023-03-21 11:37:49'),
(368, 'repellat', 46, '2023-03-21 11:37:49', '2023-03-21 11:37:49'),
(369, 'dolor', 47, '2023-03-21 11:37:49', '2023-03-21 11:37:49'),
(370, 'iste', 47, '2023-03-21 11:37:49', '2023-03-21 11:37:49'),
(371, 'aliquam', 47, '2023-03-21 11:37:49', '2023-03-21 11:37:49'),
(372, 'consectetur', 47, '2023-03-21 11:37:49', '2023-03-21 11:37:49'),
(373, 'ex', 47, '2023-03-21 11:37:49', '2023-03-21 11:37:49'),
(374, 'sequi', 47, '2023-03-21 11:37:49', '2023-03-21 11:37:49'),
(375, 'molestias', 47, '2023-03-21 11:37:49', '2023-03-21 11:37:49'),
(376, 'debitis', 47, '2023-03-21 11:37:49', '2023-03-21 11:37:49'),
(377, 'similique', 48, '2023-03-21 11:37:49', '2023-03-21 11:37:49'),
(378, 'est', 48, '2023-03-21 11:37:49', '2023-03-21 11:37:49'),
(379, 'molestiae', 48, '2023-03-21 11:37:49', '2023-03-21 11:37:49'),
(380, 'quia', 48, '2023-03-21 11:37:49', '2023-03-21 11:37:49'),
(381, 'expedita', 48, '2023-03-21 11:37:49', '2023-03-21 11:37:49'),
(382, 'dolorum', 48, '2023-03-21 11:37:49', '2023-03-21 11:37:49'),
(383, 'consequatur', 48, '2023-03-21 11:37:49', '2023-03-21 11:37:49'),
(384, 'sed', 48, '2023-03-21 11:37:49', '2023-03-21 11:37:49'),
(385, 'cumque', 49, '2023-03-21 11:37:49', '2023-03-21 11:37:49'),
(386, 'quia', 49, '2023-03-21 11:37:49', '2023-03-21 11:37:49'),
(387, 'voluptas', 49, '2023-03-21 11:37:49', '2023-03-21 11:37:49'),
(388, 'perspiciatis', 49, '2023-03-21 11:37:49', '2023-03-21 11:37:49'),
(389, 'vel', 49, '2023-03-21 11:37:49', '2023-03-21 11:37:49'),
(390, 'cumque', 49, '2023-03-21 11:37:49', '2023-03-21 11:37:49'),
(391, 'illo', 49, '2023-03-21 11:37:49', '2023-03-21 11:37:49'),
(392, 'excepturi', 49, '2023-03-21 11:37:49', '2023-03-21 11:37:49'),
(393, 'ut', 50, '2023-03-21 11:37:49', '2023-03-21 11:37:49'),
(394, 'at', 50, '2023-03-21 11:37:49', '2023-03-21 11:37:49'),
(395, 'quos', 50, '2023-03-21 11:37:49', '2023-03-21 11:37:49'),
(396, 'cupiditate', 50, '2023-03-21 11:37:49', '2023-03-21 11:37:49'),
(397, 'ab', 50, '2023-03-21 11:37:49', '2023-03-21 11:37:49'),
(398, 'eum', 50, '2023-03-21 11:37:49', '2023-03-21 11:37:49'),
(399, 'aut', 50, '2023-03-21 11:37:49', '2023-03-21 11:37:49'),
(400, 'unde', 50, '2023-03-21 11:37:49', '2023-03-21 11:37:49'),
(401, 'sit', 51, '2023-03-21 11:37:49', '2023-03-21 11:37:49'),
(402, 'excepturi', 51, '2023-03-21 11:37:49', '2023-03-21 11:37:49'),
(403, 'voluptatum', 51, '2023-03-21 11:37:49', '2023-03-21 11:37:49'),
(404, 'ratione', 51, '2023-03-21 11:37:49', '2023-03-21 11:37:49'),
(405, 'quia', 51, '2023-03-21 11:37:49', '2023-03-21 11:37:49'),
(406, 'unde', 51, '2023-03-21 11:37:49', '2023-03-21 11:37:49'),
(407, 'voluptatem', 51, '2023-03-21 11:37:49', '2023-03-21 11:37:49'),
(408, 'fugit', 51, '2023-03-21 11:37:49', '2023-03-21 11:37:49'),
(409, 'aut', 52, '2023-03-21 11:37:49', '2023-03-21 11:37:49'),
(410, 'eos', 52, '2023-03-21 11:37:49', '2023-03-21 11:37:49'),
(411, 'alias', 52, '2023-03-21 11:37:49', '2023-03-21 11:37:49'),
(412, 'dolorem', 52, '2023-03-21 11:37:49', '2023-03-21 11:37:49'),
(413, 'rerum', 52, '2023-03-21 11:37:49', '2023-03-21 11:37:49'),
(414, 'laudantium', 52, '2023-03-21 11:37:49', '2023-03-21 11:37:49'),
(415, 'ut', 52, '2023-03-21 11:37:49', '2023-03-21 11:37:49'),
(416, 'ipsam', 52, '2023-03-21 11:37:49', '2023-03-21 11:37:49'),
(417, 'neque', 53, '2023-03-21 11:37:49', '2023-03-21 11:37:49'),
(418, 'officiis', 53, '2023-03-21 11:37:49', '2023-03-21 11:37:49'),
(419, 'magni', 53, '2023-03-21 11:37:49', '2023-03-21 11:37:49'),
(420, 'ipsum', 53, '2023-03-21 11:37:49', '2023-03-21 11:37:49'),
(421, 'earum', 53, '2023-03-21 11:37:49', '2023-03-21 11:37:49'),
(422, 'et', 53, '2023-03-21 11:37:49', '2023-03-21 11:37:49'),
(423, 'est', 53, '2023-03-21 11:37:49', '2023-03-21 11:37:49'),
(424, 'dolores', 53, '2023-03-21 11:37:49', '2023-03-21 11:37:49'),
(425, 'est', 54, '2023-03-21 11:37:49', '2023-03-21 11:37:49'),
(426, 'ut', 54, '2023-03-21 11:37:49', '2023-03-21 11:37:49'),
(427, 'fuga', 54, '2023-03-21 11:37:49', '2023-03-21 11:37:49'),
(428, 'blanditiis', 54, '2023-03-21 11:37:49', '2023-03-21 11:37:49'),
(429, 'laboriosam', 54, '2023-03-21 11:37:49', '2023-03-21 11:37:49'),
(430, 'ut', 54, '2023-03-21 11:37:49', '2023-03-21 11:37:49'),
(431, 'pariatur', 54, '2023-03-21 11:37:49', '2023-03-21 11:37:49'),
(432, 'et', 54, '2023-03-21 11:37:49', '2023-03-21 11:37:49'),
(433, 'ad', 55, '2023-03-21 11:37:49', '2023-03-21 11:37:49'),
(434, 'quia', 55, '2023-03-21 11:37:49', '2023-03-21 11:37:49'),
(435, 'qui', 55, '2023-03-21 11:37:49', '2023-03-21 11:37:49'),
(436, 'corporis', 55, '2023-03-21 11:37:49', '2023-03-21 11:37:49'),
(437, 'sed', 55, '2023-03-21 11:37:49', '2023-03-21 11:37:49'),
(438, 'ut', 55, '2023-03-21 11:37:49', '2023-03-21 11:37:49'),
(439, 'sint', 55, '2023-03-21 11:37:49', '2023-03-21 11:37:49'),
(440, 'aut', 55, '2023-03-21 11:37:49', '2023-03-21 11:37:49'),
(441, 'quia', 56, '2023-03-21 11:37:49', '2023-03-21 11:37:49'),
(442, 'soluta', 56, '2023-03-21 11:37:49', '2023-03-21 11:37:49'),
(443, 'inventore', 56, '2023-03-21 11:37:49', '2023-03-21 11:37:49'),
(444, 'natus', 56, '2023-03-21 11:37:49', '2023-03-21 11:37:49'),
(445, 'voluptatem', 56, '2023-03-21 11:37:49', '2023-03-21 11:37:49'),
(446, 'nesciunt', 56, '2023-03-21 11:37:49', '2023-03-21 11:37:49'),
(447, 'voluptatum', 56, '2023-03-21 11:37:49', '2023-03-21 11:37:49'),
(448, 'ut', 56, '2023-03-21 11:37:49', '2023-03-21 11:37:49'),
(449, 'rerum', 57, '2023-03-21 11:37:49', '2023-03-21 11:37:49'),
(450, 'accusantium', 57, '2023-03-21 11:37:49', '2023-03-21 11:37:49'),
(451, 'reprehenderit', 57, '2023-03-21 11:37:49', '2023-03-21 11:37:49'),
(452, 'ab', 57, '2023-03-21 11:37:49', '2023-03-21 11:37:49'),
(453, 'eos', 57, '2023-03-21 11:37:49', '2023-03-21 11:37:49'),
(454, 'deserunt', 57, '2023-03-21 11:37:49', '2023-03-21 11:37:49'),
(455, 'adipisci', 57, '2023-03-21 11:37:49', '2023-03-21 11:37:49'),
(456, 'repudiandae', 57, '2023-03-21 11:37:49', '2023-03-21 11:37:49'),
(457, 'alias', 58, '2023-03-21 11:37:49', '2023-03-21 11:37:49'),
(458, 'totam', 58, '2023-03-21 11:37:49', '2023-03-21 11:37:49'),
(459, 'nam', 58, '2023-03-21 11:37:49', '2023-03-21 11:37:49'),
(460, 'ut', 58, '2023-03-21 11:37:49', '2023-03-21 11:37:49'),
(461, 'commodi', 58, '2023-03-21 11:37:49', '2023-03-21 11:37:49'),
(462, 'quas', 58, '2023-03-21 11:37:49', '2023-03-21 11:37:49'),
(463, 'quae', 58, '2023-03-21 11:37:49', '2023-03-21 11:37:49'),
(464, 'esse', 58, '2023-03-21 11:37:49', '2023-03-21 11:37:49'),
(465, 'deserunt', 59, '2023-03-21 11:37:49', '2023-03-21 11:37:49'),
(466, 'rem', 59, '2023-03-21 11:37:49', '2023-03-21 11:37:49'),
(467, 'dolor', 59, '2023-03-21 11:37:49', '2023-03-21 11:37:49'),
(468, 'quaerat', 59, '2023-03-21 11:37:49', '2023-03-21 11:37:49'),
(469, 'deleniti', 59, '2023-03-21 11:37:49', '2023-03-21 11:37:49'),
(470, 'hic', 59, '2023-03-21 11:37:49', '2023-03-21 11:37:49'),
(471, 'laudantium', 59, '2023-03-21 11:37:49', '2023-03-21 11:37:49'),
(472, 'atque', 59, '2023-03-21 11:37:49', '2023-03-21 11:37:49'),
(473, 'assumenda', 60, '2023-03-21 11:37:49', '2023-03-21 11:37:49'),
(474, 'repellat', 60, '2023-03-21 11:37:49', '2023-03-21 11:37:49'),
(475, 'assumenda', 60, '2023-03-21 11:37:49', '2023-03-21 11:37:49'),
(476, 'velit', 60, '2023-03-21 11:37:49', '2023-03-21 11:37:49'),
(477, 'id', 60, '2023-03-21 11:37:49', '2023-03-21 11:37:49'),
(478, 'unde', 60, '2023-03-21 11:37:49', '2023-03-21 11:37:49'),
(479, 'laborum', 60, '2023-03-21 11:37:49', '2023-03-21 11:37:49'),
(480, 'eos', 60, '2023-03-21 11:37:49', '2023-03-21 11:37:49'),
(481, 'repellat', 61, '2023-03-21 11:37:49', '2023-03-21 11:37:49'),
(482, 'sequi', 61, '2023-03-21 11:37:49', '2023-03-21 11:37:49'),
(483, 'aut', 61, '2023-03-21 11:37:49', '2023-03-21 11:37:49'),
(484, 'nobis', 61, '2023-03-21 11:37:49', '2023-03-21 11:37:49'),
(485, 'ut', 61, '2023-03-21 11:37:49', '2023-03-21 11:37:49'),
(486, 'sequi', 61, '2023-03-21 11:37:49', '2023-03-21 11:37:49'),
(487, 'ex', 61, '2023-03-21 11:37:49', '2023-03-21 11:37:49'),
(488, 'ratione', 61, '2023-03-21 11:37:49', '2023-03-21 11:37:49'),
(489, 'blanditiis', 62, '2023-03-21 11:37:49', '2023-03-21 11:37:49'),
(490, 'dicta', 62, '2023-03-21 11:37:49', '2023-03-21 11:37:49'),
(491, 'alias', 62, '2023-03-21 11:37:49', '2023-03-21 11:37:49'),
(492, 'itaque', 62, '2023-03-21 11:37:49', '2023-03-21 11:37:49'),
(493, 'ipsam', 62, '2023-03-21 11:37:49', '2023-03-21 11:37:49'),
(494, 'sunt', 62, '2023-03-21 11:37:49', '2023-03-21 11:37:49'),
(495, 'at', 62, '2023-03-21 11:37:49', '2023-03-21 11:37:49'),
(496, 'magni', 62, '2023-03-21 11:37:49', '2023-03-21 11:37:49'),
(497, 'sapiente', 63, '2023-03-21 11:37:49', '2023-03-21 11:37:49'),
(498, 'sit', 63, '2023-03-21 11:37:49', '2023-03-21 11:37:49'),
(499, 'deserunt', 63, '2023-03-21 11:37:49', '2023-03-21 11:37:49'),
(500, 'qui', 63, '2023-03-21 11:37:49', '2023-03-21 11:37:49'),
(501, 'adipisci', 63, '2023-03-21 11:37:49', '2023-03-21 11:37:49'),
(502, 'quasi', 63, '2023-03-21 11:37:49', '2023-03-21 11:37:49'),
(503, 'dolores', 63, '2023-03-21 11:37:49', '2023-03-21 11:37:49'),
(504, 'in', 63, '2023-03-21 11:37:49', '2023-03-21 11:37:49'),
(505, 'natus', 64, '2023-03-21 11:37:49', '2023-03-21 11:37:49'),
(506, 'praesentium', 64, '2023-03-21 11:37:49', '2023-03-21 11:37:49'),
(507, 'non', 64, '2023-03-21 11:37:49', '2023-03-21 11:37:49'),
(508, 'non', 64, '2023-03-21 11:37:49', '2023-03-21 11:37:49'),
(509, 'est', 64, '2023-03-21 11:37:49', '2023-03-21 11:37:49'),
(510, 'quaerat', 64, '2023-03-21 11:37:49', '2023-03-21 11:37:49'),
(511, 'quo', 64, '2023-03-21 11:37:49', '2023-03-21 11:37:49'),
(512, 'accusamus', 64, '2023-03-21 11:37:49', '2023-03-21 11:37:49');

-- --------------------------------------------------------

--
-- Estructura de tabla para la tabla `failed_jobs`
--

CREATE TABLE `failed_jobs` (
  `id` bigint UNSIGNED NOT NULL,
  `uuid` varchar(255) COLLATE utf8mb4_unicode_ci NOT NULL,
  `connection` text COLLATE utf8mb4_unicode_ci NOT NULL,
  `queue` text COLLATE utf8mb4_unicode_ci NOT NULL,
  `payload` longtext COLLATE utf8mb4_unicode_ci NOT NULL,
  `exception` longtext COLLATE utf8mb4_unicode_ci NOT NULL,
  `failed_at` timestamp NOT NULL DEFAULT CURRENT_TIMESTAMP
) ENGINE=InnoDB DEFAULT CHARSET=utf8mb4 COLLATE=utf8mb4_unicode_ci;

-- --------------------------------------------------------

--
-- Estructura de tabla para la tabla `images`
--

CREATE TABLE `images` (
  `id` bigint UNSIGNED NOT NULL,
  `url` varchar(255) COLLATE utf8mb4_unicode_ci NOT NULL,
  `imageable_id` bigint UNSIGNED NOT NULL,
  `imageable_type` varchar(255) COLLATE utf8mb4_unicode_ci NOT NULL,
  `created_at` timestamp NULL DEFAULT NULL,
  `updated_at` timestamp NULL DEFAULT NULL
) ENGINE=InnoDB DEFAULT CHARSET=utf8mb4 COLLATE=utf8mb4_unicode_ci;

--
-- Volcado de datos para la tabla `images`
--

INSERT INTO `images` (`id`, `url`, `imageable_id`, `imageable_type`, `created_at`, `updated_at`) VALUES
(1, 'products/b0a8b74e33b05043e5ee1b65f19a7916.jpg', 1, 'App\\Models\\Product', '2023-03-21 11:34:24', '2023-03-21 11:34:24'),
(2, 'products/467e3468a75011187aa509a8b9fe1f98.jpg', 1, 'App\\Models\\Product', '2023-03-21 11:34:24', '2023-03-21 11:34:24'),
(3, 'products/f7675af32c3c3e55f801e855617a9666.jpg', 1, 'App\\Models\\Product', '2023-03-21 11:34:24', '2023-03-21 11:34:24'),
(4, 'products/61ac9af4f206bd4707d33b1cb660cb1c.jpg', 1, 'App\\Models\\Product', '2023-03-21 11:34:24', '2023-03-21 11:34:24'),
(5, 'products/7aebd357660573e7098331ebed8bd9d0.jpg', 2, 'App\\Models\\Product', '2023-03-21 11:34:25', '2023-03-21 11:34:25'),
(6, 'products/db43b41e3ff86115b2e73972b423e34f.jpg', 2, 'App\\Models\\Product', '2023-03-21 11:34:25', '2023-03-21 11:34:25'),
(7, 'products/122696f7951a335f2f81950e4faad49e.jpg', 2, 'App\\Models\\Product', '2023-03-21 11:34:25', '2023-03-21 11:34:25'),
(8, 'products/58b2307a2ebf961f6ce4c999a5384e16.jpg', 2, 'App\\Models\\Product', '2023-03-21 11:34:25', '2023-03-21 11:34:25'),
(9, 'products/f8d578ae49720d191b47aea957293b6b.jpg', 3, 'App\\Models\\Product', '2023-03-21 11:34:26', '2023-03-21 11:34:26'),
(10, 'products/a762296b26ffd0e6b606eee637c05b43.jpg', 3, 'App\\Models\\Product', '2023-03-21 11:34:26', '2023-03-21 11:34:26'),
(11, 'products/a8d02400fb2d2bca5744d5e85a0baa2e.jpg', 3, 'App\\Models\\Product', '2023-03-21 11:34:26', '2023-03-21 11:34:26'),
(12, 'products/948c4c1eb4acc33483b7ae45c3d63d95.jpg', 3, 'App\\Models\\Product', '2023-03-21 11:34:26', '2023-03-21 11:34:26'),
(13, 'products/7fed3a26a07cddbbebf708111d249125.jpg', 4, 'App\\Models\\Product', '2023-03-21 11:34:27', '2023-03-21 11:34:27'),
(14, 'products/887cf2ba837e132ae01e719922a251a4.jpg', 4, 'App\\Models\\Product', '2023-03-21 11:34:27', '2023-03-21 11:34:27'),
(15, 'products/a4861346f73f962e733c089cdb3adfe0.jpg', 4, 'App\\Models\\Product', '2023-03-21 11:34:27', '2023-03-21 11:34:27'),
(16, 'products/176f1d5b24964dbf72a4f7526a261e6c.jpg', 4, 'App\\Models\\Product', '2023-03-21 11:34:27', '2023-03-21 11:34:27'),
(17, 'products/667501a7830d01949f97f9534cd0a23b.jpg', 5, 'App\\Models\\Product', '2023-03-21 11:34:28', '2023-03-21 11:34:28'),
(18, 'products/a04a24d76206ec7ca747ad5cc84cbd8f.jpg', 5, 'App\\Models\\Product', '2023-03-21 11:34:28', '2023-03-21 11:34:28'),
(19, 'products/9da1afe67551bc3a18513b737d800b53.jpg', 5, 'App\\Models\\Product', '2023-03-21 11:34:28', '2023-03-21 11:34:28'),
(20, 'products/047d5de24bbe970b2c5ab510b8e757f1.jpg', 5, 'App\\Models\\Product', '2023-03-21 11:34:28', '2023-03-21 11:34:28'),
(21, 'products/ef1bef3afeb7ee8d35fdf6060d6c060d.jpg', 6, 'App\\Models\\Product', '2023-03-21 11:34:28', '2023-03-21 11:34:28'),
(22, 'products/1bb26b649e619a2ef258690d9d83d3b8.jpg', 6, 'App\\Models\\Product', '2023-03-21 11:34:28', '2023-03-21 11:34:28'),
(23, 'products/592ef272f9b598b903f10cbdeaa40714.jpg', 6, 'App\\Models\\Product', '2023-03-21 11:34:28', '2023-03-21 11:34:28'),
(24, 'products/7c1369f8a47e3c72fe1766dfe1d344af.jpg', 6, 'App\\Models\\Product', '2023-03-21 11:34:28', '2023-03-21 11:34:28'),
(25, 'products/2ff3e9b21201729d3a8558f50d4f787b.jpg', 7, 'App\\Models\\Product', '2023-03-21 11:34:29', '2023-03-21 11:34:29'),
(26, 'products/12ae150dfa968f60a8ac0ef172672a34.jpg', 7, 'App\\Models\\Product', '2023-03-21 11:34:29', '2023-03-21 11:34:29'),
(27, 'products/8f7aa7ad382ae3e1bc744e2756351037.jpg', 7, 'App\\Models\\Product', '2023-03-21 11:34:29', '2023-03-21 11:34:29'),
(28, 'products/cd239178655f12a6498d9867eed810f2.jpg', 7, 'App\\Models\\Product', '2023-03-21 11:34:29', '2023-03-21 11:34:29'),
(29, 'products/e426c23d8d16cb749b0b7e3ac228f42d.jpg', 8, 'App\\Models\\Product', '2023-03-21 11:34:30', '2023-03-21 11:34:30'),
(30, 'products/5ad524c7e66fa6bc7d5c5e69b4806f08.jpg', 8, 'App\\Models\\Product', '2023-03-21 11:34:30', '2023-03-21 11:34:30'),
(31, 'products/0492bf6b5a678af1221d907890701aef.jpg', 8, 'App\\Models\\Product', '2023-03-21 11:34:30', '2023-03-21 11:34:30'),
(32, 'products/8f4698ee66bafe4f5c5e11d6c17a1da1.jpg', 8, 'App\\Models\\Product', '2023-03-21 11:34:30', '2023-03-21 11:34:30'),
(33, 'products/a0923c6dd9712e8749a82d59d961260d.jpg', 9, 'App\\Models\\Product', '2023-03-21 11:34:31', '2023-03-21 11:34:31'),
(34, 'products/b9636aadccb350615433763c1cd8258a.jpg', 9, 'App\\Models\\Product', '2023-03-21 11:34:31', '2023-03-21 11:34:31'),
(35, 'products/e7cf30d7b20381111e1ef2c9df625beb.jpg', 9, 'App\\Models\\Product', '2023-03-21 11:34:31', '2023-03-21 11:34:31'),
(36, 'products/ec78afeb35f96affc748867a6805236c.jpg', 9, 'App\\Models\\Product', '2023-03-21 11:34:31', '2023-03-21 11:34:31'),
(37, 'products/a45dde14e7211f8b44e96c94ce6451ae.jpg', 10, 'App\\Models\\Product', '2023-03-21 11:34:31', '2023-03-21 11:34:31'),
(38, 'products/2a4586c8cb53f13869a1bde79ea0c4ca.jpg', 10, 'App\\Models\\Product', '2023-03-21 11:34:31', '2023-03-21 11:34:31'),
(39, 'products/71602b9bd40bcfafb9c4aa0da599ce79.jpg', 10, 'App\\Models\\Product', '2023-03-21 11:34:31', '2023-03-21 11:34:31'),
(40, 'products/f7117ba5e8d83ede99585c7462402c55.jpg', 10, 'App\\Models\\Product', '2023-03-21 11:34:31', '2023-03-21 11:34:31'),
(41, 'products/1ffbee1b2448cc2e16f961aeeae10193.jpg', 11, 'App\\Models\\Product', '2023-03-21 11:34:32', '2023-03-21 11:34:32'),
(42, 'products/4397b3ef809bb2c41e7bca00cf2c1a28.jpg', 11, 'App\\Models\\Product', '2023-03-21 11:34:32', '2023-03-21 11:34:32'),
(43, 'products/4ec481770a6ef035b5a14ded3647d2fc.jpg', 11, 'App\\Models\\Product', '2023-03-21 11:34:32', '2023-03-21 11:34:32'),
(44, 'products/b5b362d4d5591fff2d228484e4d0687c.jpg', 11, 'App\\Models\\Product', '2023-03-21 11:34:32', '2023-03-21 11:34:32'),
(45, 'products/38e67c0c092f96d790ccc601b040247f.jpg', 12, 'App\\Models\\Product', '2023-03-21 11:34:33', '2023-03-21 11:34:33'),
(46, 'products/c87beef9bac55e296a0d2aea130563ba.jpg', 12, 'App\\Models\\Product', '2023-03-21 11:34:33', '2023-03-21 11:34:33'),
(47, 'products/c19017f2007c981928e13b65d23f393e.jpg', 12, 'App\\Models\\Product', '2023-03-21 11:34:33', '2023-03-21 11:34:33'),
(48, 'products/bc25001d3f25c9842d0e6e639d365503.jpg', 12, 'App\\Models\\Product', '2023-03-21 11:34:33', '2023-03-21 11:34:33'),
(49, 'products/8fb25ce45ea0df463d2af80a32b263d0.jpg', 13, 'App\\Models\\Product', '2023-03-21 11:34:34', '2023-03-21 11:34:34'),
(50, 'products/a6149f0117142850e84c0d76688c7e9a.jpg', 13, 'App\\Models\\Product', '2023-03-21 11:34:34', '2023-03-21 11:34:34'),
(51, 'products/13e2b284cd1806a1d8f19754cbb6c1f5.jpg', 13, 'App\\Models\\Product', '2023-03-21 11:34:34', '2023-03-21 11:34:34'),
(52, 'products/6d2a6476446d1db461bfef9715d7172e.jpg', 13, 'App\\Models\\Product', '2023-03-21 11:34:34', '2023-03-21 11:34:34'),
(53, 'products/2fbb705bfd1a33f4b07794673fd07e3c.jpg', 14, 'App\\Models\\Product', '2023-03-21 11:34:34', '2023-03-21 11:34:34'),
(54, 'products/5b6085e50c6c1591c9afb5b529406d4f.jpg', 14, 'App\\Models\\Product', '2023-03-21 11:34:34', '2023-03-21 11:34:34'),
(55, 'products/84da3f4cb5c6e01e5b1c85938d08ec9c.jpg', 14, 'App\\Models\\Product', '2023-03-21 11:34:34', '2023-03-21 11:34:34'),
(56, 'products/0e6b8cfee8d1aa76b141a80464b30bae.jpg', 14, 'App\\Models\\Product', '2023-03-21 11:34:34', '2023-03-21 11:34:34'),
(57, 'products/7107eb06941bb2d6b19f42a65bdedde5.jpg', 15, 'App\\Models\\Product', '2023-03-21 11:34:35', '2023-03-21 11:34:35'),
(58, 'products/541c68b7d2be94207033546f27e488cd.jpg', 15, 'App\\Models\\Product', '2023-03-21 11:34:35', '2023-03-21 11:34:35'),
(59, 'products/46d9269f4d0692474e6f8348dfb2d776.jpg', 15, 'App\\Models\\Product', '2023-03-21 11:34:35', '2023-03-21 11:34:35'),
(60, 'products/4e5f46d96ee4cf34c0358d55934405b2.jpg', 15, 'App\\Models\\Product', '2023-03-21 11:34:35', '2023-03-21 11:34:35'),
(61, 'products/07ae1f2cd48ec84d72ed486abc9759fa.jpg', 16, 'App\\Models\\Product', '2023-03-21 11:34:36', '2023-03-21 11:34:36'),
(62, 'products/799e3534e6b3662755371a61126814ca.jpg', 16, 'App\\Models\\Product', '2023-03-21 11:34:36', '2023-03-21 11:34:36'),
(63, 'products/230e522f32ed9c09c78a776d5d539313.jpg', 16, 'App\\Models\\Product', '2023-03-21 11:34:36', '2023-03-21 11:34:36'),
(64, 'products/0961810c4d2382fdaabcddcbbd3e261a.jpg', 16, 'App\\Models\\Product', '2023-03-21 11:34:36', '2023-03-21 11:34:36'),
(65, 'products/8e8f65a408b45737467854d4176d7ddc.jpg', 17, 'App\\Models\\Product', '2023-03-21 11:34:37', '2023-03-21 11:34:37'),
(66, 'products/44ecf8f894a524c920d9cb1c05eb1a28.jpg', 17, 'App\\Models\\Product', '2023-03-21 11:34:37', '2023-03-21 11:34:37'),
(67, 'products/1672adab6a851e202829c6a537571391.jpg', 17, 'App\\Models\\Product', '2023-03-21 11:34:37', '2023-03-21 11:34:37'),
(68, 'products/fffb8e80589e6c04e61e7b1af9b213f7.jpg', 17, 'App\\Models\\Product', '2023-03-21 11:34:37', '2023-03-21 11:34:37'),
(69, 'products/91c2e26fd82d3fd60c915c0453b9b9d9.jpg', 18, 'App\\Models\\Product', '2023-03-21 11:34:38', '2023-03-21 11:34:38'),
(70, 'products/4e094c7af027809bf8d6ec933e945ef0.jpg', 18, 'App\\Models\\Product', '2023-03-21 11:34:38', '2023-03-21 11:34:38'),
(71, 'products/a64ab7f94720b65f7406e52e2cad6ecf.jpg', 18, 'App\\Models\\Product', '2023-03-21 11:34:38', '2023-03-21 11:34:38'),
(72, 'products/37597797892d91312038bc4d368daa85.jpg', 18, 'App\\Models\\Product', '2023-03-21 11:34:38', '2023-03-21 11:34:38'),
(73, 'products/2429a21d218ae4efaac127a2e327b747.jpg', 19, 'App\\Models\\Product', '2023-03-21 11:34:38', '2023-03-21 11:34:38'),
(74, 'products/904816ba76d0bd4d2929d553a19910f7.jpg', 19, 'App\\Models\\Product', '2023-03-21 11:34:38', '2023-03-21 11:34:38'),
(75, 'products/077d90c3b97db8ad1065af3ea986f096.jpg', 19, 'App\\Models\\Product', '2023-03-21 11:34:38', '2023-03-21 11:34:38'),
(76, 'products/b28dd6207929ef519ded00e411284b17.jpg', 19, 'App\\Models\\Product', '2023-03-21 11:34:38', '2023-03-21 11:34:38'),
(77, 'products/32f6096a4b65fc3909728852183f4364.jpg', 20, 'App\\Models\\Product', '2023-03-21 11:34:39', '2023-03-21 11:34:39'),
(78, 'products/7e3c74d3f73e3b1c729e76c3536d0b0c.jpg', 20, 'App\\Models\\Product', '2023-03-21 11:34:39', '2023-03-21 11:34:39'),
(79, 'products/2abbf063cdc1efe80209ffd67bf3d633.jpg', 20, 'App\\Models\\Product', '2023-03-21 11:34:39', '2023-03-21 11:34:39'),
(80, 'products/fcf3b60e1def0c4bc27d051d10d4f825.jpg', 20, 'App\\Models\\Product', '2023-03-21 11:34:39', '2023-03-21 11:34:39'),
(81, 'products/532d2410aa7c1b6ac05cee994cd8083a.jpg', 21, 'App\\Models\\Product', '2023-03-21 11:34:40', '2023-03-21 11:34:40'),
(82, 'products/3e152edf39d2555fafe56312582e08ad.jpg', 21, 'App\\Models\\Product', '2023-03-21 11:34:40', '2023-03-21 11:34:40'),
(83, 'products/04bb00046a2ebb60c0bac31b2576f7c5.jpg', 21, 'App\\Models\\Product', '2023-03-21 11:34:40', '2023-03-21 11:34:40'),
(84, 'products/0aed7ead64aa6a567cf0684a2c67c894.jpg', 21, 'App\\Models\\Product', '2023-03-21 11:34:40', '2023-03-21 11:34:40'),
(85, 'products/69159518e51edfb6ae9145e8685741ce.jpg', 22, 'App\\Models\\Product', '2023-03-21 11:34:40', '2023-03-21 11:34:40'),
(86, 'products/ca4940141af97dc39bd2a04fcf74d3e8.jpg', 22, 'App\\Models\\Product', '2023-03-21 11:34:40', '2023-03-21 11:34:40'),
(87, 'products/0870089ea5bd0b81a282ddfeb7ff0089.jpg', 22, 'App\\Models\\Product', '2023-03-21 11:34:40', '2023-03-21 11:34:40'),
(88, 'products/36df3c0264484809c9290e8e235d6e8f.jpg', 22, 'App\\Models\\Product', '2023-03-21 11:34:40', '2023-03-21 11:34:40'),
(89, 'products/96bcf162e740dd9f842e12272b1171d1.jpg', 23, 'App\\Models\\Product', '2023-03-21 11:34:41', '2023-03-21 11:34:41'),
(90, 'products/0b41c743a5c897c799e1fcf51c2a37c9.jpg', 23, 'App\\Models\\Product', '2023-03-21 11:34:41', '2023-03-21 11:34:41'),
(91, 'products/db6a2e313c2e1572f56357a5eb30eed6.jpg', 23, 'App\\Models\\Product', '2023-03-21 11:34:41', '2023-03-21 11:34:41'),
(92, 'products/c82dc679ef35ecc9c833c9f07d5fd701.jpg', 23, 'App\\Models\\Product', '2023-03-21 11:34:41', '2023-03-21 11:34:41'),
(93, 'products/a7a4dc545f8bceb7aa2f462c5a8abd89.jpg', 24, 'App\\Models\\Product', '2023-03-21 11:34:42', '2023-03-21 11:34:42'),
(94, 'products/3cfae9e674374a18d15aad26e0232776.jpg', 24, 'App\\Models\\Product', '2023-03-21 11:34:42', '2023-03-21 11:34:42'),
(95, 'products/afb90af4d76cee3816b7760d01ef5979.jpg', 24, 'App\\Models\\Product', '2023-03-21 11:34:42', '2023-03-21 11:34:42'),
(96, 'products/5f2a1f1ef4225a9e727594679cb1e876.jpg', 24, 'App\\Models\\Product', '2023-03-21 11:34:42', '2023-03-21 11:34:42'),
(97, 'products/0fc373e3e90f4bbcbfd6f6a75d51ba8f.jpg', 25, 'App\\Models\\Product', '2023-03-21 11:34:43', '2023-03-21 11:34:43'),
(98, 'products/edce15c4d19fa180902eb4ac0f075ae9.jpg', 25, 'App\\Models\\Product', '2023-03-21 11:34:43', '2023-03-21 11:34:43'),
(99, 'products/9deaad67bdf6c7955f55f63998023891.jpg', 25, 'App\\Models\\Product', '2023-03-21 11:34:43', '2023-03-21 11:34:43'),
(100, 'products/737e2baac0c126134ca0769e43cb3ae8.jpg', 25, 'App\\Models\\Product', '2023-03-21 11:34:43', '2023-03-21 11:34:43'),
(101, 'products/fa0eeff12b16a47b347bff493cbd556e.jpg', 26, 'App\\Models\\Product', '2023-03-21 11:34:44', '2023-03-21 11:34:44'),
(102, 'products/76d0bc9b1c7c11a41687cda255f6f10c.jpg', 26, 'App\\Models\\Product', '2023-03-21 11:34:44', '2023-03-21 11:34:44'),
(103, 'products/58d36416f9199c24621260e6eaded6a6.jpg', 26, 'App\\Models\\Product', '2023-03-21 11:34:44', '2023-03-21 11:34:44'),
(104, 'products/a3df449138d0b87a24e62c288b7146f4.jpg', 26, 'App\\Models\\Product', '2023-03-21 11:34:44', '2023-03-21 11:34:44'),
(105, 'products/019f04abed2d90c4a6ffd6e104f5ae8c.jpg', 27, 'App\\Models\\Product', '2023-03-21 11:34:44', '2023-03-21 11:34:44'),
(106, 'products/72d4272ff5473096f2d1cb2e558597ba.jpg', 27, 'App\\Models\\Product', '2023-03-21 11:34:44', '2023-03-21 11:34:44'),
(107, 'products/4cff3bb0b540447422b7f63bebad1b8a.jpg', 27, 'App\\Models\\Product', '2023-03-21 11:34:44', '2023-03-21 11:34:44'),
(108, 'products/af570fe714dbff806e0b82cf65d5c167.jpg', 27, 'App\\Models\\Product', '2023-03-21 11:34:44', '2023-03-21 11:34:44'),
(109, 'products/cdace9c1b70d52c0a4f8eae187443202.jpg', 28, 'App\\Models\\Product', '2023-03-21 11:34:45', '2023-03-21 11:34:45'),
(110, 'products/31e976cfb65471d5ea30ae05be985c50.jpg', 28, 'App\\Models\\Product', '2023-03-21 11:34:45', '2023-03-21 11:34:45'),
(111, 'products/65d4146064a5a15730168a1928551af1.jpg', 28, 'App\\Models\\Product', '2023-03-21 11:34:45', '2023-03-21 11:34:45'),
(112, 'products/276927b4708765b651f6953f728705aa.jpg', 28, 'App\\Models\\Product', '2023-03-21 11:34:45', '2023-03-21 11:34:45'),
(113, 'products/3fade4755af63d72c9eeb71f5b3c0ae4.jpg', 29, 'App\\Models\\Product', '2023-03-21 11:34:46', '2023-03-21 11:34:46'),
(114, 'products/87af654f2cdc09a0193c47ca75527ec9.jpg', 29, 'App\\Models\\Product', '2023-03-21 11:34:46', '2023-03-21 11:34:46'),
(115, 'products/a70b1bce2e8bb63bbc9484665e7bd182.jpg', 29, 'App\\Models\\Product', '2023-03-21 11:34:46', '2023-03-21 11:34:46'),
(116, 'products/876c9e9012ca546a57053b27273329e8.jpg', 29, 'App\\Models\\Product', '2023-03-21 11:34:46', '2023-03-21 11:34:46'),
(117, 'products/d1f659eb9b6d21e0068e4b18b2dda64a.jpg', 30, 'App\\Models\\Product', '2023-03-21 11:34:47', '2023-03-21 11:34:47'),
(118, 'products/39f1e85e069f681b37e0abd3f44d9ee7.jpg', 30, 'App\\Models\\Product', '2023-03-21 11:34:47', '2023-03-21 11:34:47'),
(119, 'products/048bc3c3bdad03dc970bc19220d51f1a.jpg', 30, 'App\\Models\\Product', '2023-03-21 11:34:47', '2023-03-21 11:34:47'),
(120, 'products/3f039c84cb25ca86b2657aad124c3d42.jpg', 30, 'App\\Models\\Product', '2023-03-21 11:34:47', '2023-03-21 11:34:47'),
(121, 'products/a721b357a9fab1829ae292abb94e4829.jpg', 31, 'App\\Models\\Product', '2023-03-21 11:34:47', '2023-03-21 11:34:47'),
(122, 'products/65210374385fa45d8a543807b9231c62.jpg', 31, 'App\\Models\\Product', '2023-03-21 11:34:47', '2023-03-21 11:34:47'),
(123, 'products/e10852e9a1374493f7421b0976de722c.jpg', 31, 'App\\Models\\Product', '2023-03-21 11:34:47', '2023-03-21 11:34:47'),
(124, 'products/a0778615a3f79d308079c3be45001c14.jpg', 31, 'App\\Models\\Product', '2023-03-21 11:34:47', '2023-03-21 11:34:47'),
(125, 'products/82dd2d045c350051ec6fdc8312f0e8d4.jpg', 32, 'App\\Models\\Product', '2023-03-21 11:34:48', '2023-03-21 11:34:48'),
(126, 'products/6c2d8bddcb49e9df4028ab2bbab094c5.jpg', 32, 'App\\Models\\Product', '2023-03-21 11:34:48', '2023-03-21 11:34:48'),
(127, 'products/f08cf24e9b736392935cfb6233dbe5f2.jpg', 32, 'App\\Models\\Product', '2023-03-21 11:34:48', '2023-03-21 11:34:48'),
(128, 'products/7d029f7fa834dae1e3c4a0ea084b2e87.jpg', 32, 'App\\Models\\Product', '2023-03-21 11:34:48', '2023-03-21 11:34:48'),
(129, 'products/c24ed690eb427059af02e58d83692061.jpg', 33, 'App\\Models\\Product', '2023-03-21 11:34:49', '2023-03-21 11:34:49'),
(130, 'products/f2d97ae8fc9fc5728dfabd88fd2dcdd6.jpg', 33, 'App\\Models\\Product', '2023-03-21 11:34:49', '2023-03-21 11:34:49'),
(131, 'products/6eae630cb551c93f795a47af5408b850.jpg', 33, 'App\\Models\\Product', '2023-03-21 11:34:49', '2023-03-21 11:34:49'),
(132, 'products/8444bf519ad5b12eaabd6e4d2704ef1e.jpg', 33, 'App\\Models\\Product', '2023-03-21 11:34:49', '2023-03-21 11:34:49'),
(133, 'products/2002dd63b350efabf05378801e605a88.jpg', 34, 'App\\Models\\Product', '2023-03-21 11:34:50', '2023-03-21 11:34:50'),
(134, 'products/cb867e1a510dc5c1eb944b96167445da.jpg', 34, 'App\\Models\\Product', '2023-03-21 11:34:50', '2023-03-21 11:34:50'),
(135, 'products/28ed74d3a836d06925a95019f99313d3.jpg', 34, 'App\\Models\\Product', '2023-03-21 11:34:50', '2023-03-21 11:34:50'),
(136, 'products/9544547009f9f8a34b3394533ee03362.jpg', 34, 'App\\Models\\Product', '2023-03-21 11:34:50', '2023-03-21 11:34:50'),
(137, 'products/646c5a7903bc6e8f9dad410e320c20eb.jpg', 35, 'App\\Models\\Product', '2023-03-21 11:34:51', '2023-03-21 11:34:51'),
(138, 'products/dc4c43dad5b3eb96cb844e00a5e5d10f.jpg', 35, 'App\\Models\\Product', '2023-03-21 11:34:51', '2023-03-21 11:34:51'),
(139, 'products/4c3265029869df7b9f4ff85c36366109.jpg', 35, 'App\\Models\\Product', '2023-03-21 11:34:51', '2023-03-21 11:34:51'),
(140, 'products/5517dc0b53ad41cd2a55cc7ac7d1c450.jpg', 35, 'App\\Models\\Product', '2023-03-21 11:34:51', '2023-03-21 11:34:51'),
(141, 'products/18ea7021d90999c1e549f26b92c436d3.jpg', 36, 'App\\Models\\Product', '2023-03-21 11:34:52', '2023-03-21 11:34:52'),
(142, 'products/fd2b7b9562d7697f5bd5ab4875b4b389.jpg', 36, 'App\\Models\\Product', '2023-03-21 11:34:52', '2023-03-21 11:34:52'),
(143, 'products/c431601cd71ea831fe4154e3d3ccf368.jpg', 36, 'App\\Models\\Product', '2023-03-21 11:34:52', '2023-03-21 11:34:52'),
(144, 'products/389eedbe13b3656d9425c528726d87e5.jpg', 36, 'App\\Models\\Product', '2023-03-21 11:34:52', '2023-03-21 11:34:52'),
(145, 'products/6d4a3048fee47e1808801615e49f5327.jpg', 37, 'App\\Models\\Product', '2023-03-21 11:34:53', '2023-03-21 11:34:53'),
(146, 'products/18f57e3d88b8e1935e46ca7b21129694.jpg', 37, 'App\\Models\\Product', '2023-03-21 11:34:53', '2023-03-21 11:34:53'),
(147, 'products/218106d6507438f922fe9123ad9d5f96.jpg', 37, 'App\\Models\\Product', '2023-03-21 11:34:53', '2023-03-21 11:34:53'),
(148, 'products/a629179e96791735f879b936964d918b.jpg', 37, 'App\\Models\\Product', '2023-03-21 11:34:53', '2023-03-21 11:34:53'),
(149, 'products/e132e110f07730baf8fafb625659f361.jpg', 38, 'App\\Models\\Product', '2023-03-21 11:34:54', '2023-03-21 11:34:54'),
(150, 'products/e4b3851517522fbe81734a26aae1943e.jpg', 38, 'App\\Models\\Product', '2023-03-21 11:34:54', '2023-03-21 11:34:54'),
(151, 'products/9ec0c0f216d05c1898d3b0e36e121c35.jpg', 38, 'App\\Models\\Product', '2023-03-21 11:34:54', '2023-03-21 11:34:54'),
(152, 'products/e9f38fd40881266984b81301bd5d4a9d.jpg', 38, 'App\\Models\\Product', '2023-03-21 11:34:54', '2023-03-21 11:34:54'),
(153, 'products/9fe4d52868931642154cc9a692b81f20.jpg', 39, 'App\\Models\\Product', '2023-03-21 11:34:54', '2023-03-21 11:34:54'),
(154, 'products/a6a22dce087c0075fdeb8b0feb85ae1a.jpg', 39, 'App\\Models\\Product', '2023-03-21 11:34:54', '2023-03-21 11:34:54'),
(155, 'products/ca59f654baa4302cb31263725347f3dc.jpg', 39, 'App\\Models\\Product', '2023-03-21 11:34:54', '2023-03-21 11:34:54'),
(156, 'products/7fadab99f688660ea485caf27602a5db.jpg', 39, 'App\\Models\\Product', '2023-03-21 11:34:54', '2023-03-21 11:34:54'),
(157, 'products/72ee6245cbd104f8d43abafa508911d9.jpg', 40, 'App\\Models\\Product', '2023-03-21 11:34:55', '2023-03-21 11:34:55'),
(158, 'products/52711f9ab9dd59652ad1a2a58f45dd5b.jpg', 40, 'App\\Models\\Product', '2023-03-21 11:34:55', '2023-03-21 11:34:55'),
(159, 'products/a9663728e66a517dd34bdb873bf13c8d.jpg', 40, 'App\\Models\\Product', '2023-03-21 11:34:55', '2023-03-21 11:34:55'),
(160, 'products/132ed23ee090563779483c2f8ca71fa8.jpg', 40, 'App\\Models\\Product', '2023-03-21 11:34:55', '2023-03-21 11:34:55'),
(161, 'products/9c13a4f1c6de6e2d5690e9d38eb9d33a.jpg', 41, 'App\\Models\\Product', '2023-03-21 11:34:56', '2023-03-21 11:34:56'),
(162, 'products/86682cf6c46b8852927a8855e8a31418.jpg', 41, 'App\\Models\\Product', '2023-03-21 11:34:56', '2023-03-21 11:34:56'),
(163, 'products/3b2b8f049133f9f5476e87c52a63a1b2.jpg', 41, 'App\\Models\\Product', '2023-03-21 11:34:56', '2023-03-21 11:34:56'),
(164, 'products/10912a4578ea569cafd030ce60529078.jpg', 41, 'App\\Models\\Product', '2023-03-21 11:34:56', '2023-03-21 11:34:56'),
(165, 'products/7870d3b1608cf5368919c6938355ea47.jpg', 42, 'App\\Models\\Product', '2023-03-21 11:34:57', '2023-03-21 11:34:57'),
(166, 'products/82eb46d923b7bca28be0aad9fb487aab.jpg', 42, 'App\\Models\\Product', '2023-03-21 11:34:57', '2023-03-21 11:34:57'),
(167, 'products/ad4dcefc07906713230c62f5df067111.jpg', 42, 'App\\Models\\Product', '2023-03-21 11:34:57', '2023-03-21 11:34:57'),
(168, 'products/5347e38182a943fe5545d412269a7e9f.jpg', 42, 'App\\Models\\Product', '2023-03-21 11:34:57', '2023-03-21 11:34:57'),
(169, 'products/b8cf45b8a25670d864450f009233a285.jpg', 43, 'App\\Models\\Product', '2023-03-21 11:34:58', '2023-03-21 11:34:58'),
(170, 'products/ed0052965cb3abff595e11aebdd9a7ba.jpg', 43, 'App\\Models\\Product', '2023-03-21 11:34:58', '2023-03-21 11:34:58'),
(171, 'products/84139656b61ddac4a3b7a462c4b5b276.jpg', 43, 'App\\Models\\Product', '2023-03-21 11:34:58', '2023-03-21 11:34:58'),
(172, 'products/94e1526a68c1d9e906379835ccd9c58a.jpg', 43, 'App\\Models\\Product', '2023-03-21 11:34:58', '2023-03-21 11:34:58'),
(173, 'products/d399a86bc2d1596421b70b0249187e89.jpg', 44, 'App\\Models\\Product', '2023-03-21 11:34:58', '2023-03-21 11:34:58'),
(174, 'products/3e0f44785f8e5258a5c72e8d51217621.jpg', 44, 'App\\Models\\Product', '2023-03-21 11:34:58', '2023-03-21 11:34:58'),
(175, 'products/dba3219a39c9169d4bbc2d99d4bda009.jpg', 44, 'App\\Models\\Product', '2023-03-21 11:34:58', '2023-03-21 11:34:58'),
(176, 'products/4c6f29fb813bbd7caec7cb76a71765b5.jpg', 44, 'App\\Models\\Product', '2023-03-21 11:34:58', '2023-03-21 11:34:58'),
(177, 'products/cf2d3b7a36d2cba2b1f04610d8123405.jpg', 45, 'App\\Models\\Product', '2023-03-21 11:34:59', '2023-03-21 11:34:59'),
(178, 'products/e99694177c16b394f56f0509e9181073.jpg', 45, 'App\\Models\\Product', '2023-03-21 11:34:59', '2023-03-21 11:34:59'),
(179, 'products/061189f7670781488ba4abbd46cc29ec.jpg', 45, 'App\\Models\\Product', '2023-03-21 11:34:59', '2023-03-21 11:34:59'),
(180, 'products/ed1bf1d37bd8f03fb9fcea8ae56cd0f0.jpg', 45, 'App\\Models\\Product', '2023-03-21 11:34:59', '2023-03-21 11:34:59'),
(181, 'products/d274a31fd62a8f14ac3f7a067cec3b4e.jpg', 46, 'App\\Models\\Product', '2023-03-21 11:35:00', '2023-03-21 11:35:00'),
(182, 'products/1922ac0f310e2fd6e887a658b5712268.jpg', 46, 'App\\Models\\Product', '2023-03-21 11:35:00', '2023-03-21 11:35:00'),
(183, 'products/68468c522aa0b428d8cb443aeba8df72.jpg', 46, 'App\\Models\\Product', '2023-03-21 11:35:00', '2023-03-21 11:35:00'),
(184, 'products/f1aa8fe900b82e8e73a65eeb47fefbe0.jpg', 46, 'App\\Models\\Product', '2023-03-21 11:35:00', '2023-03-21 11:35:00'),
(185, 'products/a1c7b077f5cd305c03ec60ecac19f289.jpg', 47, 'App\\Models\\Product', '2023-03-21 11:35:01', '2023-03-21 11:35:01'),
(186, 'products/c9ba4d9e665156f7d290534a17ad3021.jpg', 47, 'App\\Models\\Product', '2023-03-21 11:35:01', '2023-03-21 11:35:01'),
(187, 'products/c01da44f636e481b8e02dc479fee09dd.jpg', 47, 'App\\Models\\Product', '2023-03-21 11:35:01', '2023-03-21 11:35:01'),
(188, 'products/7468df3a0b5e4845c6fceb2573d46542.jpg', 47, 'App\\Models\\Product', '2023-03-21 11:35:01', '2023-03-21 11:35:01'),
(189, 'products/487a4418adfaa507335d32c01f626e41.jpg', 48, 'App\\Models\\Product', '2023-03-21 11:35:01', '2023-03-21 11:35:01'),
(190, 'products/198e7133cf424aaad596aff2ec9da7a7.jpg', 48, 'App\\Models\\Product', '2023-03-21 11:35:01', '2023-03-21 11:35:01'),
(191, 'products/a6967ac8872db5aeb213ee58d0e4d87f.jpg', 48, 'App\\Models\\Product', '2023-03-21 11:35:01', '2023-03-21 11:35:01'),
(192, 'products/d68f1244f792eaff70cbb815a6e4c467.jpg', 48, 'App\\Models\\Product', '2023-03-21 11:35:01', '2023-03-21 11:35:01'),
(193, 'products/15d9d5c6a46dd83b16b50cfa813504f7.jpg', 49, 'App\\Models\\Product', '2023-03-21 11:35:02', '2023-03-21 11:35:02'),
(194, 'products/0d18722991cf2358cc17e565b71b3fc0.jpg', 49, 'App\\Models\\Product', '2023-03-21 11:35:02', '2023-03-21 11:35:02'),
(195, 'products/0bfee632a3adc7da10518cd2e117eb8e.jpg', 49, 'App\\Models\\Product', '2023-03-21 11:35:02', '2023-03-21 11:35:02'),
(196, 'products/83854d0075f08bf1709fb9aba63a390d.jpg', 49, 'App\\Models\\Product', '2023-03-21 11:35:02', '2023-03-21 11:35:02'),
(197, 'products/fdef522fd0d74c1abc8e02a02c203faf.jpg', 50, 'App\\Models\\Product', '2023-03-21 11:35:03', '2023-03-21 11:35:03'),
(198, 'products/0e707add39b916bb4ec6daa3ff2e2f26.jpg', 50, 'App\\Models\\Product', '2023-03-21 11:35:03', '2023-03-21 11:35:03'),
(199, 'products/ff51750550d9360224cca429e6bee49e.jpg', 50, 'App\\Models\\Product', '2023-03-21 11:35:03', '2023-03-21 11:35:03'),
(200, 'products/c5e863566c980e3046e1ec6402f8e3de.jpg', 50, 'App\\Models\\Product', '2023-03-21 11:35:03', '2023-03-21 11:35:03'),
(201, 'products/d72c747842208ca12dac3f1febaa4301.jpg', 51, 'App\\Models\\Product', '2023-03-21 11:35:04', '2023-03-21 11:35:04'),
(202, 'products/c77c0b311a837c0a3a0cb00a02b39d0d.jpg', 51, 'App\\Models\\Product', '2023-03-21 11:35:04', '2023-03-21 11:35:04'),
(203, 'products/1fea92b50f2d690286400341200d672e.jpg', 51, 'App\\Models\\Product', '2023-03-21 11:35:04', '2023-03-21 11:35:04'),
(204, 'products/6bae27387431ae4915ee607639a836b1.jpg', 51, 'App\\Models\\Product', '2023-03-21 11:35:04', '2023-03-21 11:35:04'),
(205, 'products/2c9a777153936b5f6d3d24d514819258.jpg', 52, 'App\\Models\\Product', '2023-03-21 11:35:05', '2023-03-21 11:35:05'),
(206, 'products/255c676a7ef06b3553a438640debcff8.jpg', 52, 'App\\Models\\Product', '2023-03-21 11:35:05', '2023-03-21 11:35:05'),
(207, 'products/1decf1c8f66596255b70f477dffa4b03.jpg', 52, 'App\\Models\\Product', '2023-03-21 11:35:05', '2023-03-21 11:35:05'),
(208, 'products/f658348fd0f5aa5a2384a7444c7cf969.jpg', 52, 'App\\Models\\Product', '2023-03-21 11:35:05', '2023-03-21 11:35:05'),
(209, 'products/e4f6946f1dff026770d2335965688150.jpg', 53, 'App\\Models\\Product', '2023-03-21 11:35:05', '2023-03-21 11:35:05'),
(210, 'products/8cfdd044ff5266629100a8bc00e8a6aa.jpg', 53, 'App\\Models\\Product', '2023-03-21 11:35:05', '2023-03-21 11:35:05'),
(211, 'products/4a393eea1715f63525d106f3235c3609.jpg', 53, 'App\\Models\\Product', '2023-03-21 11:35:05', '2023-03-21 11:35:05'),
(212, 'products/841acc3b72c776ded48af91ca886dc43.jpg', 53, 'App\\Models\\Product', '2023-03-21 11:35:05', '2023-03-21 11:35:05'),
(213, 'products/858f617f94571a8488bb552497f6371c.jpg', 54, 'App\\Models\\Product', '2023-03-21 11:35:06', '2023-03-21 11:35:06'),
(214, 'products/10a182041ec3c1cb9325a9503323bce1.jpg', 54, 'App\\Models\\Product', '2023-03-21 11:35:06', '2023-03-21 11:35:06'),
(215, 'products/2883a9a4a1463ff4082423864b8e0851.jpg', 54, 'App\\Models\\Product', '2023-03-21 11:35:06', '2023-03-21 11:35:06'),
(216, 'products/ff17a8b6b668f1e79992674fa1cdf8be.jpg', 54, 'App\\Models\\Product', '2023-03-21 11:35:06', '2023-03-21 11:35:06'),
(217, 'products/a5142a27d21c31b3ce0df68d544e2a6e.jpg', 55, 'App\\Models\\Product', '2023-03-21 11:35:07', '2023-03-21 11:35:07'),
(218, 'products/11b07b22973d71bbb76d9f79e0c35e46.jpg', 55, 'App\\Models\\Product', '2023-03-21 11:35:07', '2023-03-21 11:35:07'),
(219, 'products/c4cdd102aa38bb1686fe6af9bd87b6f7.jpg', 55, 'App\\Models\\Product', '2023-03-21 11:35:07', '2023-03-21 11:35:07'),
(220, 'products/126b443cd6b1f311b44ba9dd2fd1ddbe.jpg', 55, 'App\\Models\\Product', '2023-03-21 11:35:07', '2023-03-21 11:35:07'),
(221, 'products/e1b03fa2f1939465c8367b565e7e4e0a.jpg', 56, 'App\\Models\\Product', '2023-03-21 11:35:08', '2023-03-21 11:35:08'),
(222, 'products/62e346a66038c9fa66b34aae3b2ca2c5.jpg', 56, 'App\\Models\\Product', '2023-03-21 11:35:08', '2023-03-21 11:35:08'),
(223, 'products/17af2fbfd7907a15f8758d2931036b98.jpg', 56, 'App\\Models\\Product', '2023-03-21 11:35:08', '2023-03-21 11:35:08'),
(224, 'products/3c87e7ffb28f6c11600188957e2a6f2b.jpg', 56, 'App\\Models\\Product', '2023-03-21 11:35:08', '2023-03-21 11:35:08'),
(225, 'products/935846b0e212c4693c77d00b9b1026eb.jpg', 57, 'App\\Models\\Product', '2023-03-21 11:35:08', '2023-03-21 11:35:08'),
(226, 'products/a331d81fee9c72f463d34aa1c17385af.jpg', 57, 'App\\Models\\Product', '2023-03-21 11:35:08', '2023-03-21 11:35:08'),
(227, 'products/36b419153f34466fb0a01cd630bd48e1.jpg', 57, 'App\\Models\\Product', '2023-03-21 11:35:08', '2023-03-21 11:35:08'),
(228, 'products/64ac88c2e2157c5f4c1def2eeca6c259.jpg', 57, 'App\\Models\\Product', '2023-03-21 11:35:08', '2023-03-21 11:35:08'),
(229, 'products/e97f8df60b420f606f77f670db4c2192.jpg', 58, 'App\\Models\\Product', '2023-03-21 11:35:09', '2023-03-21 11:35:09'),
(230, 'products/1922de73ab97b0c3e0089ede3fe34cea.jpg', 58, 'App\\Models\\Product', '2023-03-21 11:35:09', '2023-03-21 11:35:09'),
(231, 'products/820d721a00915949b84cc02d73484796.jpg', 58, 'App\\Models\\Product', '2023-03-21 11:35:09', '2023-03-21 11:35:09'),
(232, 'products/3c97b9a18e7a4653cd98c64a8abebe24.jpg', 58, 'App\\Models\\Product', '2023-03-21 11:35:09', '2023-03-21 11:35:09'),
(233, 'products/43b3ac05406cc534a9f8b8a5d8b0821e.jpg', 59, 'App\\Models\\Product', '2023-03-21 11:35:10', '2023-03-21 11:35:10'),
(234, 'products/138773f94bf89b33c59449e6cf8a30a3.jpg', 59, 'App\\Models\\Product', '2023-03-21 11:35:10', '2023-03-21 11:35:10'),
(235, 'products/c149cb5efc8e8865a474e99f391506bf.jpg', 59, 'App\\Models\\Product', '2023-03-21 11:35:10', '2023-03-21 11:35:10'),
(236, 'products/4722292f19a02ae970bd5b3fc32177c3.jpg', 59, 'App\\Models\\Product', '2023-03-21 11:35:10', '2023-03-21 11:35:10'),
(237, 'products/898f66a2b780ea6a83dcbb4cf85f2820.jpg', 60, 'App\\Models\\Product', '2023-03-21 11:35:11', '2023-03-21 11:35:11'),
(238, 'products/4191ae126c35a71fc0fca2ce02e43cd9.jpg', 60, 'App\\Models\\Product', '2023-03-21 11:35:11', '2023-03-21 11:35:11'),
(239, 'products/e9a7fb34f2bfba282d23a92f2eaf0131.jpg', 60, 'App\\Models\\Product', '2023-03-21 11:35:11', '2023-03-21 11:35:11'),
(240, 'products/81a9dd1dc79080f86973b898f6a4cca8.jpg', 60, 'App\\Models\\Product', '2023-03-21 11:35:11', '2023-03-21 11:35:11'),
(241, 'products/e552d70fbd98413d71226362b1534b11.jpg', 61, 'App\\Models\\Product', '2023-03-21 11:35:11', '2023-03-21 11:35:11'),
(242, 'products/382e9ba1bbc01c97c0c35e4f0334c446.jpg', 61, 'App\\Models\\Product', '2023-03-21 11:35:12', '2023-03-21 11:35:12'),
(243, 'products/02ff9e885d21a75b861aefdadce14843.jpg', 61, 'App\\Models\\Product', '2023-03-21 11:35:12', '2023-03-21 11:35:12'),
(244, 'products/5614f22b7124b6dfe40dbaf37cedccd2.jpg', 61, 'App\\Models\\Product', '2023-03-21 11:35:12', '2023-03-21 11:35:12'),
(245, 'products/3774beb2d0604cd5c273a2af02bacdc6.jpg', 62, 'App\\Models\\Product', '2023-03-21 11:35:12', '2023-03-21 11:35:12'),
(246, 'products/0bd82ae89bb5bd9c6d9e9d2c8da208a0.jpg', 62, 'App\\Models\\Product', '2023-03-21 11:35:12', '2023-03-21 11:35:12'),
(247, 'products/3725ac8381e0b3e0949501cb1e242c76.jpg', 62, 'App\\Models\\Product', '2023-03-21 11:35:12', '2023-03-21 11:35:12'),
(248, 'products/58c0211018ac51785c241cca50bc3364.jpg', 62, 'App\\Models\\Product', '2023-03-21 11:35:12', '2023-03-21 11:35:12'),
(249, 'products/dae0b2fbb3d8b5d749d64a2929940cd9.jpg', 63, 'App\\Models\\Product', '2023-03-21 11:35:13', '2023-03-21 11:35:13'),
(250, 'products/3dad1054e2d15b6371318ac259e703b8.jpg', 63, 'App\\Models\\Product', '2023-03-21 11:35:13', '2023-03-21 11:35:13'),
(251, 'products/49f9cda59cc6ee547b2e421948807b67.jpg', 63, 'App\\Models\\Product', '2023-03-21 11:35:13', '2023-03-21 11:35:13'),
(252, 'products/f37be950e96a9913c187f47cef1a696c.jpg', 63, 'App\\Models\\Product', '2023-03-21 11:35:13', '2023-03-21 11:35:13'),
(253, 'products/80f43d12fc82ad6b42f25a1dc93f6131.jpg', 64, 'App\\Models\\Product', '2023-03-21 11:35:14', '2023-03-21 11:35:14'),
(254, 'products/60fb9ac003fc75e80c898c9cb9d8dee6.jpg', 64, 'App\\Models\\Product', '2023-03-21 11:35:14', '2023-03-21 11:35:14'),
(255, 'products/b77ecc0d4207106698c72370d16c7d1b.jpg', 64, 'App\\Models\\Product', '2023-03-21 11:35:14', '2023-03-21 11:35:14'),
(256, 'products/8a842085f9057e060a458669277270a8.jpg', 64, 'App\\Models\\Product', '2023-03-21 11:35:14', '2023-03-21 11:35:14'),
(257, 'products/5890251c8c500eab3edba68f1b1d8103.jpg', 65, 'App\\Models\\Product', '2023-03-21 11:35:15', '2023-03-21 11:35:15'),
(258, 'products/72984a5d1c81e903881ceb9d8680e4f1.jpg', 65, 'App\\Models\\Product', '2023-03-21 11:35:15', '2023-03-21 11:35:15'),
(259, 'products/28825ac9a3ebebf2f7277dca1c473bab.jpg', 65, 'App\\Models\\Product', '2023-03-21 11:35:15', '2023-03-21 11:35:15'),
(260, 'products/c9706b192cff0f1775e6fff820e1d892.jpg', 65, 'App\\Models\\Product', '2023-03-21 11:35:15', '2023-03-21 11:35:15'),
(261, 'products/95ba3bb113e0f38d57a22e7ef4e11e50.jpg', 66, 'App\\Models\\Product', '2023-03-21 11:35:15', '2023-03-21 11:35:15'),
(262, 'products/0b33388eca163adb29a567c3ccc7606b.jpg', 66, 'App\\Models\\Product', '2023-03-21 11:35:15', '2023-03-21 11:35:15'),
(263, 'products/c8dd67c32df7fda5534413fe6f05811a.jpg', 66, 'App\\Models\\Product', '2023-03-21 11:35:15', '2023-03-21 11:35:15'),
(264, 'products/5c5559087cb839aeda3c149af18f52b2.jpg', 66, 'App\\Models\\Product', '2023-03-21 11:35:15', '2023-03-21 11:35:15'),
(265, 'products/de993558d65332381839053ee18ff060.jpg', 67, 'App\\Models\\Product', '2023-03-21 11:35:16', '2023-03-21 11:35:16'),
(266, 'products/ff6896ad042a0c59b88569c35123e96b.jpg', 67, 'App\\Models\\Product', '2023-03-21 11:35:16', '2023-03-21 11:35:16'),
(267, 'products/6c60846f256ddf51254368471df92604.jpg', 67, 'App\\Models\\Product', '2023-03-21 11:35:16', '2023-03-21 11:35:16'),
(268, 'products/8736012a6351a361535b1be375dd86d3.jpg', 67, 'App\\Models\\Product', '2023-03-21 11:35:16', '2023-03-21 11:35:16'),
(269, 'products/97d3fc5282189d2ac2e7b6b651ada90b.jpg', 68, 'App\\Models\\Product', '2023-03-21 11:35:17', '2023-03-21 11:35:17'),
(270, 'products/fbb241ec3efb7c1d397a946383f5d5f3.jpg', 68, 'App\\Models\\Product', '2023-03-21 11:35:17', '2023-03-21 11:35:17'),
(271, 'products/a39a3542b3b0c1de87801b0f784c7df3.jpg', 68, 'App\\Models\\Product', '2023-03-21 11:35:17', '2023-03-21 11:35:17'),
(272, 'products/93416c9ff2785ba638daeebdd801e5e1.jpg', 68, 'App\\Models\\Product', '2023-03-21 11:35:17', '2023-03-21 11:35:17'),
(273, 'products/b36fd0b332857e002df8d203d3087854.jpg', 69, 'App\\Models\\Product', '2023-03-21 11:35:18', '2023-03-21 11:35:18'),
(274, 'products/9ad3b18eecd682252ee9b5d0dd7c24df.jpg', 69, 'App\\Models\\Product', '2023-03-21 11:35:18', '2023-03-21 11:35:18'),
(275, 'products/abc131d805d15cab6bccdb168277b4bf.jpg', 69, 'App\\Models\\Product', '2023-03-21 11:35:18', '2023-03-21 11:35:18'),
(276, 'products/b894487aed49d835ab5c5af90f0a14ad.jpg', 69, 'App\\Models\\Product', '2023-03-21 11:35:18', '2023-03-21 11:35:18'),
(277, 'products/99786039da6dca55cb4fab3125f91f99.jpg', 70, 'App\\Models\\Product', '2023-03-21 11:35:19', '2023-03-21 11:35:19'),
(278, 'products/f27ad47e250cd6c37b4a6883ae6f123d.jpg', 70, 'App\\Models\\Product', '2023-03-21 11:35:19', '2023-03-21 11:35:19'),
(279, 'products/e67c80ef9c88b79e17ab152ba1337123.jpg', 70, 'App\\Models\\Product', '2023-03-21 11:35:19', '2023-03-21 11:35:19'),
(280, 'products/7ebbd056ad2fbf694a58a9a0703c4670.jpg', 70, 'App\\Models\\Product', '2023-03-21 11:35:19', '2023-03-21 11:35:19'),
(281, 'products/597d9f20c7c2b7f4a58f56f40507f519.jpg', 71, 'App\\Models\\Product', '2023-03-21 11:35:20', '2023-03-21 11:35:20'),
(282, 'products/ef6199b0de47a3a160d00a2579824733.jpg', 71, 'App\\Models\\Product', '2023-03-21 11:35:20', '2023-03-21 11:35:20'),
(283, 'products/3474e1ce0112fc6546f464aa0a50a361.jpg', 71, 'App\\Models\\Product', '2023-03-21 11:35:20', '2023-03-21 11:35:20'),
(284, 'products/c11393496a5a3919ce53a03f0179d351.jpg', 71, 'App\\Models\\Product', '2023-03-21 11:35:20', '2023-03-21 11:35:20'),
(285, 'products/9f3bf6148c140eb9a5bba1d65393e625.jpg', 72, 'App\\Models\\Product', '2023-03-21 11:35:20', '2023-03-21 11:35:20'),
(286, 'products/0e63708ed7266ea684b1e575031df386.jpg', 72, 'App\\Models\\Product', '2023-03-21 11:35:20', '2023-03-21 11:35:20'),
(287, 'products/be9b3f34820c46525b6f403547ad974f.jpg', 72, 'App\\Models\\Product', '2023-03-21 11:35:20', '2023-03-21 11:35:20'),
(288, 'products/9d77c117fcb1f07eebd05438ab7fefac.jpg', 72, 'App\\Models\\Product', '2023-03-21 11:35:20', '2023-03-21 11:35:20'),
(289, 'products/0f5a665d933a57ef4800ab6e7a9f832e.jpg', 73, 'App\\Models\\Product', '2023-03-21 11:35:21', '2023-03-21 11:35:21'),
(290, 'products/0481fc84adceccb68e035c8943c5e484.jpg', 73, 'App\\Models\\Product', '2023-03-21 11:35:21', '2023-03-21 11:35:21'),
(291, 'products/815a6aad9f9dd995c7580993bb6a2c14.jpg', 73, 'App\\Models\\Product', '2023-03-21 11:35:21', '2023-03-21 11:35:21'),
(292, 'products/0b9e78beb907a1142fc5621e8f3da3ce.jpg', 73, 'App\\Models\\Product', '2023-03-21 11:35:21', '2023-03-21 11:35:21'),
(293, 'products/97bdaeb951f7354ed5d79b2933b890b1.jpg', 74, 'App\\Models\\Product', '2023-03-21 11:35:22', '2023-03-21 11:35:22'),
(294, 'products/31b847cb2fa20ca26d1e124867355be2.jpg', 74, 'App\\Models\\Product', '2023-03-21 11:35:22', '2023-03-21 11:35:22'),
(295, 'products/43724481cca3d493a5a3e978f1a3f4cf.jpg', 74, 'App\\Models\\Product', '2023-03-21 11:35:22', '2023-03-21 11:35:22'),
(296, 'products/d07c92ad63a5ce9233c16ab205e67c0e.jpg', 74, 'App\\Models\\Product', '2023-03-21 11:35:22', '2023-03-21 11:35:22'),
(297, 'products/6f31a4292d1d37c46b77bc6b09d7f3a3.jpg', 75, 'App\\Models\\Product', '2023-03-21 11:35:23', '2023-03-21 11:35:23'),
(298, 'products/5c7793ddb72f5b388ecd80ec23274578.jpg', 75, 'App\\Models\\Product', '2023-03-21 11:35:23', '2023-03-21 11:35:23'),
(299, 'products/3761b4403ef4f4ed7043c46a4ff6e698.jpg', 75, 'App\\Models\\Product', '2023-03-21 11:35:23', '2023-03-21 11:35:23'),
(300, 'products/5fd864423b69d103778f346f7fc48b95.jpg', 75, 'App\\Models\\Product', '2023-03-21 11:35:23', '2023-03-21 11:35:23'),
(301, 'products/0a33334df00139e01490b156e4592f0e.jpg', 76, 'App\\Models\\Product', '2023-03-21 11:35:23', '2023-03-21 11:35:23'),
(302, 'products/c49691e11d2ebfa0d627cc79288ce372.jpg', 76, 'App\\Models\\Product', '2023-03-21 11:35:23', '2023-03-21 11:35:23'),
(303, 'products/ef73b5329c3263c586eb877e4a8d9d50.jpg', 76, 'App\\Models\\Product', '2023-03-21 11:35:23', '2023-03-21 11:35:23'),
(304, 'products/b3b1b394b3914b78b3d2b6b084ed971e.jpg', 76, 'App\\Models\\Product', '2023-03-21 11:35:23', '2023-03-21 11:35:23'),
(305, 'products/43d703c2ee1f0aaac56d90a3f4db0d18.jpg', 77, 'App\\Models\\Product', '2023-03-21 11:35:24', '2023-03-21 11:35:24'),
(306, 'products/1dd1f857a2f66d23a68c34bb849f2cd8.jpg', 77, 'App\\Models\\Product', '2023-03-21 11:35:24', '2023-03-21 11:35:24'),
(307, 'products/f4999c241fd207190387db07351897d8.jpg', 77, 'App\\Models\\Product', '2023-03-21 11:35:24', '2023-03-21 11:35:24'),
(308, 'products/5f50f14212c6d77136cda4c6d430741b.jpg', 77, 'App\\Models\\Product', '2023-03-21 11:35:24', '2023-03-21 11:35:24'),
(309, 'products/2a7492acc5b7af83dcd3be446c422a8a.jpg', 78, 'App\\Models\\Product', '2023-03-21 11:35:25', '2023-03-21 11:35:25'),
(310, 'products/73fb11a60510bc10864078eee03ae92f.jpg', 78, 'App\\Models\\Product', '2023-03-21 11:35:25', '2023-03-21 11:35:25'),
(311, 'products/a79490cd91c054ed1abd6fe67023fdca.jpg', 78, 'App\\Models\\Product', '2023-03-21 11:35:25', '2023-03-21 11:35:25'),
(312, 'products/6bade7733dd8a39641c5bf7271c00847.jpg', 78, 'App\\Models\\Product', '2023-03-21 11:35:25', '2023-03-21 11:35:25'),
(313, 'products/f99dea42bd41920618e59e2b53cfa6b7.jpg', 79, 'App\\Models\\Product', '2023-03-21 11:35:26', '2023-03-21 11:35:26'),
(314, 'products/e99cea6adcaee579e0e952126fd1e3f7.jpg', 79, 'App\\Models\\Product', '2023-03-21 11:35:26', '2023-03-21 11:35:26'),
(315, 'products/c14786f54d2152022156575335c80bdc.jpg', 79, 'App\\Models\\Product', '2023-03-21 11:35:26', '2023-03-21 11:35:26'),
(316, 'products/8c3f72eb4fe1eaabde4d81788c6ab7a2.jpg', 79, 'App\\Models\\Product', '2023-03-21 11:35:26', '2023-03-21 11:35:26'),
(317, 'products/e4e1dd089611727574de898a5d473fbf.jpg', 80, 'App\\Models\\Product', '2023-03-21 11:35:26', '2023-03-21 11:35:26'),
(318, 'products/21327f9095efbc55c1698099017d26ec.jpg', 80, 'App\\Models\\Product', '2023-03-21 11:35:26', '2023-03-21 11:35:26'),
(319, 'products/bbcd5537148fb9a1f1e20ced0fe24bf7.jpg', 80, 'App\\Models\\Product', '2023-03-21 11:35:26', '2023-03-21 11:35:26'),
(320, 'products/baefb242d2deb9a624ee7e9eedf037a0.jpg', 80, 'App\\Models\\Product', '2023-03-21 11:35:26', '2023-03-21 11:35:26'),
(321, 'products/77a77c83f6c39573e8850a96045260e9.jpg', 81, 'App\\Models\\Product', '2023-03-21 11:35:27', '2023-03-21 11:35:27'),
(322, 'products/aa7948d9b2eadeb667718e5204a89cc1.jpg', 81, 'App\\Models\\Product', '2023-03-21 11:35:27', '2023-03-21 11:35:27'),
(323, 'products/01fd931d44df2f919ac3eedb8afc2548.jpg', 81, 'App\\Models\\Product', '2023-03-21 11:35:27', '2023-03-21 11:35:27'),
(324, 'products/9a1fa003a4c4a1909c3d16918b0bf426.jpg', 81, 'App\\Models\\Product', '2023-03-21 11:35:27', '2023-03-21 11:35:27'),
(325, 'products/2050b17f493e908074d40f07821e6235.jpg', 82, 'App\\Models\\Product', '2023-03-21 11:35:29', '2023-03-21 11:35:29'),
(326, 'products/c2b26f4a6e6b4137aac35a442f7ae63b.jpg', 82, 'App\\Models\\Product', '2023-03-21 11:35:29', '2023-03-21 11:35:29'),
(327, 'products/5bb4cba2b828b4939e6ddb4b38d81f2e.jpg', 82, 'App\\Models\\Product', '2023-03-21 11:35:29', '2023-03-21 11:35:29'),
(328, 'products/bfa355d844734110a64283dca7561c9e.jpg', 82, 'App\\Models\\Product', '2023-03-21 11:35:29', '2023-03-21 11:35:29'),
(329, 'products/53070d999c29be33f6a2026684766275.jpg', 83, 'App\\Models\\Product', '2023-03-21 11:35:30', '2023-03-21 11:35:30'),
(330, 'products/04268d5d301c6a75a06bd6bd9f9a3eb7.jpg', 83, 'App\\Models\\Product', '2023-03-21 11:35:30', '2023-03-21 11:35:30'),
(331, 'products/51af7fdbc6d2c2c7ab9ec68caafd1f09.jpg', 83, 'App\\Models\\Product', '2023-03-21 11:35:30', '2023-03-21 11:35:30'),
(332, 'products/8f3c1391adbc9f14b996a11f78eac31c.jpg', 83, 'App\\Models\\Product', '2023-03-21 11:35:30', '2023-03-21 11:35:30'),
(333, 'products/2e8dd55331a2c0645b4bfd4418c75310.jpg', 84, 'App\\Models\\Product', '2023-03-21 11:35:31', '2023-03-21 11:35:31'),
(334, 'products/9dac489b0e7c3f7968b9e9e5ba9a7607.jpg', 84, 'App\\Models\\Product', '2023-03-21 11:35:31', '2023-03-21 11:35:31'),
(335, 'products/62a89587c725661b792cbdf3cb7b3177.jpg', 84, 'App\\Models\\Product', '2023-03-21 11:35:31', '2023-03-21 11:35:31'),
(336, 'products/03884d2d4218b47a8afaf6dd417211c4.jpg', 84, 'App\\Models\\Product', '2023-03-21 11:35:31', '2023-03-21 11:35:31'),
(337, 'products/46e3a7caede70714d9970bcc6cdb8e07.jpg', 85, 'App\\Models\\Product', '2023-03-21 11:35:32', '2023-03-21 11:35:32'),
(338, 'products/1bd6194b288e48339adff1ceef4c58f6.jpg', 85, 'App\\Models\\Product', '2023-03-21 11:35:32', '2023-03-21 11:35:32'),
(339, 'products/55c65b0b17ab9f1fe0d6e53e4be64ef1.jpg', 85, 'App\\Models\\Product', '2023-03-21 11:35:32', '2023-03-21 11:35:32'),
(340, 'products/57c734b7f08dc161adaf89f1f866a0b4.jpg', 85, 'App\\Models\\Product', '2023-03-21 11:35:32', '2023-03-21 11:35:32'),
(341, 'products/416bffdafa9cd4c95315a11f62f2a003.jpg', 86, 'App\\Models\\Product', '2023-03-21 11:35:33', '2023-03-21 11:35:33'),
(342, 'products/9b4dca69b60b440bf26ddc676343052f.jpg', 86, 'App\\Models\\Product', '2023-03-21 11:35:33', '2023-03-21 11:35:33'),
(343, 'products/567174a465ce6153d0041e557f6c11c7.jpg', 86, 'App\\Models\\Product', '2023-03-21 11:35:33', '2023-03-21 11:35:33'),
(344, 'products/755e7d3cfe6620eecb34a028c28057a3.jpg', 86, 'App\\Models\\Product', '2023-03-21 11:35:33', '2023-03-21 11:35:33'),
(345, 'products/4043fb6dcdaef13528ac3e60a54985b1.jpg', 87, 'App\\Models\\Product', '2023-03-21 11:35:33', '2023-03-21 11:35:33'),
(346, 'products/7a233845c543544c64eb5906a0dd529e.jpg', 87, 'App\\Models\\Product', '2023-03-21 11:35:33', '2023-03-21 11:35:33'),
(347, 'products/432dc475eb7f61c1a6cda875214ae8ae.jpg', 87, 'App\\Models\\Product', '2023-03-21 11:35:33', '2023-03-21 11:35:33'),
(348, 'products/8c28df45e31f25826d7e07d4a56bd604.jpg', 87, 'App\\Models\\Product', '2023-03-21 11:35:33', '2023-03-21 11:35:33'),
(349, 'products/262de10d003d2a9ed320fcd233277742.jpg', 88, 'App\\Models\\Product', '2023-03-21 11:35:34', '2023-03-21 11:35:34'),
(350, 'products/a8379cbacdf4134996d77534e56c002f.jpg', 88, 'App\\Models\\Product', '2023-03-21 11:35:34', '2023-03-21 11:35:34'),
(351, 'products/1dca565d98ce9c4ee1037219fdaa81d4.jpg', 88, 'App\\Models\\Product', '2023-03-21 11:35:34', '2023-03-21 11:35:34'),
(352, 'products/ac9d5dc809f73f3fe969ee6e352d4c8f.jpg', 88, 'App\\Models\\Product', '2023-03-21 11:35:34', '2023-03-21 11:35:34'),
(353, 'products/c7e937bdc08fdc7754df31a7bb329428.jpg', 89, 'App\\Models\\Product', '2023-03-21 11:35:35', '2023-03-21 11:35:35'),
(354, 'products/1df90febc865aa45f2b21e4354341a98.jpg', 89, 'App\\Models\\Product', '2023-03-21 11:35:35', '2023-03-21 11:35:35'),
(355, 'products/30cdd9c9486269e825bb3ed1590e6894.jpg', 89, 'App\\Models\\Product', '2023-03-21 11:35:35', '2023-03-21 11:35:35'),
(356, 'products/1ae3cfb0f153bb99eeb49eb82ead2013.jpg', 89, 'App\\Models\\Product', '2023-03-21 11:35:35', '2023-03-21 11:35:35'),
(357, 'products/324f67fe1ef8aebc83f03a19e9478cb4.jpg', 90, 'App\\Models\\Product', '2023-03-21 11:35:36', '2023-03-21 11:35:36'),
(358, 'products/3afdf1bd655ae5556e0d8b015b9ad289.jpg', 90, 'App\\Models\\Product', '2023-03-21 11:35:36', '2023-03-21 11:35:36'),
(359, 'products/c9a972eada4cfdde0f355340535bd6d6.jpg', 90, 'App\\Models\\Product', '2023-03-21 11:35:36', '2023-03-21 11:35:36'),
(360, 'products/73ca344d26fbd63a4936038c76298927.jpg', 90, 'App\\Models\\Product', '2023-03-21 11:35:36', '2023-03-21 11:35:36'),
(361, 'products/f6f6ef06a33c604a24aef3f16ce06b8a.jpg', 91, 'App\\Models\\Product', '2023-03-21 11:35:37', '2023-03-21 11:35:37'),
(362, 'products/f4b2d32a2bba0840d805648eb16929ab.jpg', 91, 'App\\Models\\Product', '2023-03-21 11:35:37', '2023-03-21 11:35:37'),
(363, 'products/b9b09267e6c8be0e9a6fa88e563e180b.jpg', 91, 'App\\Models\\Product', '2023-03-21 11:35:37', '2023-03-21 11:35:37'),
(364, 'products/8b200bd3fc0c6dc5f9428e3875aea91e.jpg', 91, 'App\\Models\\Product', '2023-03-21 11:35:37', '2023-03-21 11:35:37'),
(365, 'products/3855e86286642db778eab5b1e45dbcfc.jpg', 92, 'App\\Models\\Product', '2023-03-21 11:35:37', '2023-03-21 11:35:37'),
(366, 'products/15c4546fce34fc49c609108e6412452d.jpg', 92, 'App\\Models\\Product', '2023-03-21 11:35:37', '2023-03-21 11:35:37'),
(367, 'products/6063cf0275fc1b9ccce9c5f17986d17d.jpg', 92, 'App\\Models\\Product', '2023-03-21 11:35:37', '2023-03-21 11:35:37'),
(368, 'products/1e616440dcaf4d8067df89e0252e55a0.jpg', 92, 'App\\Models\\Product', '2023-03-21 11:35:37', '2023-03-21 11:35:37'),
(369, 'products/28e699637a6ea012fb2b369f81edcbb8.jpg', 93, 'App\\Models\\Product', '2023-03-21 11:35:38', '2023-03-21 11:35:38'),
(370, 'products/c4dc2c6003068f7714bb30b211edfaf5.jpg', 93, 'App\\Models\\Product', '2023-03-21 11:35:38', '2023-03-21 11:35:38'),
(371, 'products/c771dcf36fe2f92635aff580bc5c0e74.jpg', 93, 'App\\Models\\Product', '2023-03-21 11:35:38', '2023-03-21 11:35:38'),
(372, 'products/5459145d83b6804e55d865fd71107bf8.jpg', 93, 'App\\Models\\Product', '2023-03-21 11:35:38', '2023-03-21 11:35:38'),
(373, 'products/a409d3f08a9f1cbec5bf26bca2e1a542.jpg', 94, 'App\\Models\\Product', '2023-03-21 11:35:39', '2023-03-21 11:35:39'),
(374, 'products/a8cd73228eefe6ce90663e29fae6a31b.jpg', 94, 'App\\Models\\Product', '2023-03-21 11:35:39', '2023-03-21 11:35:39'),
(375, 'products/32d17e15c832ae0f220d901bafbc4f86.jpg', 94, 'App\\Models\\Product', '2023-03-21 11:35:39', '2023-03-21 11:35:39'),
(376, 'products/b6a10b0bf9909bbc9cf9efe5b6f5ee6e.jpg', 94, 'App\\Models\\Product', '2023-03-21 11:35:39', '2023-03-21 11:35:39'),
(377, 'products/556cd349153b0b0f23d1f5570eec3d30.jpg', 95, 'App\\Models\\Product', '2023-03-21 11:35:40', '2023-03-21 11:35:40'),
(378, 'products/bf6bac1fe2a11882d94244d1275986c5.jpg', 95, 'App\\Models\\Product', '2023-03-21 11:35:40', '2023-03-21 11:35:40'),
(379, 'products/362971d3766475802c1721ff5a74010d.jpg', 95, 'App\\Models\\Product', '2023-03-21 11:35:40', '2023-03-21 11:35:40'),
(380, 'products/fff2ef344c91d3ea2103204443804c6b.jpg', 95, 'App\\Models\\Product', '2023-03-21 11:35:40', '2023-03-21 11:35:40'),
(381, 'products/cdf6775aef5c57bbe6d3536d5eb7df4a.jpg', 96, 'App\\Models\\Product', '2023-03-21 11:35:41', '2023-03-21 11:35:41'),
(382, 'products/14ba4d243a1e377ea0a7f7e29b657d94.jpg', 96, 'App\\Models\\Product', '2023-03-21 11:35:41', '2023-03-21 11:35:41'),
(383, 'products/676cd61c7407142abf470f6783111b6c.jpg', 96, 'App\\Models\\Product', '2023-03-21 11:35:41', '2023-03-21 11:35:41'),
(384, 'products/be5e54cb711455a18fa5f4adbf6f8efe.jpg', 96, 'App\\Models\\Product', '2023-03-21 11:35:41', '2023-03-21 11:35:41'),
(385, 'products/0a96e2c10c73482a43ca35b1b64a7d37.jpg', 97, 'App\\Models\\Product', '2023-03-21 11:35:42', '2023-03-21 11:35:42'),
(386, 'products/a4106af94985b8d98ef9afb8300a7a68.jpg', 97, 'App\\Models\\Product', '2023-03-21 11:35:42', '2023-03-21 11:35:42'),
(387, 'products/50c82a452c56162103b51b77122f7832.jpg', 97, 'App\\Models\\Product', '2023-03-21 11:35:42', '2023-03-21 11:35:42'),
(388, 'products/52e878dc86b87de9ac5272dab64ea197.jpg', 97, 'App\\Models\\Product', '2023-03-21 11:35:42', '2023-03-21 11:35:42'),
(389, 'products/63c50de2472f209ef548c6007583cf1e.jpg', 98, 'App\\Models\\Product', '2023-03-21 11:35:42', '2023-03-21 11:35:42'),
(390, 'products/6649921319107a9f040175d8b3179160.jpg', 98, 'App\\Models\\Product', '2023-03-21 11:35:42', '2023-03-21 11:35:42');
INSERT INTO `images` (`id`, `url`, `imageable_id`, `imageable_type`, `created_at`, `updated_at`) VALUES
(391, 'products/2eb2b6202dd74f8e6411dbac29172a47.jpg', 98, 'App\\Models\\Product', '2023-03-21 11:35:42', '2023-03-21 11:35:42'),
(392, 'products/73c6169796b948191d24575aca4a4135.jpg', 98, 'App\\Models\\Product', '2023-03-21 11:35:42', '2023-03-21 11:35:42'),
(393, 'products/30baf486208ec80c20629a54f7652681.jpg', 99, 'App\\Models\\Product', '2023-03-21 11:35:43', '2023-03-21 11:35:43'),
(394, 'products/2b567cb32c37b1a4399b5302d6bba7c8.jpg', 99, 'App\\Models\\Product', '2023-03-21 11:35:43', '2023-03-21 11:35:43'),
(395, 'products/568ee8a110e2eaa9788f18de3fab7e4a.jpg', 99, 'App\\Models\\Product', '2023-03-21 11:35:43', '2023-03-21 11:35:43'),
(396, 'products/21284f834cdab2ba40c6df755a76f231.jpg', 99, 'App\\Models\\Product', '2023-03-21 11:35:43', '2023-03-21 11:35:43'),
(397, 'products/d270297625bcef7ee4e3ccfabe4f7920.jpg', 100, 'App\\Models\\Product', '2023-03-21 11:35:44', '2023-03-21 11:35:44'),
(398, 'products/424028da13e45a6d70ee6ae2ff8cba2a.jpg', 100, 'App\\Models\\Product', '2023-03-21 11:35:44', '2023-03-21 11:35:44'),
(399, 'products/8da83e569c093e14e7a18453d03f986d.jpg', 100, 'App\\Models\\Product', '2023-03-21 11:35:44', '2023-03-21 11:35:44'),
(400, 'products/6160c83b752ff8452dbb02425bda08bf.jpg', 100, 'App\\Models\\Product', '2023-03-21 11:35:44', '2023-03-21 11:35:44'),
(401, 'products/6d6902bf7797558c7e9249df8894c375.jpg', 101, 'App\\Models\\Product', '2023-03-21 11:35:45', '2023-03-21 11:35:45'),
(402, 'products/0bde5930580fe7ef4b5b4234709d84f3.jpg', 101, 'App\\Models\\Product', '2023-03-21 11:35:45', '2023-03-21 11:35:45'),
(403, 'products/9d0a896629fb5d087bf45356d0381dfc.jpg', 101, 'App\\Models\\Product', '2023-03-21 11:35:45', '2023-03-21 11:35:45'),
(404, 'products/6606fbdc20375567327bfde43936bc5a.jpg', 101, 'App\\Models\\Product', '2023-03-21 11:35:45', '2023-03-21 11:35:45'),
(405, 'products/01aacf807e442874349b19dd727507d1.jpg', 102, 'App\\Models\\Product', '2023-03-21 11:35:45', '2023-03-21 11:35:45'),
(406, 'products/d80164457a153adf6afaa792437b9bdb.jpg', 102, 'App\\Models\\Product', '2023-03-21 11:35:45', '2023-03-21 11:35:45'),
(407, 'products/97e7cedd710f4ae4be8ec5f6ddb91f40.jpg', 102, 'App\\Models\\Product', '2023-03-21 11:35:45', '2023-03-21 11:35:45'),
(408, 'products/1f9b46c81f71ff6274a22bd3964a42f2.jpg', 102, 'App\\Models\\Product', '2023-03-21 11:35:45', '2023-03-21 11:35:45'),
(409, 'products/9dcbee7361993e91751546e9b733e051.jpg', 103, 'App\\Models\\Product', '2023-03-21 11:35:46', '2023-03-21 11:35:46'),
(410, 'products/dad517a16b71805b7b915263f3c8a22a.jpg', 103, 'App\\Models\\Product', '2023-03-21 11:35:46', '2023-03-21 11:35:46'),
(411, 'products/4e9c0e0b9c565966c83a17013b1c99c0.jpg', 103, 'App\\Models\\Product', '2023-03-21 11:35:46', '2023-03-21 11:35:46'),
(412, 'products/bc08ccaa1e152ddd2f6bdea8623f40a6.jpg', 103, 'App\\Models\\Product', '2023-03-21 11:35:46', '2023-03-21 11:35:46'),
(413, 'products/cbf84074788a6a8ed11f62fba1a33f49.jpg', 104, 'App\\Models\\Product', '2023-03-21 11:35:47', '2023-03-21 11:35:47'),
(414, 'products/b7cf7d99f069ee1678eca5a603ff8a18.jpg', 104, 'App\\Models\\Product', '2023-03-21 11:35:47', '2023-03-21 11:35:47'),
(415, 'products/b64fe470904266cf5449d7f0069e1f9f.jpg', 104, 'App\\Models\\Product', '2023-03-21 11:35:47', '2023-03-21 11:35:47'),
(416, 'products/5c94b401a736eb876092b0207ce94779.jpg', 104, 'App\\Models\\Product', '2023-03-21 11:35:47', '2023-03-21 11:35:47'),
(417, 'products/bb810c748fd7685d4259e32e1d335f1c.jpg', 105, 'App\\Models\\Product', '2023-03-21 11:35:47', '2023-03-21 11:35:47'),
(418, 'products/a405ff970b46ebb4896c05f50cd59f4e.jpg', 105, 'App\\Models\\Product', '2023-03-21 11:35:47', '2023-03-21 11:35:47'),
(419, 'products/bbc624857716d9b25e606accc6ca8400.jpg', 105, 'App\\Models\\Product', '2023-03-21 11:35:47', '2023-03-21 11:35:47'),
(420, 'products/7012637c626b2781fb85cc37367a2780.jpg', 105, 'App\\Models\\Product', '2023-03-21 11:35:47', '2023-03-21 11:35:47'),
(421, 'products/d00781b10d29b437dcf34280bf54284c.jpg', 106, 'App\\Models\\Product', '2023-03-21 11:35:48', '2023-03-21 11:35:48'),
(422, 'products/d87557427338119428b2f9636c82ee79.jpg', 106, 'App\\Models\\Product', '2023-03-21 11:35:48', '2023-03-21 11:35:48'),
(423, 'products/9b7854aa4cd22d755a98984e0c99dbed.jpg', 106, 'App\\Models\\Product', '2023-03-21 11:35:48', '2023-03-21 11:35:48'),
(424, 'products/21a18a6ff6ff1582fe1daad8767ee17f.jpg', 106, 'App\\Models\\Product', '2023-03-21 11:35:48', '2023-03-21 11:35:48'),
(425, 'products/f8d9399bcdd2f59f3c3b58454a9a5ad7.jpg', 107, 'App\\Models\\Product', '2023-03-21 11:35:49', '2023-03-21 11:35:49'),
(426, 'products/d6bd91c3b8a28e43725142750e2a8f2a.jpg', 107, 'App\\Models\\Product', '2023-03-21 11:35:49', '2023-03-21 11:35:49'),
(427, 'products/c2197e8dfd732822f66e78e1dd9df44e.jpg', 107, 'App\\Models\\Product', '2023-03-21 11:35:49', '2023-03-21 11:35:49'),
(428, 'products/b774da6f0b42222b99b4144bbd84d852.jpg', 107, 'App\\Models\\Product', '2023-03-21 11:35:49', '2023-03-21 11:35:49'),
(429, 'products/5f397af38f866925aa470246605a0810.jpg', 108, 'App\\Models\\Product', '2023-03-21 11:35:50', '2023-03-21 11:35:50'),
(430, 'products/0737b807813b7d8fd1381c5778ccf153.jpg', 108, 'App\\Models\\Product', '2023-03-21 11:35:50', '2023-03-21 11:35:50'),
(431, 'products/7e3dee3ccc9ab0ae79cc1d7f977f11e7.jpg', 108, 'App\\Models\\Product', '2023-03-21 11:35:50', '2023-03-21 11:35:50'),
(432, 'products/55b57df455d6d0b9fa0c533ab6391388.jpg', 108, 'App\\Models\\Product', '2023-03-21 11:35:50', '2023-03-21 11:35:50'),
(433, 'products/50616e4fa3bcf085ccd3c552e860e106.jpg', 109, 'App\\Models\\Product', '2023-03-21 11:35:50', '2023-03-21 11:35:50'),
(434, 'products/674f38817dddce9ba705f9e96694ec5f.jpg', 109, 'App\\Models\\Product', '2023-03-21 11:35:51', '2023-03-21 11:35:51'),
(435, 'products/39ed67f57c528c1b8cce88be31e1e51b.jpg', 109, 'App\\Models\\Product', '2023-03-21 11:35:51', '2023-03-21 11:35:51'),
(436, 'products/01f58c839584a5b18e8081baa16c3529.jpg', 109, 'App\\Models\\Product', '2023-03-21 11:35:51', '2023-03-21 11:35:51'),
(437, 'products/2804467cc596ca3b5610602f4fb5ff51.jpg', 110, 'App\\Models\\Product', '2023-03-21 11:35:53', '2023-03-21 11:35:53'),
(438, 'products/c67933a01d68b0f8e9160af28ea3386e.jpg', 110, 'App\\Models\\Product', '2023-03-21 11:35:53', '2023-03-21 11:35:53'),
(439, 'products/46e31708ce1f95689d2c2c3fdb98d3e8.jpg', 110, 'App\\Models\\Product', '2023-03-21 11:35:53', '2023-03-21 11:35:53'),
(440, 'products/834656eadbd24fffbd6f0c85fa3bbc26.jpg', 110, 'App\\Models\\Product', '2023-03-21 11:35:53', '2023-03-21 11:35:53'),
(441, 'products/dbe91f81daeec184fef8a94cc3a6e98c.jpg', 111, 'App\\Models\\Product', '2023-03-21 11:35:54', '2023-03-21 11:35:54'),
(442, 'products/403822b93b1b2aca64f4799de3c275fb.jpg', 111, 'App\\Models\\Product', '2023-03-21 11:35:54', '2023-03-21 11:35:54'),
(443, 'products/9df3568caf342aae490e1007277360aa.jpg', 111, 'App\\Models\\Product', '2023-03-21 11:35:54', '2023-03-21 11:35:54'),
(444, 'products/05569f04ce8e155682a966fbce3e84b2.jpg', 111, 'App\\Models\\Product', '2023-03-21 11:35:54', '2023-03-21 11:35:54'),
(445, 'products/2f9f344658f82d8c01e6e03e503554c3.jpg', 112, 'App\\Models\\Product', '2023-03-21 11:35:54', '2023-03-21 11:35:54'),
(446, 'products/f5bd5b91fa0e6e7e480a90041b4f193f.jpg', 112, 'App\\Models\\Product', '2023-03-21 11:35:54', '2023-03-21 11:35:54'),
(447, 'products/9895fd247ccba6de6b9db8a7818abe1d.jpg', 112, 'App\\Models\\Product', '2023-03-21 11:35:54', '2023-03-21 11:35:54'),
(448, 'products/28bb9dc2587759699699d210734cc26c.jpg', 112, 'App\\Models\\Product', '2023-03-21 11:35:54', '2023-03-21 11:35:54'),
(449, 'products/608e3c2974827cd6ca19c2b036d6f8fa.jpg', 113, 'App\\Models\\Product', '2023-03-21 11:35:55', '2023-03-21 11:35:55'),
(450, 'products/e742a3235b3e53c99cc206b0283f23ac.jpg', 113, 'App\\Models\\Product', '2023-03-21 11:35:55', '2023-03-21 11:35:55'),
(451, 'products/469e0276ba6f0c928cd623cb1749c26e.jpg', 113, 'App\\Models\\Product', '2023-03-21 11:35:55', '2023-03-21 11:35:55'),
(452, 'products/1e62a9fae29a16f9b62d469c76ec8c23.jpg', 113, 'App\\Models\\Product', '2023-03-21 11:35:55', '2023-03-21 11:35:55'),
(453, 'products/6d4e3512fd2caa133f2b1c4b682a80de.jpg', 114, 'App\\Models\\Product', '2023-03-21 11:35:56', '2023-03-21 11:35:56'),
(454, 'products/c1513b8969b8c1e4a43d1b72a8cf720e.jpg', 114, 'App\\Models\\Product', '2023-03-21 11:35:56', '2023-03-21 11:35:56'),
(455, 'products/ce92d50f2fae55f6c176cac5867efe9f.jpg', 114, 'App\\Models\\Product', '2023-03-21 11:35:56', '2023-03-21 11:35:56'),
(456, 'products/80b1b781c8597f93269a547eed98d1af.jpg', 114, 'App\\Models\\Product', '2023-03-21 11:35:56', '2023-03-21 11:35:56'),
(457, 'products/2e5a6eb31f32d22b47d533b6e4409f73.jpg', 115, 'App\\Models\\Product', '2023-03-21 11:35:57', '2023-03-21 11:35:57'),
(458, 'products/b0c0b56e32c6bfb672f6ae5b26a3669b.jpg', 115, 'App\\Models\\Product', '2023-03-21 11:35:57', '2023-03-21 11:35:57'),
(459, 'products/cec9c3e3d211c9d867b1f9d3ec869fe6.jpg', 115, 'App\\Models\\Product', '2023-03-21 11:35:57', '2023-03-21 11:35:57'),
(460, 'products/f91a86d83013ffefd3764c10ae916e2e.jpg', 115, 'App\\Models\\Product', '2023-03-21 11:35:57', '2023-03-21 11:35:57'),
(461, 'products/94e82650222c33c7146d8c4fa39bc1bb.jpg', 116, 'App\\Models\\Product', '2023-03-21 11:35:57', '2023-03-21 11:35:57'),
(462, 'products/17e10c875f56bdbdf7375fb5973fe69a.jpg', 116, 'App\\Models\\Product', '2023-03-21 11:35:57', '2023-03-21 11:35:57'),
(463, 'products/7d8f2270fb15c9465615796d49652ec8.jpg', 116, 'App\\Models\\Product', '2023-03-21 11:35:57', '2023-03-21 11:35:57'),
(464, 'products/8c6b6eabc069023623601fcd56ac3e0f.jpg', 116, 'App\\Models\\Product', '2023-03-21 11:35:57', '2023-03-21 11:35:57'),
(465, 'products/0135b1d7c1e351248905344814959078.jpg', 117, 'App\\Models\\Product', '2023-03-21 11:35:58', '2023-03-21 11:35:58'),
(466, 'products/be94ccf2f80816c1fbda4455d8cbdc02.jpg', 117, 'App\\Models\\Product', '2023-03-21 11:35:58', '2023-03-21 11:35:58'),
(467, 'products/2107c8257e7233a762d87926f0b23984.jpg', 117, 'App\\Models\\Product', '2023-03-21 11:35:58', '2023-03-21 11:35:58'),
(468, 'products/5277cc368ff84024a68c04f75844a670.jpg', 117, 'App\\Models\\Product', '2023-03-21 11:35:58', '2023-03-21 11:35:58'),
(469, 'products/37cbdb3dc955718eb22d7fa46ccf59d9.jpg', 118, 'App\\Models\\Product', '2023-03-21 11:35:59', '2023-03-21 11:35:59'),
(470, 'products/39c37304194b57f65457eed2f1c311b3.jpg', 118, 'App\\Models\\Product', '2023-03-21 11:35:59', '2023-03-21 11:35:59'),
(471, 'products/7946ea2d8c5ae9d3790adf4dc4ea4f68.jpg', 118, 'App\\Models\\Product', '2023-03-21 11:35:59', '2023-03-21 11:35:59'),
(472, 'products/375cf21a14ac9f8f958ed9d9d6ad4cf0.jpg', 118, 'App\\Models\\Product', '2023-03-21 11:35:59', '2023-03-21 11:35:59'),
(473, 'products/c028b4358fc75c1a1b7d33c28fea4581.jpg', 119, 'App\\Models\\Product', '2023-03-21 11:36:00', '2023-03-21 11:36:00'),
(474, 'products/118d515c6e0d05e9aaa271214a36bb40.jpg', 119, 'App\\Models\\Product', '2023-03-21 11:36:00', '2023-03-21 11:36:00'),
(475, 'products/59b5c674d2796bb94c7ab924b4d88f18.jpg', 119, 'App\\Models\\Product', '2023-03-21 11:36:00', '2023-03-21 11:36:00'),
(476, 'products/201688ec4c7ed5c9270210ddc4d20ccf.jpg', 119, 'App\\Models\\Product', '2023-03-21 11:36:00', '2023-03-21 11:36:00'),
(477, 'products/e53bd226af642f3204537c87ec7e4686.jpg', 120, 'App\\Models\\Product', '2023-03-21 11:36:00', '2023-03-21 11:36:00'),
(478, 'products/e7994ec14d2acad1a4f4960f4fa85fe4.jpg', 120, 'App\\Models\\Product', '2023-03-21 11:36:00', '2023-03-21 11:36:00'),
(479, 'products/5053f2d82703bc2ab9cac6426af3ab65.jpg', 120, 'App\\Models\\Product', '2023-03-21 11:36:00', '2023-03-21 11:36:00'),
(480, 'products/bd42583c44d67a958367b961767569ec.jpg', 120, 'App\\Models\\Product', '2023-03-21 11:36:00', '2023-03-21 11:36:00'),
(481, 'products/c15f72a34a96f0074894eba410faa44f.jpg', 121, 'App\\Models\\Product', '2023-03-21 11:36:01', '2023-03-21 11:36:01'),
(482, 'products/a1670e96407fb4bf830272e5ec8fd480.jpg', 121, 'App\\Models\\Product', '2023-03-21 11:36:01', '2023-03-21 11:36:01'),
(483, 'products/f860aa0241813941332b2c106d7fbc15.jpg', 121, 'App\\Models\\Product', '2023-03-21 11:36:01', '2023-03-21 11:36:01'),
(484, 'products/dc4610210c281f4eab3bdac4586f1363.jpg', 121, 'App\\Models\\Product', '2023-03-21 11:36:01', '2023-03-21 11:36:01'),
(485, 'products/ee72bfc91aa340ac59d165865835e54b.jpg', 122, 'App\\Models\\Product', '2023-03-21 11:36:02', '2023-03-21 11:36:02'),
(486, 'products/5b6a68fc87ec26b918c6e2fd8133a7c2.jpg', 122, 'App\\Models\\Product', '2023-03-21 11:36:02', '2023-03-21 11:36:02'),
(487, 'products/1b9678c039afd8b7681819b08a4e2ef0.jpg', 122, 'App\\Models\\Product', '2023-03-21 11:36:02', '2023-03-21 11:36:02'),
(488, 'products/eb543a6b8561f1c35b57099afec162c1.jpg', 122, 'App\\Models\\Product', '2023-03-21 11:36:02', '2023-03-21 11:36:02'),
(489, 'products/05f6b6332bcb866da7fbb3675d66b7fe.jpg', 123, 'App\\Models\\Product', '2023-03-21 11:36:03', '2023-03-21 11:36:03'),
(490, 'products/78a38a0dad4e0ca47f5ff465cb89f163.jpg', 123, 'App\\Models\\Product', '2023-03-21 11:36:03', '2023-03-21 11:36:03'),
(491, 'products/dbbeb049edd24c5b9d3d167781310712.jpg', 123, 'App\\Models\\Product', '2023-03-21 11:36:03', '2023-03-21 11:36:03'),
(492, 'products/2edb5a36f28811d0af22c802a5db4771.jpg', 123, 'App\\Models\\Product', '2023-03-21 11:36:03', '2023-03-21 11:36:03'),
(493, 'products/ccacaef943484d18a7c769d7118f02e3.jpg', 124, 'App\\Models\\Product', '2023-03-21 11:36:03', '2023-03-21 11:36:03'),
(494, 'products/5ba4328b09014c11e92bb2a81738d5a8.jpg', 124, 'App\\Models\\Product', '2023-03-21 11:36:03', '2023-03-21 11:36:03'),
(495, 'products/b50d1b06e039a71876fcfa36bf35c38e.jpg', 124, 'App\\Models\\Product', '2023-03-21 11:36:03', '2023-03-21 11:36:03'),
(496, 'products/99cbb19a9f0ba48fe18d27804275e4b5.jpg', 124, 'App\\Models\\Product', '2023-03-21 11:36:03', '2023-03-21 11:36:03'),
(497, 'products/64208a3c5dee9f9168dbc89fd7a6c39c.jpg', 125, 'App\\Models\\Product', '2023-03-21 11:36:04', '2023-03-21 11:36:04'),
(498, 'products/f94453750800e8df77ce8dce072ce2e1.jpg', 125, 'App\\Models\\Product', '2023-03-21 11:36:04', '2023-03-21 11:36:04'),
(499, 'products/ad229a873d80a16405db8e3ca214e02d.jpg', 125, 'App\\Models\\Product', '2023-03-21 11:36:04', '2023-03-21 11:36:04'),
(500, 'products/7570ceb3e92e62b8164111726cf66b34.jpg', 125, 'App\\Models\\Product', '2023-03-21 11:36:04', '2023-03-21 11:36:04'),
(501, 'products/a93c9c8fbef8b070b9978deef447380f.jpg', 126, 'App\\Models\\Product', '2023-03-21 11:36:05', '2023-03-21 11:36:05'),
(502, 'products/fd7a3693fb73ece002e1a03bed5d6630.jpg', 126, 'App\\Models\\Product', '2023-03-21 11:36:05', '2023-03-21 11:36:05'),
(503, 'products/917e2a1728ae44cde6aab7c1e8fd4470.jpg', 126, 'App\\Models\\Product', '2023-03-21 11:36:05', '2023-03-21 11:36:05'),
(504, 'products/0dd6526e0b3ee7e49becdac36e76eacf.jpg', 126, 'App\\Models\\Product', '2023-03-21 11:36:05', '2023-03-21 11:36:05'),
(505, 'products/fbe6e55c5f7a626e3fc1b844c040a2af.jpg', 127, 'App\\Models\\Product', '2023-03-21 11:36:06', '2023-03-21 11:36:06'),
(506, 'products/9083dd0af8c1e2e917af252cf8a8e4a1.jpg', 127, 'App\\Models\\Product', '2023-03-21 11:36:06', '2023-03-21 11:36:06'),
(507, 'products/dd3ad929b478d557b699dca903df5c03.jpg', 127, 'App\\Models\\Product', '2023-03-21 11:36:06', '2023-03-21 11:36:06'),
(508, 'products/4e27b2c61337fed4bd3814971b127471.jpg', 127, 'App\\Models\\Product', '2023-03-21 11:36:06', '2023-03-21 11:36:06'),
(509, 'products/2afc9da9580eff1491537d84101a0a5c.jpg', 128, 'App\\Models\\Product', '2023-03-21 11:36:07', '2023-03-21 11:36:07'),
(510, 'products/3f66febfbeb090f7325a0847a0f8d640.jpg', 128, 'App\\Models\\Product', '2023-03-21 11:36:07', '2023-03-21 11:36:07'),
(511, 'products/26f60b085bb2d053a20063cd3003b9c3.jpg', 128, 'App\\Models\\Product', '2023-03-21 11:36:07', '2023-03-21 11:36:07'),
(512, 'products/38c256847578eabcfe4a98fcf224fc17.jpg', 128, 'App\\Models\\Product', '2023-03-21 11:36:07', '2023-03-21 11:36:07'),
(513, 'products/cc85bbbb1dab5a29537bec27b040f7e2.jpg', 129, 'App\\Models\\Product', '2023-03-21 11:36:08', '2023-03-21 11:36:08'),
(514, 'products/901aeadefdf3ba107661a800279e0eaa.jpg', 129, 'App\\Models\\Product', '2023-03-21 11:36:08', '2023-03-21 11:36:08'),
(515, 'products/7fcc25618b63454f1dcd1c8a0fd31fa1.jpg', 129, 'App\\Models\\Product', '2023-03-21 11:36:08', '2023-03-21 11:36:08'),
(516, 'products/3114c38864756a05fce9273987f526cb.jpg', 129, 'App\\Models\\Product', '2023-03-21 11:36:08', '2023-03-21 11:36:08'),
(517, 'products/3fcb9073e5f0448cf69212cd2836abcf.jpg', 130, 'App\\Models\\Product', '2023-03-21 11:36:09', '2023-03-21 11:36:09'),
(518, 'products/83ebb82ae94df1f4f2b8568f5b447070.jpg', 130, 'App\\Models\\Product', '2023-03-21 11:36:09', '2023-03-21 11:36:09'),
(519, 'products/8f69de854f449eb70b758c73416df084.jpg', 130, 'App\\Models\\Product', '2023-03-21 11:36:09', '2023-03-21 11:36:09'),
(520, 'products/f3d07333c8d05f2772e8da18a10b2812.jpg', 130, 'App\\Models\\Product', '2023-03-21 11:36:09', '2023-03-21 11:36:09'),
(521, 'products/1b6436416a3da6433403e37361e3042b.jpg', 131, 'App\\Models\\Product', '2023-03-21 11:36:10', '2023-03-21 11:36:10'),
(522, 'products/c5bbd2bda14d8b6bc12c3dc21de8c428.jpg', 131, 'App\\Models\\Product', '2023-03-21 11:36:10', '2023-03-21 11:36:10'),
(523, 'products/e09d791ca2e52e7d03347976e5fc98cf.jpg', 131, 'App\\Models\\Product', '2023-03-21 11:36:10', '2023-03-21 11:36:10'),
(524, 'products/eeaadbec60506340bb91ebd2f512cab2.jpg', 131, 'App\\Models\\Product', '2023-03-21 11:36:10', '2023-03-21 11:36:10'),
(525, 'products/b33bd7e273f24d9719f2e5b538e7cefa.jpg', 132, 'App\\Models\\Product', '2023-03-21 11:36:11', '2023-03-21 11:36:11'),
(526, 'products/b2e001d6b44915aecb4dc9a8691dba34.jpg', 132, 'App\\Models\\Product', '2023-03-21 11:36:11', '2023-03-21 11:36:11'),
(527, 'products/934244576f8697925f9e79fd11fcd4ab.jpg', 132, 'App\\Models\\Product', '2023-03-21 11:36:11', '2023-03-21 11:36:11'),
(528, 'products/4ebd1b4b3287536f3d40f24a70042f94.jpg', 132, 'App\\Models\\Product', '2023-03-21 11:36:11', '2023-03-21 11:36:11'),
(529, 'products/04db4d632affdddf89d60b0c92b18cb6.jpg', 133, 'App\\Models\\Product', '2023-03-21 11:36:11', '2023-03-21 11:36:11'),
(530, 'products/462ae7a709ddcbf2b88d6df155929253.jpg', 133, 'App\\Models\\Product', '2023-03-21 11:36:11', '2023-03-21 11:36:11'),
(531, 'products/71a6d7dda3e0bd0bc09751ef42476d28.jpg', 133, 'App\\Models\\Product', '2023-03-21 11:36:11', '2023-03-21 11:36:11'),
(532, 'products/cc72706f9e99c29573af137be9ad25e4.jpg', 133, 'App\\Models\\Product', '2023-03-21 11:36:11', '2023-03-21 11:36:11'),
(533, 'products/b3bb6a96cf5c597c8b11146644a19c4a.jpg', 134, 'App\\Models\\Product', '2023-03-21 11:36:12', '2023-03-21 11:36:12'),
(534, 'products/674a123e441e6b2151f3adffec07638e.jpg', 134, 'App\\Models\\Product', '2023-03-21 11:36:12', '2023-03-21 11:36:12'),
(535, 'products/7560b808a58da1f19ec2b9c7d4b19647.jpg', 134, 'App\\Models\\Product', '2023-03-21 11:36:12', '2023-03-21 11:36:12'),
(536, 'products/85072a9a5e365eec6623df06b121a18d.jpg', 134, 'App\\Models\\Product', '2023-03-21 11:36:12', '2023-03-21 11:36:12'),
(537, 'products/2cffb5392236460bb7654322984ba9b8.jpg', 135, 'App\\Models\\Product', '2023-03-21 11:36:13', '2023-03-21 11:36:13'),
(538, 'products/537d757a93607f81a066ecad1e43a596.jpg', 135, 'App\\Models\\Product', '2023-03-21 11:36:13', '2023-03-21 11:36:13'),
(539, 'products/7f66db552c099a0c7b02a5ad33022d82.jpg', 135, 'App\\Models\\Product', '2023-03-21 11:36:13', '2023-03-21 11:36:13'),
(540, 'products/66a950e420ab103380ff043b8a1611c6.jpg', 135, 'App\\Models\\Product', '2023-03-21 11:36:13', '2023-03-21 11:36:13'),
(541, 'products/abc69bab550c5d2f9b21b2c7f2852202.jpg', 136, 'App\\Models\\Product', '2023-03-21 11:36:14', '2023-03-21 11:36:14'),
(542, 'products/82b7f6dbf83c172c52d31c2aa0171088.jpg', 136, 'App\\Models\\Product', '2023-03-21 11:36:14', '2023-03-21 11:36:14'),
(543, 'products/5992449c771d6ab7c605b16cd726b6de.jpg', 136, 'App\\Models\\Product', '2023-03-21 11:36:14', '2023-03-21 11:36:14'),
(544, 'products/97bfc8ce4065301bfe506e03cee66e5e.jpg', 136, 'App\\Models\\Product', '2023-03-21 11:36:14', '2023-03-21 11:36:14'),
(545, 'products/f9756d6effea017cf9e84364d75a635b.jpg', 137, 'App\\Models\\Product', '2023-03-21 11:36:15', '2023-03-21 11:36:15'),
(546, 'products/e94238fdc5b5236a0209a57b95b8b1fd.jpg', 137, 'App\\Models\\Product', '2023-03-21 11:36:15', '2023-03-21 11:36:15'),
(547, 'products/ba5cb7e2364619d2f269d33f4d369a65.jpg', 137, 'App\\Models\\Product', '2023-03-21 11:36:15', '2023-03-21 11:36:15'),
(548, 'products/618e30047699f4fe5bec20f4494743ce.jpg', 137, 'App\\Models\\Product', '2023-03-21 11:36:15', '2023-03-21 11:36:15'),
(549, 'products/04980a60686119086cd554cd2ec412ce.jpg', 138, 'App\\Models\\Product', '2023-03-21 11:36:16', '2023-03-21 11:36:16'),
(550, 'products/9ca93443fe222d20517196d30f5bcaf1.jpg', 138, 'App\\Models\\Product', '2023-03-21 11:36:16', '2023-03-21 11:36:16'),
(551, 'products/b1c8ff02bf32e27b001df1bfb7b5bae7.jpg', 138, 'App\\Models\\Product', '2023-03-21 11:36:16', '2023-03-21 11:36:16'),
(552, 'products/8611e7587c9022753bb4e40c2cbaed4a.jpg', 138, 'App\\Models\\Product', '2023-03-21 11:36:16', '2023-03-21 11:36:16'),
(553, 'products/d2061273cf6b2d3d64e5142c31388a2f.jpg', 139, 'App\\Models\\Product', '2023-03-21 11:36:17', '2023-03-21 11:36:17'),
(554, 'products/2d2b966f783ac4665ba7716b260b00f8.jpg', 139, 'App\\Models\\Product', '2023-03-21 11:36:17', '2023-03-21 11:36:17'),
(555, 'products/1e394b27d0eebe8385ef2fe987ed46c2.jpg', 139, 'App\\Models\\Product', '2023-03-21 11:36:17', '2023-03-21 11:36:17'),
(556, 'products/67e5bdcbdeedc2d272c6ab826e5b3797.jpg', 139, 'App\\Models\\Product', '2023-03-21 11:36:17', '2023-03-21 11:36:17'),
(557, 'products/78f0342bdfd21c818e7a2e287b01f006.jpg', 140, 'App\\Models\\Product', '2023-03-21 11:36:18', '2023-03-21 11:36:18'),
(558, 'products/132529159c5e866d2bfa461aeca7dfa7.jpg', 140, 'App\\Models\\Product', '2023-03-21 11:36:18', '2023-03-21 11:36:18'),
(559, 'products/23f4aee603a08d8af3ffdf1b5fd71efa.jpg', 140, 'App\\Models\\Product', '2023-03-21 11:36:18', '2023-03-21 11:36:18'),
(560, 'products/54750ad262109d983f0495a3577a4928.jpg', 140, 'App\\Models\\Product', '2023-03-21 11:36:18', '2023-03-21 11:36:18'),
(561, 'products/2796715d118fea9d15526db2a60520d4.jpg', 141, 'App\\Models\\Product', '2023-03-21 11:36:18', '2023-03-21 11:36:18'),
(562, 'products/25882c13e957483bc1591c3ee80f075b.jpg', 141, 'App\\Models\\Product', '2023-03-21 11:36:19', '2023-03-21 11:36:19'),
(563, 'products/bc92e81060f85e3cc65c5443b755dae0.jpg', 141, 'App\\Models\\Product', '2023-03-21 11:36:19', '2023-03-21 11:36:19'),
(564, 'products/e5a5fe6bc238de4d5ee225ee3b473cd6.jpg', 141, 'App\\Models\\Product', '2023-03-21 11:36:19', '2023-03-21 11:36:19'),
(565, 'products/5611cfb3b43f69f836e8feebdd66aeb0.jpg', 142, 'App\\Models\\Product', '2023-03-21 11:36:19', '2023-03-21 11:36:19'),
(566, 'products/592dbb708c326e86e4833e50cd698b10.jpg', 142, 'App\\Models\\Product', '2023-03-21 11:36:19', '2023-03-21 11:36:19'),
(567, 'products/72a6bff1be16e421123973e9e5b03188.jpg', 142, 'App\\Models\\Product', '2023-03-21 11:36:19', '2023-03-21 11:36:19'),
(568, 'products/aeba671b48c4094d550eb989f117aa89.jpg', 142, 'App\\Models\\Product', '2023-03-21 11:36:19', '2023-03-21 11:36:19'),
(569, 'products/4f6d85ecd81525ed23a7f858c0e351b5.jpg', 143, 'App\\Models\\Product', '2023-03-21 11:36:20', '2023-03-21 11:36:20'),
(570, 'products/505871a3f1a1daf1917a2a37cfaea196.jpg', 143, 'App\\Models\\Product', '2023-03-21 11:36:20', '2023-03-21 11:36:20'),
(571, 'products/27b619562e2398d22e22c2e690bdb9ee.jpg', 143, 'App\\Models\\Product', '2023-03-21 11:36:20', '2023-03-21 11:36:20'),
(572, 'products/b538359005881805d7b3d52987b94ad3.jpg', 143, 'App\\Models\\Product', '2023-03-21 11:36:20', '2023-03-21 11:36:20'),
(573, 'products/e0d23bd94c287405673ec928915b30fb.jpg', 144, 'App\\Models\\Product', '2023-03-21 11:36:21', '2023-03-21 11:36:21'),
(574, 'products/60c91ca9ca7ebde9db0c2aab35203e6d.jpg', 144, 'App\\Models\\Product', '2023-03-21 11:36:21', '2023-03-21 11:36:21'),
(575, 'products/fe4d5553973df672a9f9b2eef6c0ce89.jpg', 144, 'App\\Models\\Product', '2023-03-21 11:36:21', '2023-03-21 11:36:21'),
(576, 'products/4429c9801d63d0332d8ef2763f9e71e4.jpg', 144, 'App\\Models\\Product', '2023-03-21 11:36:21', '2023-03-21 11:36:21'),
(577, 'products/cd33b1713ee9f0e401802c00da2d0c5e.jpg', 145, 'App\\Models\\Product', '2023-03-21 11:36:21', '2023-03-21 11:36:21'),
(578, 'products/b0fb1953173a9420d1cb9160a630f207.jpg', 145, 'App\\Models\\Product', '2023-03-21 11:36:21', '2023-03-21 11:36:21'),
(579, 'products/130bf4fb4f551f32295d96bc39ccd422.jpg', 145, 'App\\Models\\Product', '2023-03-21 11:36:21', '2023-03-21 11:36:21'),
(580, 'products/8c87978b818b0930cd2867482da8c757.jpg', 145, 'App\\Models\\Product', '2023-03-21 11:36:21', '2023-03-21 11:36:21'),
(581, 'products/bd5e1917dc180db6cec0d2ecb5d90db7.jpg', 146, 'App\\Models\\Product', '2023-03-21 11:36:22', '2023-03-21 11:36:22'),
(582, 'products/4d3431efd96cb8ba9ea57c4490fc1e32.jpg', 146, 'App\\Models\\Product', '2023-03-21 11:36:22', '2023-03-21 11:36:22'),
(583, 'products/03c0ef35deb82541403dfbc4976380b5.jpg', 146, 'App\\Models\\Product', '2023-03-21 11:36:22', '2023-03-21 11:36:22'),
(584, 'products/ea985c067691408894cce108441d45d2.jpg', 146, 'App\\Models\\Product', '2023-03-21 11:36:22', '2023-03-21 11:36:22'),
(585, 'products/a4dd8394b6460d0b008df363671ebe18.jpg', 147, 'App\\Models\\Product', '2023-03-21 11:36:23', '2023-03-21 11:36:23'),
(586, 'products/9cfb7ae1034664953a8aa437e2633983.jpg', 147, 'App\\Models\\Product', '2023-03-21 11:36:23', '2023-03-21 11:36:23'),
(587, 'products/c9513bdf669f722b6975d12a6526ff38.jpg', 147, 'App\\Models\\Product', '2023-03-21 11:36:23', '2023-03-21 11:36:23'),
(588, 'products/eb61260df91e4e7523d3081eb755af71.jpg', 147, 'App\\Models\\Product', '2023-03-21 11:36:23', '2023-03-21 11:36:23'),
(589, 'products/9bafdd6c19ca8b435cf9b60485fcba79.jpg', 148, 'App\\Models\\Product', '2023-03-21 11:36:24', '2023-03-21 11:36:24'),
(590, 'products/f8181b1968824c0eaad8499531c9f9f5.jpg', 148, 'App\\Models\\Product', '2023-03-21 11:36:24', '2023-03-21 11:36:24'),
(591, 'products/e484415c1f5c779c10c72abf7d5287c1.jpg', 148, 'App\\Models\\Product', '2023-03-21 11:36:24', '2023-03-21 11:36:24'),
(592, 'products/cb3622f389b842794bc758876b97616b.jpg', 148, 'App\\Models\\Product', '2023-03-21 11:36:24', '2023-03-21 11:36:24'),
(593, 'products/0dbb763b83b3befc12cfd90b98052dec.jpg', 149, 'App\\Models\\Product', '2023-03-21 11:36:24', '2023-03-21 11:36:24'),
(594, 'products/4e10ae9bb106279029984ec008fb95ae.jpg', 149, 'App\\Models\\Product', '2023-03-21 11:36:24', '2023-03-21 11:36:24'),
(595, 'products/d2dcf1485a0cec81ef2b6a68e49066b6.jpg', 149, 'App\\Models\\Product', '2023-03-21 11:36:24', '2023-03-21 11:36:24'),
(596, 'products/4524beab7ec57094c47feee0ea8e601d.jpg', 149, 'App\\Models\\Product', '2023-03-21 11:36:24', '2023-03-21 11:36:24'),
(597, 'products/b9a614930bdfc54aefa4e2b6ff509f3c.jpg', 150, 'App\\Models\\Product', '2023-03-21 11:36:25', '2023-03-21 11:36:25'),
(598, 'products/7ffb0f210d4372da76d25bd09c21e11c.jpg', 150, 'App\\Models\\Product', '2023-03-21 11:36:25', '2023-03-21 11:36:25'),
(599, 'products/53820e3523e0fcd3ab6f66b7cd383888.jpg', 150, 'App\\Models\\Product', '2023-03-21 11:36:25', '2023-03-21 11:36:25'),
(600, 'products/176e6ea987b7f86461c42c8cf5f4c4d0.jpg', 150, 'App\\Models\\Product', '2023-03-21 11:36:25', '2023-03-21 11:36:25'),
(601, 'products/cdbfa47b7b0226cfe26cbb9f99851cbe.jpg', 151, 'App\\Models\\Product', '2023-03-21 11:36:26', '2023-03-21 11:36:26'),
(602, 'products/ee733cf6103cd4e0dd189d80beb05999.jpg', 151, 'App\\Models\\Product', '2023-03-21 11:36:26', '2023-03-21 11:36:26'),
(603, 'products/d3d2214c758664471e23260d6b05375b.jpg', 151, 'App\\Models\\Product', '2023-03-21 11:36:26', '2023-03-21 11:36:26'),
(604, 'products/158a5a3e57ef7d57ec7f998b088e1ba6.jpg', 151, 'App\\Models\\Product', '2023-03-21 11:36:26', '2023-03-21 11:36:26'),
(605, 'products/f5596a6077d901c3be73cf07878c634d.jpg', 152, 'App\\Models\\Product', '2023-03-21 11:36:27', '2023-03-21 11:36:27'),
(606, 'products/8071e97928cee3734bf757b7117c9510.jpg', 152, 'App\\Models\\Product', '2023-03-21 11:36:27', '2023-03-21 11:36:27'),
(607, 'products/ad8ea48043f32de9ee0caea3448ada83.jpg', 152, 'App\\Models\\Product', '2023-03-21 11:36:27', '2023-03-21 11:36:27'),
(608, 'products/74ef1699259d2c4c4a362afe1cbc1585.jpg', 152, 'App\\Models\\Product', '2023-03-21 11:36:27', '2023-03-21 11:36:27'),
(609, 'products/28fc96f3d190aecd31219fb4397c3b74.jpg', 153, 'App\\Models\\Product', '2023-03-21 11:36:28', '2023-03-21 11:36:28'),
(610, 'products/3a6a554403bb221e841da4354b34320e.jpg', 153, 'App\\Models\\Product', '2023-03-21 11:36:28', '2023-03-21 11:36:28'),
(611, 'products/4431c396f611adfc84918356711a01e1.jpg', 153, 'App\\Models\\Product', '2023-03-21 11:36:28', '2023-03-21 11:36:28'),
(612, 'products/fb2238b3a077a925d04d4cb465829518.jpg', 153, 'App\\Models\\Product', '2023-03-21 11:36:28', '2023-03-21 11:36:28'),
(613, 'products/9e24e6ed7467100c92ac1c09e9c39667.jpg', 154, 'App\\Models\\Product', '2023-03-21 11:36:29', '2023-03-21 11:36:29'),
(614, 'products/74bb0eadaa1e98feced9e37e19ada1c8.jpg', 154, 'App\\Models\\Product', '2023-03-21 11:36:29', '2023-03-21 11:36:29'),
(615, 'products/6c371e0a1f7de6275e875f678cd1842b.jpg', 154, 'App\\Models\\Product', '2023-03-21 11:36:29', '2023-03-21 11:36:29'),
(616, 'products/b752c29d4ea97abba074d7a7f263de81.jpg', 154, 'App\\Models\\Product', '2023-03-21 11:36:29', '2023-03-21 11:36:29'),
(617, 'products/206383ff15da49e8dee3761db9bbf24b.jpg', 155, 'App\\Models\\Product', '2023-03-21 11:36:29', '2023-03-21 11:36:29'),
(618, 'products/f148fdc11795d6db8c4ce421734182d7.jpg', 155, 'App\\Models\\Product', '2023-03-21 11:36:29', '2023-03-21 11:36:29'),
(619, 'products/b082e44a2176573133a6a4ca2592a6e8.jpg', 155, 'App\\Models\\Product', '2023-03-21 11:36:29', '2023-03-21 11:36:29'),
(620, 'products/cd5986a48489703176caa099c3d3e8b0.jpg', 155, 'App\\Models\\Product', '2023-03-21 11:36:29', '2023-03-21 11:36:29'),
(621, 'products/c0d7ee9faaa84552b534a15266a524ed.jpg', 156, 'App\\Models\\Product', '2023-03-21 11:36:30', '2023-03-21 11:36:30'),
(622, 'products/6ea74ec32fc8a79baffa6b7bd13ded4f.jpg', 156, 'App\\Models\\Product', '2023-03-21 11:36:30', '2023-03-21 11:36:30'),
(623, 'products/f81aff8ce70b9446e2f18cddc957e4ec.jpg', 156, 'App\\Models\\Product', '2023-03-21 11:36:30', '2023-03-21 11:36:30'),
(624, 'products/1b906e4f05b74e1b4eabf4c770328ec6.jpg', 156, 'App\\Models\\Product', '2023-03-21 11:36:30', '2023-03-21 11:36:30'),
(625, 'products/be55fc528d9a7063132972945667315e.jpg', 157, 'App\\Models\\Product', '2023-03-21 11:36:31', '2023-03-21 11:36:31'),
(626, 'products/0f8d1dcd8b978a1005a403520aec582e.jpg', 157, 'App\\Models\\Product', '2023-03-21 11:36:31', '2023-03-21 11:36:31'),
(627, 'products/82c34f909a99ef22e4177973d3d2755f.jpg', 157, 'App\\Models\\Product', '2023-03-21 11:36:31', '2023-03-21 11:36:31'),
(628, 'products/c22c58b49fc2375e7878ff7d84f30f5c.jpg', 157, 'App\\Models\\Product', '2023-03-21 11:36:31', '2023-03-21 11:36:31'),
(629, 'products/fd31e20e873e0217637116f4e8abaaae.jpg', 158, 'App\\Models\\Product', '2023-03-21 11:36:31', '2023-03-21 11:36:31'),
(630, 'products/d49e15944b0bf1f54db23c0fc68c4331.jpg', 158, 'App\\Models\\Product', '2023-03-21 11:36:31', '2023-03-21 11:36:31'),
(631, 'products/e67e492037ec3cb138ff91c6bba8ac4d.jpg', 158, 'App\\Models\\Product', '2023-03-21 11:36:31', '2023-03-21 11:36:31'),
(632, 'products/f531fdeb1057c12dcd8f630ec950959a.jpg', 158, 'App\\Models\\Product', '2023-03-21 11:36:31', '2023-03-21 11:36:31'),
(633, 'products/8a6114fa1effec397957f3f893b8f57d.jpg', 159, 'App\\Models\\Product', '2023-03-21 11:36:32', '2023-03-21 11:36:32'),
(634, 'products/314d7032faaa292039c1697181c88f2a.jpg', 159, 'App\\Models\\Product', '2023-03-21 11:36:32', '2023-03-21 11:36:32'),
(635, 'products/0897c5bddbab53ecdc26065d2c27b285.jpg', 159, 'App\\Models\\Product', '2023-03-21 11:36:32', '2023-03-21 11:36:32'),
(636, 'products/22e6c7db5610c8f8cf12f4027fe59865.jpg', 159, 'App\\Models\\Product', '2023-03-21 11:36:32', '2023-03-21 11:36:32'),
(637, 'products/597041fb4ac447a9de455597d415bf84.jpg', 160, 'App\\Models\\Product', '2023-03-21 11:36:33', '2023-03-21 11:36:33'),
(638, 'products/6b58ebfa451817dfbd49e48b877f7f84.jpg', 160, 'App\\Models\\Product', '2023-03-21 11:36:33', '2023-03-21 11:36:33'),
(639, 'products/b8cf280e09d4eb4d361384ec119b431b.jpg', 160, 'App\\Models\\Product', '2023-03-21 11:36:33', '2023-03-21 11:36:33'),
(640, 'products/b0ce7c4ecbc81e1429b7485660574aa3.jpg', 160, 'App\\Models\\Product', '2023-03-21 11:36:33', '2023-03-21 11:36:33'),
(641, 'products/2c89d41fdf00567df0d1fec113f7f1eb.jpg', 161, 'App\\Models\\Product', '2023-03-21 11:36:34', '2023-03-21 11:36:34'),
(642, 'products/1bb0c9ab80cc74b7d8f4481b31e5a64a.jpg', 161, 'App\\Models\\Product', '2023-03-21 11:36:34', '2023-03-21 11:36:34'),
(643, 'products/4fac10b5303ef0073db6119e269433da.jpg', 161, 'App\\Models\\Product', '2023-03-21 11:36:34', '2023-03-21 11:36:34'),
(644, 'products/bda024bb41d0488c62eca697db23114e.jpg', 161, 'App\\Models\\Product', '2023-03-21 11:36:34', '2023-03-21 11:36:34'),
(645, 'products/0734bc91f0332ff2d18249826c532ae5.jpg', 162, 'App\\Models\\Product', '2023-03-21 11:36:35', '2023-03-21 11:36:35'),
(646, 'products/c8858d7665e9274a950654cdf42951c3.jpg', 162, 'App\\Models\\Product', '2023-03-21 11:36:35', '2023-03-21 11:36:35'),
(647, 'products/057746634403b1f873cc17782d5c6c2f.jpg', 162, 'App\\Models\\Product', '2023-03-21 11:36:35', '2023-03-21 11:36:35'),
(648, 'products/0809f7f6cd093b4561227a8fcd293f83.jpg', 162, 'App\\Models\\Product', '2023-03-21 11:36:35', '2023-03-21 11:36:35'),
(649, 'products/68a406ff901f36af742b360833af85ea.jpg', 163, 'App\\Models\\Product', '2023-03-21 11:36:36', '2023-03-21 11:36:36'),
(650, 'products/09180cdca20c1a809aedb6c0754d8b20.jpg', 163, 'App\\Models\\Product', '2023-03-21 11:36:36', '2023-03-21 11:36:36'),
(651, 'products/b03c5fa755c3288840e32cc528302827.jpg', 163, 'App\\Models\\Product', '2023-03-21 11:36:36', '2023-03-21 11:36:36'),
(652, 'products/b1ed4440144b7dcf596526114e558273.jpg', 163, 'App\\Models\\Product', '2023-03-21 11:36:36', '2023-03-21 11:36:36'),
(653, 'products/388f095bdc4a33916df76aec23983d4b.jpg', 164, 'App\\Models\\Product', '2023-03-21 11:36:36', '2023-03-21 11:36:36'),
(654, 'products/b16a07cdc673308526dd2189ced1c542.jpg', 164, 'App\\Models\\Product', '2023-03-21 11:36:36', '2023-03-21 11:36:36'),
(655, 'products/4057f0fb6611490187f97c52b4c6d405.jpg', 164, 'App\\Models\\Product', '2023-03-21 11:36:36', '2023-03-21 11:36:36'),
(656, 'products/de29e6ab0f739407b4d66eaf692a2d14.jpg', 164, 'App\\Models\\Product', '2023-03-21 11:36:36', '2023-03-21 11:36:36'),
(657, 'products/e048506ae5e4bdc465bce7d2ce81d1e4.jpg', 165, 'App\\Models\\Product', '2023-03-21 11:36:37', '2023-03-21 11:36:37'),
(658, 'products/ba82acc5710ab452dac379225cc1d19d.jpg', 165, 'App\\Models\\Product', '2023-03-21 11:36:37', '2023-03-21 11:36:37'),
(659, 'products/ea09f23488e4f0ec85cb231abc0e3419.jpg', 165, 'App\\Models\\Product', '2023-03-21 11:36:37', '2023-03-21 11:36:37'),
(660, 'products/7ec6d996c4a570af8120dca244b88480.jpg', 165, 'App\\Models\\Product', '2023-03-21 11:36:37', '2023-03-21 11:36:37'),
(661, 'products/acc7a5c649cefe5b9f7be8256200899b.jpg', 166, 'App\\Models\\Product', '2023-03-21 11:36:38', '2023-03-21 11:36:38'),
(662, 'products/be0626b22fd1a59c4ead6c13494fd67b.jpg', 166, 'App\\Models\\Product', '2023-03-21 11:36:38', '2023-03-21 11:36:38'),
(663, 'products/b4487199642f9a75d6124df3bf38fabb.jpg', 166, 'App\\Models\\Product', '2023-03-21 11:36:38', '2023-03-21 11:36:38'),
(664, 'products/88a96010a5fe4fad97b5734a9e9b5785.jpg', 166, 'App\\Models\\Product', '2023-03-21 11:36:38', '2023-03-21 11:36:38'),
(665, 'products/5d7661d824eb91a978478dc686ec19f6.jpg', 167, 'App\\Models\\Product', '2023-03-21 11:36:39', '2023-03-21 11:36:39'),
(666, 'products/e9a6304add9fd639b56767c309e67b7c.jpg', 167, 'App\\Models\\Product', '2023-03-21 11:36:39', '2023-03-21 11:36:39'),
(667, 'products/8a284638fa93ea3849c362b08939461d.jpg', 167, 'App\\Models\\Product', '2023-03-21 11:36:39', '2023-03-21 11:36:39'),
(668, 'products/4286e94c8308d43c472d3f09766a77f1.jpg', 167, 'App\\Models\\Product', '2023-03-21 11:36:39', '2023-03-21 11:36:39'),
(669, 'products/3cd94ae7fd29ee6246b3c2ebdb7f1e3b.jpg', 168, 'App\\Models\\Product', '2023-03-21 11:36:40', '2023-03-21 11:36:40'),
(670, 'products/9bea2f87cc3495e8bb43b295774f4cdc.jpg', 168, 'App\\Models\\Product', '2023-03-21 11:36:40', '2023-03-21 11:36:40'),
(671, 'products/fbf3c5ba86f6257e22a8949717d2f5f0.jpg', 168, 'App\\Models\\Product', '2023-03-21 11:36:40', '2023-03-21 11:36:40'),
(672, 'products/e78b82395bb3546a418ebe3aa1617cf8.jpg', 168, 'App\\Models\\Product', '2023-03-21 11:36:40', '2023-03-21 11:36:40'),
(673, 'products/28259c7c86d7ae66f933c67f6abc3849.jpg', 169, 'App\\Models\\Product', '2023-03-21 11:36:40', '2023-03-21 11:36:40'),
(674, 'products/8717efa4cef0e4def08751d31c822f54.jpg', 169, 'App\\Models\\Product', '2023-03-21 11:36:40', '2023-03-21 11:36:40'),
(675, 'products/e7ec7d6156831362d53d6a7ba372072f.jpg', 169, 'App\\Models\\Product', '2023-03-21 11:36:40', '2023-03-21 11:36:40'),
(676, 'products/0fd5781d00485193d07471b8ddbcf34c.jpg', 169, 'App\\Models\\Product', '2023-03-21 11:36:40', '2023-03-21 11:36:40'),
(677, 'products/1575a799b454872714cfefe0d9f15c92.jpg', 170, 'App\\Models\\Product', '2023-03-21 11:36:41', '2023-03-21 11:36:41'),
(678, 'products/ea709efb60392337303b3bf7ccad54ce.jpg', 170, 'App\\Models\\Product', '2023-03-21 11:36:41', '2023-03-21 11:36:41'),
(679, 'products/872961c43e64c27bed000f7d26918bd5.jpg', 170, 'App\\Models\\Product', '2023-03-21 11:36:41', '2023-03-21 11:36:41'),
(680, 'products/e1a65619aedfa8bba4da53785f2f19f0.jpg', 170, 'App\\Models\\Product', '2023-03-21 11:36:41', '2023-03-21 11:36:41'),
(681, 'products/2e8125408824b048d407328a995bbc4f.jpg', 171, 'App\\Models\\Product', '2023-03-21 11:36:42', '2023-03-21 11:36:42'),
(682, 'products/d717cfcaf946f07b5bccf896e1d2e76a.jpg', 171, 'App\\Models\\Product', '2023-03-21 11:36:42', '2023-03-21 11:36:42'),
(683, 'products/348af0f3f10728c6c5a9e12e7e4ec70b.jpg', 171, 'App\\Models\\Product', '2023-03-21 11:36:42', '2023-03-21 11:36:42'),
(684, 'products/1756bdf32f10758ca135e14ccd5855c2.jpg', 171, 'App\\Models\\Product', '2023-03-21 11:36:42', '2023-03-21 11:36:42'),
(685, 'products/0b96f2778982c36fccf195e97ab73c74.jpg', 172, 'App\\Models\\Product', '2023-03-21 11:36:43', '2023-03-21 11:36:43'),
(686, 'products/422aefc66a1512191ec4f3059de9b1e5.jpg', 172, 'App\\Models\\Product', '2023-03-21 11:36:43', '2023-03-21 11:36:43'),
(687, 'products/ca6a291a2bc0bf613042757239699045.jpg', 172, 'App\\Models\\Product', '2023-03-21 11:36:43', '2023-03-21 11:36:43'),
(688, 'products/863b4a95bfb62450df8114d309646d9d.jpg', 172, 'App\\Models\\Product', '2023-03-21 11:36:43', '2023-03-21 11:36:43'),
(689, 'products/a061dfd5dda67d86f357f2089d1766c0.jpg', 173, 'App\\Models\\Product', '2023-03-21 11:36:44', '2023-03-21 11:36:44'),
(690, 'products/2b6f3f51c488a5361572da8b71fa2f83.jpg', 173, 'App\\Models\\Product', '2023-03-21 11:36:44', '2023-03-21 11:36:44'),
(691, 'products/6594f56ef73594aad0fbca89ba37ab43.jpg', 173, 'App\\Models\\Product', '2023-03-21 11:36:44', '2023-03-21 11:36:44'),
(692, 'products/a2b55a1cb5503e9dc50f0b34dc84330e.jpg', 173, 'App\\Models\\Product', '2023-03-21 11:36:44', '2023-03-21 11:36:44'),
(693, 'products/4d8f3f003d21a2cffc2f32f07c694bf3.jpg', 174, 'App\\Models\\Product', '2023-03-21 11:36:44', '2023-03-21 11:36:44'),
(694, 'products/a9eca6524d77b886f2186463380b4071.jpg', 174, 'App\\Models\\Product', '2023-03-21 11:36:44', '2023-03-21 11:36:44'),
(695, 'products/19c7988b39bcc8c972da25f356e89dfb.jpg', 174, 'App\\Models\\Product', '2023-03-21 11:36:44', '2023-03-21 11:36:44'),
(696, 'products/9537a78db5294c7c4bb1c0e0a456f59d.jpg', 174, 'App\\Models\\Product', '2023-03-21 11:36:44', '2023-03-21 11:36:44'),
(697, 'products/c9e75ec76c7f962d0cf4fe9db950787a.jpg', 175, 'App\\Models\\Product', '2023-03-21 11:36:45', '2023-03-21 11:36:45'),
(698, 'products/1c1a92b03a18a711a2b1e9fe5cedd9f1.jpg', 175, 'App\\Models\\Product', '2023-03-21 11:36:45', '2023-03-21 11:36:45'),
(699, 'products/a46621c586e5dee3b931165b33143ce7.jpg', 175, 'App\\Models\\Product', '2023-03-21 11:36:45', '2023-03-21 11:36:45'),
(700, 'products/88473eae593e2f636d99f09ee9e6795f.jpg', 175, 'App\\Models\\Product', '2023-03-21 11:36:45', '2023-03-21 11:36:45'),
(701, 'products/3bef13fb950816d59844f3ce7df24de9.jpg', 176, 'App\\Models\\Product', '2023-03-21 11:36:46', '2023-03-21 11:36:46'),
(702, 'products/40bd204c77b827e3b2906fe2d91984ba.jpg', 176, 'App\\Models\\Product', '2023-03-21 11:36:46', '2023-03-21 11:36:46'),
(703, 'products/1757b94ad2ddfe2bc1c1ce39d062cf87.jpg', 176, 'App\\Models\\Product', '2023-03-21 11:36:46', '2023-03-21 11:36:46'),
(704, 'products/a78327078ebf5e85a7fc0184bd34db99.jpg', 176, 'App\\Models\\Product', '2023-03-21 11:36:46', '2023-03-21 11:36:46'),
(705, 'products/eaa50b8beee888b1c87c12ff5b1f3ffe.jpg', 177, 'App\\Models\\Product', '2023-03-21 11:36:47', '2023-03-21 11:36:47'),
(706, 'products/775dc1958fb05614ace2b02f7c221817.jpg', 177, 'App\\Models\\Product', '2023-03-21 11:36:47', '2023-03-21 11:36:47'),
(707, 'products/0e1a26af36f45fcb017696fd684ee7e1.jpg', 177, 'App\\Models\\Product', '2023-03-21 11:36:47', '2023-03-21 11:36:47'),
(708, 'products/a3b7e173e0921a69b9db58bc6461a6a7.jpg', 177, 'App\\Models\\Product', '2023-03-21 11:36:47', '2023-03-21 11:36:47'),
(709, 'products/ec7b8e49f066d8e2cede00e043ef9947.jpg', 178, 'App\\Models\\Product', '2023-03-21 11:36:48', '2023-03-21 11:36:48'),
(710, 'products/7aa11552edeb6b755fd9a50f66d380f3.jpg', 178, 'App\\Models\\Product', '2023-03-21 11:36:48', '2023-03-21 11:36:48'),
(711, 'products/5a3cdd1d845effdfda49c558c085adb3.jpg', 178, 'App\\Models\\Product', '2023-03-21 11:36:48', '2023-03-21 11:36:48'),
(712, 'products/ab8751d64ebe68a15d4d8c4c891ae970.jpg', 178, 'App\\Models\\Product', '2023-03-21 11:36:48', '2023-03-21 11:36:48'),
(713, 'products/4e53da7af4fbbeded3a373c8187a20f6.jpg', 179, 'App\\Models\\Product', '2023-03-21 11:36:48', '2023-03-21 11:36:48'),
(714, 'products/b3a09eb5b4558469f3edf6cbad2ddb86.jpg', 179, 'App\\Models\\Product', '2023-03-21 11:36:48', '2023-03-21 11:36:48'),
(715, 'products/c6410c024a478654fbebeb7a8221e1e7.jpg', 179, 'App\\Models\\Product', '2023-03-21 11:36:48', '2023-03-21 11:36:48'),
(716, 'products/0aa303060cc56ff05ac8010917aab730.jpg', 179, 'App\\Models\\Product', '2023-03-21 11:36:48', '2023-03-21 11:36:48'),
(717, 'products/0c8ef0c86031f689515fb8ee4f3c8a96.jpg', 180, 'App\\Models\\Product', '2023-03-21 11:36:49', '2023-03-21 11:36:49'),
(718, 'products/9a3e631622707da937fcfb3cf7fe4739.jpg', 180, 'App\\Models\\Product', '2023-03-21 11:36:49', '2023-03-21 11:36:49'),
(719, 'products/b87a2492532eb260ea0a7b64712d9598.jpg', 180, 'App\\Models\\Product', '2023-03-21 11:36:49', '2023-03-21 11:36:49'),
(720, 'products/75733afde0460741017bbb2c327f0b59.jpg', 180, 'App\\Models\\Product', '2023-03-21 11:36:49', '2023-03-21 11:36:49'),
(721, 'products/41da6ad22b5ae7692ca2b345fc73bb8f.jpg', 181, 'App\\Models\\Product', '2023-03-21 11:36:50', '2023-03-21 11:36:50'),
(722, 'products/eb9d710b533538e9d8c3ca36cdf3344a.jpg', 181, 'App\\Models\\Product', '2023-03-21 11:36:50', '2023-03-21 11:36:50'),
(723, 'products/a4e6b9dc67e0344b5d422649c7f854f8.jpg', 181, 'App\\Models\\Product', '2023-03-21 11:36:50', '2023-03-21 11:36:50'),
(724, 'products/242c8d576a891fc2f84a6ca13270e179.jpg', 181, 'App\\Models\\Product', '2023-03-21 11:36:50', '2023-03-21 11:36:50'),
(725, 'products/8202a2a7e29c8772719eb77fa4ed6fbf.jpg', 182, 'App\\Models\\Product', '2023-03-21 11:36:50', '2023-03-21 11:36:50'),
(726, 'products/f9f8325acf542c2bffcdbbccdc0e47a5.jpg', 182, 'App\\Models\\Product', '2023-03-21 11:36:50', '2023-03-21 11:36:50'),
(727, 'products/5f23a6e0c9f7c93827988b299947d924.jpg', 182, 'App\\Models\\Product', '2023-03-21 11:36:50', '2023-03-21 11:36:50'),
(728, 'products/b16b732e4d45802019d948f01251a710.jpg', 182, 'App\\Models\\Product', '2023-03-21 11:36:50', '2023-03-21 11:36:50'),
(729, 'products/4aa98861385f4122c3773702afde923d.jpg', 183, 'App\\Models\\Product', '2023-03-21 11:36:52', '2023-03-21 11:36:52'),
(730, 'products/d0fa848e982cb4a35be9c4f465d19688.jpg', 183, 'App\\Models\\Product', '2023-03-21 11:36:52', '2023-03-21 11:36:52'),
(731, 'products/6250a619c4d1fad8d79be2a840961a60.jpg', 183, 'App\\Models\\Product', '2023-03-21 11:36:52', '2023-03-21 11:36:52'),
(732, 'products/ab464ecbfc5084b7c0934e2035c1b561.jpg', 183, 'App\\Models\\Product', '2023-03-21 11:36:52', '2023-03-21 11:36:52'),
(733, 'products/b23c269326b32859c2470a7375724fa4.jpg', 184, 'App\\Models\\Product', '2023-03-21 11:36:52', '2023-03-21 11:36:52'),
(734, 'products/c16599930e338f9e1e37759c1526bcc6.jpg', 184, 'App\\Models\\Product', '2023-03-21 11:36:52', '2023-03-21 11:36:52'),
(735, 'products/2fe62e0524d943e48de93cb9c2c31153.jpg', 184, 'App\\Models\\Product', '2023-03-21 11:36:52', '2023-03-21 11:36:52'),
(736, 'products/2da75fb9d653dd39857678ec73b9f776.jpg', 184, 'App\\Models\\Product', '2023-03-21 11:36:52', '2023-03-21 11:36:52'),
(737, 'products/72595b7e3102f6825568974343f318b8.jpg', 185, 'App\\Models\\Product', '2023-03-21 11:36:53', '2023-03-21 11:36:53'),
(738, 'products/a29c30a67b91492fe6c3c06b875de2d8.jpg', 185, 'App\\Models\\Product', '2023-03-21 11:36:53', '2023-03-21 11:36:53'),
(739, 'products/6c0b061853aadbc04ed5a4a70d5b7732.jpg', 185, 'App\\Models\\Product', '2023-03-21 11:36:53', '2023-03-21 11:36:53'),
(740, 'products/844c24dd02a19680a9252cd9640dd990.jpg', 185, 'App\\Models\\Product', '2023-03-21 11:36:53', '2023-03-21 11:36:53'),
(741, 'products/b6574e28e337a411ba8e5d7f5bb24ca3.jpg', 186, 'App\\Models\\Product', '2023-03-21 11:36:54', '2023-03-21 11:36:54'),
(742, 'products/6c1554811b8f130f73b3c5e96c064f69.jpg', 186, 'App\\Models\\Product', '2023-03-21 11:36:54', '2023-03-21 11:36:54'),
(743, 'products/460d2c65a8aedf2072191408d7c65120.jpg', 186, 'App\\Models\\Product', '2023-03-21 11:36:54', '2023-03-21 11:36:54'),
(744, 'products/b8d0ae0d86a0ad17ee1bc0841fa7d707.jpg', 186, 'App\\Models\\Product', '2023-03-21 11:36:54', '2023-03-21 11:36:54'),
(745, 'products/03510d1004a338cb2cdd1cb3a0958953.jpg', 187, 'App\\Models\\Product', '2023-03-21 11:36:55', '2023-03-21 11:36:55'),
(746, 'products/26d3776ee3e680399e5420aac1f95f4e.jpg', 187, 'App\\Models\\Product', '2023-03-21 11:36:55', '2023-03-21 11:36:55'),
(747, 'products/4decd1427d94124a010283d2d5730ae8.jpg', 187, 'App\\Models\\Product', '2023-03-21 11:36:55', '2023-03-21 11:36:55'),
(748, 'products/e06e777a00a0c23ba79dfcb6dd242073.jpg', 187, 'App\\Models\\Product', '2023-03-21 11:36:55', '2023-03-21 11:36:55'),
(749, 'products/0cc13ceaa98108171c8d81f9077dd597.jpg', 188, 'App\\Models\\Product', '2023-03-21 11:36:56', '2023-03-21 11:36:56'),
(750, 'products/2968295626be63b8377c6ab8d2ba1324.jpg', 188, 'App\\Models\\Product', '2023-03-21 11:36:56', '2023-03-21 11:36:56'),
(751, 'products/6f17c2d4679e06d6fde689cf478fb913.jpg', 188, 'App\\Models\\Product', '2023-03-21 11:36:56', '2023-03-21 11:36:56'),
(752, 'products/40e01a3576820cf6935c6263a042a707.jpg', 188, 'App\\Models\\Product', '2023-03-21 11:36:56', '2023-03-21 11:36:56'),
(753, 'products/9702bc82a15df559614e5aed061b1984.jpg', 189, 'App\\Models\\Product', '2023-03-21 11:36:57', '2023-03-21 11:36:57'),
(754, 'products/81f6ed8e0ded3619b5ce8577a9e9e738.jpg', 189, 'App\\Models\\Product', '2023-03-21 11:36:57', '2023-03-21 11:36:57'),
(755, 'products/f84fe0d7455754216743f9ba370d4c5c.jpg', 189, 'App\\Models\\Product', '2023-03-21 11:36:57', '2023-03-21 11:36:57'),
(756, 'products/590c7b97ef66e4342d9fa110b8bf0809.jpg', 189, 'App\\Models\\Product', '2023-03-21 11:36:57', '2023-03-21 11:36:57'),
(757, 'products/0f25d97f6353c00fb19ab7fe35a8e8b9.jpg', 190, 'App\\Models\\Product', '2023-03-21 11:36:57', '2023-03-21 11:36:57'),
(758, 'products/6eee04deecb569fef4b19dd7b6f83963.jpg', 190, 'App\\Models\\Product', '2023-03-21 11:36:57', '2023-03-21 11:36:57'),
(759, 'products/85146f1041e4d5e8d9fab42e97900ad7.jpg', 190, 'App\\Models\\Product', '2023-03-21 11:36:57', '2023-03-21 11:36:57'),
(760, 'products/557e68563e24672a727f320de6d93298.jpg', 190, 'App\\Models\\Product', '2023-03-21 11:36:57', '2023-03-21 11:36:57'),
(761, 'products/011428f0b0bc68be450724fc583d553e.jpg', 191, 'App\\Models\\Product', '2023-03-21 11:36:58', '2023-03-21 11:36:58'),
(762, 'products/ea8300f50de548c0713946a349640c92.jpg', 191, 'App\\Models\\Product', '2023-03-21 11:36:58', '2023-03-21 11:36:58'),
(763, 'products/a7c9c24f17a3cb552df2e8e9960e93e1.jpg', 191, 'App\\Models\\Product', '2023-03-21 11:36:58', '2023-03-21 11:36:58'),
(764, 'products/4e385169a9b8b8458aab5024c672cdc7.jpg', 191, 'App\\Models\\Product', '2023-03-21 11:36:58', '2023-03-21 11:36:58'),
(765, 'products/d212e59dafd0d64919ba4b5d2683bfda.jpg', 192, 'App\\Models\\Product', '2023-03-21 11:36:59', '2023-03-21 11:36:59'),
(766, 'products/95ea6113585bcd44187766c6c6ec81e2.jpg', 192, 'App\\Models\\Product', '2023-03-21 11:36:59', '2023-03-21 11:36:59'),
(767, 'products/3ecb110b32cb9a2e704d84da04db8731.jpg', 192, 'App\\Models\\Product', '2023-03-21 11:36:59', '2023-03-21 11:36:59'),
(768, 'products/d7ffa94250ab90e429c3a9003d6847ee.jpg', 192, 'App\\Models\\Product', '2023-03-21 11:36:59', '2023-03-21 11:36:59'),
(769, 'products/7f038466dcbfc48b8330f2349db80d9e.jpg', 193, 'App\\Models\\Product', '2023-03-21 11:37:00', '2023-03-21 11:37:00'),
(770, 'products/8062e72eaf75081c8959b4fb2644b7c1.jpg', 193, 'App\\Models\\Product', '2023-03-21 11:37:00', '2023-03-21 11:37:00'),
(771, 'products/37dfbb83a9d2b1bae26e88bd398590bd.jpg', 193, 'App\\Models\\Product', '2023-03-21 11:37:00', '2023-03-21 11:37:00'),
(772, 'products/d6f54284568f74fdbc39aca12c721551.jpg', 193, 'App\\Models\\Product', '2023-03-21 11:37:00', '2023-03-21 11:37:00'),
(773, 'products/42179da1131eb90a743c928f3a195ea9.jpg', 194, 'App\\Models\\Product', '2023-03-21 11:37:01', '2023-03-21 11:37:01'),
(774, 'products/019f0fe46517cabe81693a29c1429f8a.jpg', 194, 'App\\Models\\Product', '2023-03-21 11:37:01', '2023-03-21 11:37:01'),
(775, 'products/91ade719b20671f30790a3e1e4bd1d4d.jpg', 194, 'App\\Models\\Product', '2023-03-21 11:37:01', '2023-03-21 11:37:01'),
(776, 'products/b4058ff4148bd8aba952eb852cd13a06.jpg', 194, 'App\\Models\\Product', '2023-03-21 11:37:01', '2023-03-21 11:37:01');
INSERT INTO `images` (`id`, `url`, `imageable_id`, `imageable_type`, `created_at`, `updated_at`) VALUES
(777, 'products/c6af8c75b41a69a4f29a2f49575e9e9b.jpg', 195, 'App\\Models\\Product', '2023-03-21 11:37:01', '2023-03-21 11:37:01'),
(778, 'products/7b6687ac50b5c89bb88987d7099b8149.jpg', 195, 'App\\Models\\Product', '2023-03-21 11:37:01', '2023-03-21 11:37:01'),
(779, 'products/1b6502eb922d9e2cc65e342dc57fc648.jpg', 195, 'App\\Models\\Product', '2023-03-21 11:37:01', '2023-03-21 11:37:01'),
(780, 'products/e6e0b945ef1447a2cdf23a41c9d55729.jpg', 195, 'App\\Models\\Product', '2023-03-21 11:37:01', '2023-03-21 11:37:01'),
(781, 'products/f3f94e9794fdd32910cb8f06945a1546.jpg', 196, 'App\\Models\\Product', '2023-03-21 11:37:02', '2023-03-21 11:37:02'),
(782, 'products/d3c6a87d4c5bf794717188fe2b01e65c.jpg', 196, 'App\\Models\\Product', '2023-03-21 11:37:02', '2023-03-21 11:37:02'),
(783, 'products/2be2a6d57c48da839daccfebe4cec494.jpg', 196, 'App\\Models\\Product', '2023-03-21 11:37:02', '2023-03-21 11:37:02'),
(784, 'products/a59a97d7a50bef4eb1af514479fe3eea.jpg', 196, 'App\\Models\\Product', '2023-03-21 11:37:02', '2023-03-21 11:37:02'),
(785, 'products/d1eb58891ff05f418d665f35773a2df4.jpg', 197, 'App\\Models\\Product', '2023-03-21 11:37:03', '2023-03-21 11:37:03'),
(786, 'products/7f1fc9264028b3b474c7c29f8f615dad.jpg', 197, 'App\\Models\\Product', '2023-03-21 11:37:03', '2023-03-21 11:37:03'),
(787, 'products/87af2c99ac3a7a12b6823b836106a93b.jpg', 197, 'App\\Models\\Product', '2023-03-21 11:37:03', '2023-03-21 11:37:03'),
(788, 'products/455a85e3326bb9ae3f5fcd6f872cc100.jpg', 197, 'App\\Models\\Product', '2023-03-21 11:37:03', '2023-03-21 11:37:03'),
(789, 'products/9e792b8a2627a071b36aadd78a131e3e.jpg', 198, 'App\\Models\\Product', '2023-03-21 11:37:04', '2023-03-21 11:37:04'),
(790, 'products/d65f378f6b4ca3b0223f81af00fe76dc.jpg', 198, 'App\\Models\\Product', '2023-03-21 11:37:04', '2023-03-21 11:37:04'),
(791, 'products/bbb28f3799211941a8005518a55835e7.jpg', 198, 'App\\Models\\Product', '2023-03-21 11:37:04', '2023-03-21 11:37:04'),
(792, 'products/ad34a91f051cc5911098ff966f90ac6a.jpg', 198, 'App\\Models\\Product', '2023-03-21 11:37:04', '2023-03-21 11:37:04'),
(793, 'products/b1473640ccd28590b26c48b838a3111d.jpg', 199, 'App\\Models\\Product', '2023-03-21 11:37:04', '2023-03-21 11:37:04'),
(794, 'products/b75e3e969241e5fe48bf09e4e29bd20e.jpg', 199, 'App\\Models\\Product', '2023-03-21 11:37:04', '2023-03-21 11:37:04'),
(795, 'products/f456bdd3ca9c224dbef84a13bbfabc7f.jpg', 199, 'App\\Models\\Product', '2023-03-21 11:37:04', '2023-03-21 11:37:04'),
(796, 'products/4747b637a96c5f949f88706fadf56ffc.jpg', 199, 'App\\Models\\Product', '2023-03-21 11:37:04', '2023-03-21 11:37:04'),
(797, 'products/ff06ae819ed2390800bde69ac839e89d.jpg', 200, 'App\\Models\\Product', '2023-03-21 11:37:05', '2023-03-21 11:37:05'),
(798, 'products/73906d4ec22dc35c124647ae3f0dbe84.jpg', 200, 'App\\Models\\Product', '2023-03-21 11:37:05', '2023-03-21 11:37:05'),
(799, 'products/26549cb65fde3d3e7984ba3cf44c5964.jpg', 200, 'App\\Models\\Product', '2023-03-21 11:37:05', '2023-03-21 11:37:05'),
(800, 'products/ce0c75e10f26f4e269199959ef4aadbb.jpg', 200, 'App\\Models\\Product', '2023-03-21 11:37:05', '2023-03-21 11:37:05'),
(801, 'products/e5cca54f6a81afd55850037a382ee50f.jpg', 201, 'App\\Models\\Product', '2023-03-21 11:37:06', '2023-03-21 11:37:06'),
(802, 'products/275a250dfa14b4da70c1032f9ea763c9.jpg', 201, 'App\\Models\\Product', '2023-03-21 11:37:06', '2023-03-21 11:37:06'),
(803, 'products/b7b2b0dbd94766356557623cdd314eab.jpg', 201, 'App\\Models\\Product', '2023-03-21 11:37:06', '2023-03-21 11:37:06'),
(804, 'products/ca19a506664ce1a2c2acbb99266464b6.jpg', 201, 'App\\Models\\Product', '2023-03-21 11:37:06', '2023-03-21 11:37:06'),
(805, 'products/adbd3d1674a75b1d07bf5a2f3f5e6fdc.jpg', 202, 'App\\Models\\Product', '2023-03-21 11:37:07', '2023-03-21 11:37:07'),
(806, 'products/398afd420dd5988211a40ef35895b9e8.jpg', 202, 'App\\Models\\Product', '2023-03-21 11:37:07', '2023-03-21 11:37:07'),
(807, 'products/ddd8c33a1ee842d3079b316c2e7d7024.jpg', 202, 'App\\Models\\Product', '2023-03-21 11:37:07', '2023-03-21 11:37:07'),
(808, 'products/267ec19792064dac2e003c94592ee846.jpg', 202, 'App\\Models\\Product', '2023-03-21 11:37:07', '2023-03-21 11:37:07'),
(809, 'products/00436ac42b8d30c8cd3ee47f8d0a8a49.jpg', 203, 'App\\Models\\Product', '2023-03-21 11:37:08', '2023-03-21 11:37:08'),
(810, 'products/92acd29946789b80074dad5aee03cc89.jpg', 203, 'App\\Models\\Product', '2023-03-21 11:37:08', '2023-03-21 11:37:08'),
(811, 'products/61525ced57ce130ce81a28e746071291.jpg', 203, 'App\\Models\\Product', '2023-03-21 11:37:08', '2023-03-21 11:37:08'),
(812, 'products/74e072f77b288fd4ba898e15f3950769.jpg', 203, 'App\\Models\\Product', '2023-03-21 11:37:08', '2023-03-21 11:37:08'),
(813, 'products/51500301f215af38b3ecc58fcef08c06.jpg', 204, 'App\\Models\\Product', '2023-03-21 11:37:09', '2023-03-21 11:37:09'),
(814, 'products/ee3893805a7f3dc3f8c0513d132a1c19.jpg', 204, 'App\\Models\\Product', '2023-03-21 11:37:09', '2023-03-21 11:37:09'),
(815, 'products/8661e14f0f8f841d1851b4a1a901a247.jpg', 204, 'App\\Models\\Product', '2023-03-21 11:37:09', '2023-03-21 11:37:09'),
(816, 'products/226fd8b2278cda3ede454618ae234066.jpg', 204, 'App\\Models\\Product', '2023-03-21 11:37:09', '2023-03-21 11:37:09'),
(817, 'products/78310f862a7c566533f6a3b3311c4d5f.jpg', 205, 'App\\Models\\Product', '2023-03-21 11:37:09', '2023-03-21 11:37:09'),
(818, 'products/f3e213914b9af182b148f21d7bebdedf.jpg', 205, 'App\\Models\\Product', '2023-03-21 11:37:09', '2023-03-21 11:37:09'),
(819, 'products/d54c6c1930127b37f7c8f5a43613c570.jpg', 205, 'App\\Models\\Product', '2023-03-21 11:37:09', '2023-03-21 11:37:09'),
(820, 'products/f4abab6cf4ab98b0cab37646792e5e19.jpg', 205, 'App\\Models\\Product', '2023-03-21 11:37:09', '2023-03-21 11:37:09'),
(821, 'products/33391ddf6d740aa381f14a0dc32ede4c.jpg', 206, 'App\\Models\\Product', '2023-03-21 11:37:10', '2023-03-21 11:37:10'),
(822, 'products/4b8453c8b200ddca8c02812aa5a18f0b.jpg', 206, 'App\\Models\\Product', '2023-03-21 11:37:10', '2023-03-21 11:37:10'),
(823, 'products/6b3f1506e98b0ef371d39a2b332f6254.jpg', 206, 'App\\Models\\Product', '2023-03-21 11:37:10', '2023-03-21 11:37:10'),
(824, 'products/7e239c6d00ab09759eb73833a9955ddf.jpg', 206, 'App\\Models\\Product', '2023-03-21 11:37:10', '2023-03-21 11:37:10'),
(825, 'products/a492c5930a7a55e4d466e1e440ea37c3.jpg', 207, 'App\\Models\\Product', '2023-03-21 11:37:11', '2023-03-21 11:37:11'),
(826, 'products/3ba881018ca377a2441e4830df58e38d.jpg', 207, 'App\\Models\\Product', '2023-03-21 11:37:11', '2023-03-21 11:37:11'),
(827, 'products/568d829f4152ce058f9435c7a3d47018.jpg', 207, 'App\\Models\\Product', '2023-03-21 11:37:11', '2023-03-21 11:37:11'),
(828, 'products/e660dd19c9e6c2196fca6876535bb171.jpg', 207, 'App\\Models\\Product', '2023-03-21 11:37:11', '2023-03-21 11:37:11'),
(829, 'products/2b0dd46f330ed974a510e08b49f5ba1f.jpg', 208, 'App\\Models\\Product', '2023-03-21 11:37:12', '2023-03-21 11:37:12'),
(830, 'products/352bb8d1ddcb78aba1399687a197eb6d.jpg', 208, 'App\\Models\\Product', '2023-03-21 11:37:12', '2023-03-21 11:37:12'),
(831, 'products/9dd3cf82eaa3299b0d65da1d9bcb2285.jpg', 208, 'App\\Models\\Product', '2023-03-21 11:37:12', '2023-03-21 11:37:12'),
(832, 'products/8519e6b97839b06f4c840342cd95760e.jpg', 208, 'App\\Models\\Product', '2023-03-21 11:37:12', '2023-03-21 11:37:12'),
(833, 'products/d1275970a1bc412b21c3849cd2ac9c32.jpg', 209, 'App\\Models\\Product', '2023-03-21 11:37:13', '2023-03-21 11:37:13'),
(834, 'products/79974f2f9e40cbee5750183bf44424cf.jpg', 209, 'App\\Models\\Product', '2023-03-21 11:37:13', '2023-03-21 11:37:13'),
(835, 'products/85632713295090f5cba725e2c09ec630.jpg', 209, 'App\\Models\\Product', '2023-03-21 11:37:13', '2023-03-21 11:37:13'),
(836, 'products/d08dcb33d051ae36f1d8ba54062768c9.jpg', 209, 'App\\Models\\Product', '2023-03-21 11:37:13', '2023-03-21 11:37:13'),
(837, 'products/4069b2f6b16066b9098357ef9c9d43dd.jpg', 210, 'App\\Models\\Product', '2023-03-21 11:37:14', '2023-03-21 11:37:14'),
(838, 'products/cbe0aeda4ae358dd3fcd20d2439b4bf8.jpg', 210, 'App\\Models\\Product', '2023-03-21 11:37:14', '2023-03-21 11:37:14'),
(839, 'products/8bd7308c74e11f03037cd25d5a01a721.jpg', 210, 'App\\Models\\Product', '2023-03-21 11:37:14', '2023-03-21 11:37:14'),
(840, 'products/d55d701134e8e462b13949615a7f09fe.jpg', 210, 'App\\Models\\Product', '2023-03-21 11:37:14', '2023-03-21 11:37:14'),
(841, 'products/3bfe6d26c54f38946d36ca637c79c2e1.jpg', 211, 'App\\Models\\Product', '2023-03-21 11:37:14', '2023-03-21 11:37:14'),
(842, 'products/e086d2c14c0e78f71704c85491bcf9f9.jpg', 211, 'App\\Models\\Product', '2023-03-21 11:37:14', '2023-03-21 11:37:14'),
(843, 'products/22ec8571089f88df7b826229ea9ea0ed.jpg', 211, 'App\\Models\\Product', '2023-03-21 11:37:14', '2023-03-21 11:37:14'),
(844, 'products/659761ec756ee607f6156775839e4bcc.jpg', 211, 'App\\Models\\Product', '2023-03-21 11:37:14', '2023-03-21 11:37:14'),
(845, 'products/37a0c68744e6643c470f7d8dc256e2e6.jpg', 212, 'App\\Models\\Product', '2023-03-21 11:37:16', '2023-03-21 11:37:16'),
(846, 'products/2d7e8eef6af37fc261dc470e6b819023.jpg', 212, 'App\\Models\\Product', '2023-03-21 11:37:16', '2023-03-21 11:37:16'),
(847, 'products/a36dd434756fc7aff5e06051656b88b6.jpg', 212, 'App\\Models\\Product', '2023-03-21 11:37:16', '2023-03-21 11:37:16'),
(848, 'products/c590f6203a2cfcdd0d45d5a474b0bb61.jpg', 212, 'App\\Models\\Product', '2023-03-21 11:37:16', '2023-03-21 11:37:16'),
(849, 'products/0e4d0624de6b03019da86e731eb6a9c9.jpg', 213, 'App\\Models\\Product', '2023-03-21 11:37:16', '2023-03-21 11:37:16'),
(850, 'products/1ec056c1197ebb821ec83da92c324744.jpg', 213, 'App\\Models\\Product', '2023-03-21 11:37:16', '2023-03-21 11:37:16'),
(851, 'products/82bf832d9970865fd60bab6e6974e815.jpg', 213, 'App\\Models\\Product', '2023-03-21 11:37:16', '2023-03-21 11:37:16'),
(852, 'products/091e38730a84ade2471b1dc386dda42a.jpg', 213, 'App\\Models\\Product', '2023-03-21 11:37:16', '2023-03-21 11:37:16'),
(853, 'products/6f78cd984a0f93579128e3d846e543d9.jpg', 214, 'App\\Models\\Product', '2023-03-21 11:37:17', '2023-03-21 11:37:17'),
(854, 'products/09afeaef149334c66f58f290ce5a02c9.jpg', 214, 'App\\Models\\Product', '2023-03-21 11:37:17', '2023-03-21 11:37:17'),
(855, 'products/33e54ccd6c3a5bd1bd333b8ba4eb70a8.jpg', 214, 'App\\Models\\Product', '2023-03-21 11:37:17', '2023-03-21 11:37:17'),
(856, 'products/8416b057fbda9a117fa3674a07329317.jpg', 214, 'App\\Models\\Product', '2023-03-21 11:37:17', '2023-03-21 11:37:17'),
(857, 'products/b863a1c9f9016c78bb422c8ddf09f6aa.jpg', 215, 'App\\Models\\Product', '2023-03-21 11:37:18', '2023-03-21 11:37:18'),
(858, 'products/28366ee9f1bca86f89433681c3244472.jpg', 215, 'App\\Models\\Product', '2023-03-21 11:37:18', '2023-03-21 11:37:18'),
(859, 'products/0b4a109be53e2af4b5c985b0bce6a2a8.jpg', 215, 'App\\Models\\Product', '2023-03-21 11:37:18', '2023-03-21 11:37:18'),
(860, 'products/ef486c900f6686d098883970aa294533.jpg', 215, 'App\\Models\\Product', '2023-03-21 11:37:18', '2023-03-21 11:37:18'),
(861, 'products/384cb71dcb6b7cd650e6e9d977eab53e.jpg', 216, 'App\\Models\\Product', '2023-03-21 11:37:19', '2023-03-21 11:37:19'),
(862, 'products/9de6415ff5a574009c4511cc410261bb.jpg', 216, 'App\\Models\\Product', '2023-03-21 11:37:19', '2023-03-21 11:37:19'),
(863, 'products/d08dd18c209f1878f29eeaa671b7274d.jpg', 216, 'App\\Models\\Product', '2023-03-21 11:37:19', '2023-03-21 11:37:19'),
(864, 'products/40bb6136b053e68932c0364711f8ed9f.jpg', 216, 'App\\Models\\Product', '2023-03-21 11:37:19', '2023-03-21 11:37:19'),
(865, 'products/992c9ac554e97c35a214c895b7b12860.jpg', 217, 'App\\Models\\Product', '2023-03-21 11:37:19', '2023-03-21 11:37:19'),
(866, 'products/8baa6887e3da181223b74733c7558ecd.jpg', 217, 'App\\Models\\Product', '2023-03-21 11:37:19', '2023-03-21 11:37:19'),
(867, 'products/b6da6fa42ebd3082467630840b941cbb.jpg', 217, 'App\\Models\\Product', '2023-03-21 11:37:19', '2023-03-21 11:37:19'),
(868, 'products/bb7a37ac79ac710a02793ffebccbda1d.jpg', 217, 'App\\Models\\Product', '2023-03-21 11:37:19', '2023-03-21 11:37:19'),
(869, 'products/6ad9939d4d725b76f53d09d93d6089ce.jpg', 218, 'App\\Models\\Product', '2023-03-21 11:37:20', '2023-03-21 11:37:20'),
(870, 'products/f983d9d24a08dde37c8e060e6570261a.jpg', 218, 'App\\Models\\Product', '2023-03-21 11:37:20', '2023-03-21 11:37:20'),
(871, 'products/22a55b5e3d5928585e8a433e8d1f4787.jpg', 218, 'App\\Models\\Product', '2023-03-21 11:37:20', '2023-03-21 11:37:20'),
(872, 'products/b1d335d301c6b276dd4356215da99f55.jpg', 218, 'App\\Models\\Product', '2023-03-21 11:37:20', '2023-03-21 11:37:20'),
(873, 'products/773bda123009e55076e761f52532dc2d.jpg', 219, 'App\\Models\\Product', '2023-03-21 11:37:21', '2023-03-21 11:37:21'),
(874, 'products/3c4a1944ba0e74b256676e11bb9229c0.jpg', 219, 'App\\Models\\Product', '2023-03-21 11:37:21', '2023-03-21 11:37:21'),
(875, 'products/c632457235662ad096b53570dce7a705.jpg', 219, 'App\\Models\\Product', '2023-03-21 11:37:21', '2023-03-21 11:37:21'),
(876, 'products/68ab72d32c6e61a7a1987f374eb4bb5a.jpg', 219, 'App\\Models\\Product', '2023-03-21 11:37:21', '2023-03-21 11:37:21'),
(877, 'products/463b6b7c61f0079a2f1bf109ccda3753.jpg', 220, 'App\\Models\\Product', '2023-03-21 11:37:22', '2023-03-21 11:37:22'),
(878, 'products/18ca8f4019063bace3c9eb0aeba3101f.jpg', 220, 'App\\Models\\Product', '2023-03-21 11:37:22', '2023-03-21 11:37:22'),
(879, 'products/75622d5373f6c6fc85ba06cfb0f798ff.jpg', 220, 'App\\Models\\Product', '2023-03-21 11:37:22', '2023-03-21 11:37:22'),
(880, 'products/3c6a1fd4904153ac90022a4f5fd77270.jpg', 220, 'App\\Models\\Product', '2023-03-21 11:37:22', '2023-03-21 11:37:22'),
(881, 'products/96811fe820e9c8081cfae249b39c1ceb.jpg', 221, 'App\\Models\\Product', '2023-03-21 11:37:23', '2023-03-21 11:37:23'),
(882, 'products/557c8094ee0e838f895ed6fb5df3b362.jpg', 221, 'App\\Models\\Product', '2023-03-21 11:37:23', '2023-03-21 11:37:23'),
(883, 'products/eb43f42620e6a2372f5ed66de96a1ebb.jpg', 221, 'App\\Models\\Product', '2023-03-21 11:37:23', '2023-03-21 11:37:23'),
(884, 'products/cc06e82d58032efd86e49d1b006a85e6.jpg', 221, 'App\\Models\\Product', '2023-03-21 11:37:23', '2023-03-21 11:37:23'),
(885, 'products/627922a946f4c450490c42fc9942b138.jpg', 222, 'App\\Models\\Product', '2023-03-21 11:37:25', '2023-03-21 11:37:25'),
(886, 'products/3b0f073493bc73031d503130f4927cfa.jpg', 222, 'App\\Models\\Product', '2023-03-21 11:37:25', '2023-03-21 11:37:25'),
(887, 'products/c2c0fb813f0c70d89770f45920915a00.jpg', 222, 'App\\Models\\Product', '2023-03-21 11:37:25', '2023-03-21 11:37:25'),
(888, 'products/c2ba87b091ded15b8bd88d69308c544f.jpg', 222, 'App\\Models\\Product', '2023-03-21 11:37:25', '2023-03-21 11:37:25'),
(889, 'products/91f7d1b605eca882310e20658d9cf091.jpg', 223, 'App\\Models\\Product', '2023-03-21 11:37:26', '2023-03-21 11:37:26'),
(890, 'products/ff6802227aeb03c7911420c7f910a752.jpg', 223, 'App\\Models\\Product', '2023-03-21 11:37:26', '2023-03-21 11:37:26'),
(891, 'products/c87297d881c5354f7a5bd5c4a16596dd.jpg', 223, 'App\\Models\\Product', '2023-03-21 11:37:26', '2023-03-21 11:37:26'),
(892, 'products/ca9fd68938185c2a650f105e310be84e.jpg', 223, 'App\\Models\\Product', '2023-03-21 11:37:26', '2023-03-21 11:37:26'),
(893, 'products/9183e47b720dfd82935d503448ee2350.jpg', 224, 'App\\Models\\Product', '2023-03-21 11:37:27', '2023-03-21 11:37:27'),
(894, 'products/fa22b22f44c964080ba7303712216ff7.jpg', 224, 'App\\Models\\Product', '2023-03-21 11:37:27', '2023-03-21 11:37:27'),
(895, 'products/077e337245c7dab4e372cd673abf85c0.jpg', 224, 'App\\Models\\Product', '2023-03-21 11:37:27', '2023-03-21 11:37:27'),
(896, 'products/975f3338c65373b988bf38df9d1b21f1.jpg', 224, 'App\\Models\\Product', '2023-03-21 11:37:27', '2023-03-21 11:37:27'),
(897, 'products/d9ea3c66741beeea22d595457aa8bfd3.jpg', 225, 'App\\Models\\Product', '2023-03-21 11:37:27', '2023-03-21 11:37:27'),
(898, 'products/37efe7c90acdb5cafada81a122a49588.jpg', 225, 'App\\Models\\Product', '2023-03-21 11:37:27', '2023-03-21 11:37:27'),
(899, 'products/abb2f9152ffeb22dc9d7c7f588b59500.jpg', 225, 'App\\Models\\Product', '2023-03-21 11:37:27', '2023-03-21 11:37:27'),
(900, 'products/8b31b093bc0fb06365b637c869980e8a.jpg', 225, 'App\\Models\\Product', '2023-03-21 11:37:27', '2023-03-21 11:37:27'),
(901, 'products/f4526a2dc628b6f559f0e62ac88779d6.jpg', 226, 'App\\Models\\Product', '2023-03-21 11:37:28', '2023-03-21 11:37:28'),
(902, 'products/4103a3d51a9140b2813d8ee1f4a07011.jpg', 226, 'App\\Models\\Product', '2023-03-21 11:37:28', '2023-03-21 11:37:28'),
(903, 'products/6a14c57a4ba60fad75fb96f945f99c6f.jpg', 226, 'App\\Models\\Product', '2023-03-21 11:37:28', '2023-03-21 11:37:28'),
(904, 'products/3e69d79b62b710f52aef79a741eaf58d.jpg', 226, 'App\\Models\\Product', '2023-03-21 11:37:28', '2023-03-21 11:37:28'),
(905, 'products/a4e07cd71f1fcf4fbd8d7b9d6da268db.jpg', 227, 'App\\Models\\Product', '2023-03-21 11:37:29', '2023-03-21 11:37:29'),
(906, 'products/6a91638e9e5a261a836d8da0d66947d7.jpg', 227, 'App\\Models\\Product', '2023-03-21 11:37:29', '2023-03-21 11:37:29'),
(907, 'products/46f95116b84dcc780c064bb342170d5c.jpg', 227, 'App\\Models\\Product', '2023-03-21 11:37:29', '2023-03-21 11:37:29'),
(908, 'products/c2242284e58779aaad422396d3af95fc.jpg', 227, 'App\\Models\\Product', '2023-03-21 11:37:29', '2023-03-21 11:37:29'),
(909, 'products/a1920b202dd3d38a25e44583b351892f.jpg', 228, 'App\\Models\\Product', '2023-03-21 11:37:30', '2023-03-21 11:37:30'),
(910, 'products/66402e1f4eb6a604b721deb5a4e2ad95.jpg', 228, 'App\\Models\\Product', '2023-03-21 11:37:30', '2023-03-21 11:37:30'),
(911, 'products/b71234a3de2f85483338c52e1e673388.jpg', 228, 'App\\Models\\Product', '2023-03-21 11:37:30', '2023-03-21 11:37:30'),
(912, 'products/bab6788ae80f4e6e38e14c6cfa9d30f9.jpg', 228, 'App\\Models\\Product', '2023-03-21 11:37:30', '2023-03-21 11:37:30'),
(913, 'products/24ddf60bd1266c825b1822aebdfbebc9.jpg', 229, 'App\\Models\\Product', '2023-03-21 11:37:30', '2023-03-21 11:37:30'),
(914, 'products/8f08e25869367f8ba86b244a0a2b4c38.jpg', 229, 'App\\Models\\Product', '2023-03-21 11:37:30', '2023-03-21 11:37:30'),
(915, 'products/a69537df9cc8ab39b57ea85cbf097064.jpg', 229, 'App\\Models\\Product', '2023-03-21 11:37:30', '2023-03-21 11:37:30'),
(916, 'products/8f5e48ff3db49cc7fb5a6fa5dac22ade.jpg', 229, 'App\\Models\\Product', '2023-03-21 11:37:30', '2023-03-21 11:37:30'),
(917, 'products/41be2a5caa1a66ebd30eafb9f000e71d.jpg', 230, 'App\\Models\\Product', '2023-03-21 11:37:31', '2023-03-21 11:37:31'),
(918, 'products/a2793e93637264fc9c155c48dfbd4735.jpg', 230, 'App\\Models\\Product', '2023-03-21 11:37:31', '2023-03-21 11:37:31'),
(919, 'products/10e7c3ecd7d7d1b2d869f54687577a42.jpg', 230, 'App\\Models\\Product', '2023-03-21 11:37:31', '2023-03-21 11:37:31'),
(920, 'products/ec95945b933566a415349caf73c62a58.jpg', 230, 'App\\Models\\Product', '2023-03-21 11:37:31', '2023-03-21 11:37:31'),
(921, 'products/f3753c3ffb90f121c30b5c3b1b645129.jpg', 231, 'App\\Models\\Product', '2023-03-21 11:37:32', '2023-03-21 11:37:32'),
(922, 'products/df61c23fa0a669e8d28c7858beaf96ed.jpg', 231, 'App\\Models\\Product', '2023-03-21 11:37:32', '2023-03-21 11:37:32'),
(923, 'products/2039f43706053e8882a874fe0a70ba5a.jpg', 231, 'App\\Models\\Product', '2023-03-21 11:37:32', '2023-03-21 11:37:32'),
(924, 'products/d9c1a1a12dc6d57de16c2801d79e913b.jpg', 231, 'App\\Models\\Product', '2023-03-21 11:37:32', '2023-03-21 11:37:32'),
(925, 'products/07300e8c87ea9f262cc14d5f65cb5b38.jpg', 232, 'App\\Models\\Product', '2023-03-21 11:37:33', '2023-03-21 11:37:33'),
(926, 'products/0285a404a0f52c472e21243bf71b75fe.jpg', 232, 'App\\Models\\Product', '2023-03-21 11:37:33', '2023-03-21 11:37:33'),
(927, 'products/8464d184a47a8e1b347dfc1fa8d4d8dc.jpg', 232, 'App\\Models\\Product', '2023-03-21 11:37:33', '2023-03-21 11:37:33'),
(928, 'products/efb2deeb03400b0c354b28b7f9c9b015.jpg', 232, 'App\\Models\\Product', '2023-03-21 11:37:33', '2023-03-21 11:37:33'),
(929, 'products/d2620cfe2a1f0ad423491c7df70abb7b.jpg', 233, 'App\\Models\\Product', '2023-03-21 11:37:33', '2023-03-21 11:37:33'),
(930, 'products/3b55a27288241116c9c826813ffbe0ca.jpg', 233, 'App\\Models\\Product', '2023-03-21 11:37:33', '2023-03-21 11:37:33'),
(931, 'products/aeb375d6d8f4e00edc6262551f77cfb9.jpg', 233, 'App\\Models\\Product', '2023-03-21 11:37:33', '2023-03-21 11:37:33'),
(932, 'products/5b52001e3c73741de75fe32f26aa64b5.jpg', 233, 'App\\Models\\Product', '2023-03-21 11:37:33', '2023-03-21 11:37:33'),
(933, 'products/d3eeab6d88faea2a8dea14301592fdd4.jpg', 234, 'App\\Models\\Product', '2023-03-21 11:37:34', '2023-03-21 11:37:34'),
(934, 'products/2cc39f6df798f4ef8abd7948fc5762ab.jpg', 234, 'App\\Models\\Product', '2023-03-21 11:37:34', '2023-03-21 11:37:34'),
(935, 'products/56dec1b6317f195b14eaa8acb1d75164.jpg', 234, 'App\\Models\\Product', '2023-03-21 11:37:34', '2023-03-21 11:37:34'),
(936, 'products/9291035f18caae5b2f005a9fcb37493a.jpg', 234, 'App\\Models\\Product', '2023-03-21 11:37:34', '2023-03-21 11:37:34'),
(937, 'products/6d9deb69312a881eb27f8cdfeb991161.jpg', 235, 'App\\Models\\Product', '2023-03-21 11:37:35', '2023-03-21 11:37:35'),
(938, 'products/3dfed9a4196a279d2a3dc3e519758a6b.jpg', 235, 'App\\Models\\Product', '2023-03-21 11:37:35', '2023-03-21 11:37:35'),
(939, 'products/639dc81704536a491dafdbce206f3be2.jpg', 235, 'App\\Models\\Product', '2023-03-21 11:37:35', '2023-03-21 11:37:35'),
(940, 'products/8d5c5cabc9ecdd5b4369c7ed41101000.jpg', 235, 'App\\Models\\Product', '2023-03-21 11:37:35', '2023-03-21 11:37:35'),
(941, 'products/6f1087341f4b61de16f884bff8319efa.jpg', 236, 'App\\Models\\Product', '2023-03-21 11:37:36', '2023-03-21 11:37:36'),
(942, 'products/ca2f84198c16b155523afe95eb1be8b2.jpg', 236, 'App\\Models\\Product', '2023-03-21 11:37:36', '2023-03-21 11:37:36'),
(943, 'products/0f5e3df2c539190f5b1906941fcecd62.jpg', 236, 'App\\Models\\Product', '2023-03-21 11:37:36', '2023-03-21 11:37:36'),
(944, 'products/eee8178e81c5ca975133b2400027d4bf.jpg', 236, 'App\\Models\\Product', '2023-03-21 11:37:36', '2023-03-21 11:37:36'),
(945, 'products/9a696a531d495fe0252f0a216fa978c4.jpg', 237, 'App\\Models\\Product', '2023-03-21 11:37:37', '2023-03-21 11:37:37'),
(946, 'products/558ba081075190c28d0a6eb44c3e1572.jpg', 237, 'App\\Models\\Product', '2023-03-21 11:37:37', '2023-03-21 11:37:37'),
(947, 'products/040113a57f53d316c5d4e0434730a393.jpg', 237, 'App\\Models\\Product', '2023-03-21 11:37:37', '2023-03-21 11:37:37'),
(948, 'products/1d131ce551d0d707f1ae07cadbc07211.jpg', 237, 'App\\Models\\Product', '2023-03-21 11:37:37', '2023-03-21 11:37:37'),
(949, 'products/0b4d1d3de267614be131a7e139fe00ed.jpg', 238, 'App\\Models\\Product', '2023-03-21 11:37:38', '2023-03-21 11:37:38'),
(950, 'products/536af0f06263a127f5c4ec433abc5b76.jpg', 238, 'App\\Models\\Product', '2023-03-21 11:37:38', '2023-03-21 11:37:38'),
(951, 'products/a3fbb4290d1194ba9ebb863073696a09.jpg', 238, 'App\\Models\\Product', '2023-03-21 11:37:38', '2023-03-21 11:37:38'),
(952, 'products/8528345272a1fdf8b00753c61a371b41.jpg', 238, 'App\\Models\\Product', '2023-03-21 11:37:38', '2023-03-21 11:37:38'),
(953, 'products/ddc4fdeeebb6f89869fe8cee22690d71.jpg', 239, 'App\\Models\\Product', '2023-03-21 11:37:39', '2023-03-21 11:37:39'),
(954, 'products/3c2360dc25f9635beb1cfe0273a7912f.jpg', 239, 'App\\Models\\Product', '2023-03-21 11:37:39', '2023-03-21 11:37:39'),
(955, 'products/5213c055db9bc028296af0674a514979.jpg', 239, 'App\\Models\\Product', '2023-03-21 11:37:39', '2023-03-21 11:37:39'),
(956, 'products/8c4f879be3d34d032f60799adb99e573.jpg', 239, 'App\\Models\\Product', '2023-03-21 11:37:39', '2023-03-21 11:37:39'),
(957, 'products/c1acf83bbcceeb09d6bcfd3d8aaeeeb6.jpg', 240, 'App\\Models\\Product', '2023-03-21 11:37:40', '2023-03-21 11:37:40'),
(958, 'products/60019a8d5977a65cbd8ebce09c78ccd3.jpg', 240, 'App\\Models\\Product', '2023-03-21 11:37:40', '2023-03-21 11:37:40'),
(959, 'products/02d88796834958c5077de5b5a78b7b12.jpg', 240, 'App\\Models\\Product', '2023-03-21 11:37:40', '2023-03-21 11:37:40'),
(960, 'products/bc9af21624a3973874606880df299755.jpg', 240, 'App\\Models\\Product', '2023-03-21 11:37:40', '2023-03-21 11:37:40'),
(961, 'products/64778842e71d41485f8b667d193049b2.jpg', 241, 'App\\Models\\Product', '2023-03-21 11:37:40', '2023-03-21 11:37:40'),
(962, 'products/4afc3141c51cfa24fe9f2e65e0188e3b.jpg', 241, 'App\\Models\\Product', '2023-03-21 11:37:40', '2023-03-21 11:37:40'),
(963, 'products/252b84d37500a25b9e1965a463b01d58.jpg', 241, 'App\\Models\\Product', '2023-03-21 11:37:40', '2023-03-21 11:37:40'),
(964, 'products/4f249262ee4cf8769060bcfd99153ae4.jpg', 241, 'App\\Models\\Product', '2023-03-21 11:37:40', '2023-03-21 11:37:40'),
(965, 'products/13748a49ba2d27e8af38196626a12001.jpg', 242, 'App\\Models\\Product', '2023-03-21 11:37:41', '2023-03-21 11:37:41'),
(966, 'products/9d68f88eb59fb0614e82c8b401eaa4cd.jpg', 242, 'App\\Models\\Product', '2023-03-21 11:37:41', '2023-03-21 11:37:41'),
(967, 'products/2bd4d3beb105d67613eca7398b916608.jpg', 242, 'App\\Models\\Product', '2023-03-21 11:37:41', '2023-03-21 11:37:41'),
(968, 'products/54471908c8c6ac043a2ea873743e11e8.jpg', 242, 'App\\Models\\Product', '2023-03-21 11:37:41', '2023-03-21 11:37:41'),
(969, 'products/2fc992d884ff1d0064dbccd8deea718c.jpg', 243, 'App\\Models\\Product', '2023-03-21 11:37:42', '2023-03-21 11:37:42'),
(970, 'products/13bc53b97ab18feeee778960c4570e95.jpg', 243, 'App\\Models\\Product', '2023-03-21 11:37:42', '2023-03-21 11:37:42'),
(971, 'products/3c16014c6ac97d647717f72dda865551.jpg', 243, 'App\\Models\\Product', '2023-03-21 11:37:42', '2023-03-21 11:37:42'),
(972, 'products/81ef62c3d6338fd6daced36d1635b15d.jpg', 243, 'App\\Models\\Product', '2023-03-21 11:37:42', '2023-03-21 11:37:42'),
(973, 'products/47a308e19f3f951afe147b82726c516c.jpg', 244, 'App\\Models\\Product', '2023-03-21 11:37:43', '2023-03-21 11:37:43'),
(974, 'products/2572a9d94cce9b3a90610782efa132bb.jpg', 244, 'App\\Models\\Product', '2023-03-21 11:37:43', '2023-03-21 11:37:43'),
(975, 'products/37c4f25665bf68e3f03666f7c3b823c2.jpg', 244, 'App\\Models\\Product', '2023-03-21 11:37:43', '2023-03-21 11:37:43'),
(976, 'products/463471e746fbe64fbec6bbec2038dde2.jpg', 244, 'App\\Models\\Product', '2023-03-21 11:37:43', '2023-03-21 11:37:43'),
(977, 'products/f6788a8f5500123fa12cf3fbb21290ae.jpg', 245, 'App\\Models\\Product', '2023-03-21 11:37:43', '2023-03-21 11:37:43'),
(978, 'products/6ea06958e7ec909420dea912594352a9.jpg', 245, 'App\\Models\\Product', '2023-03-21 11:37:43', '2023-03-21 11:37:43'),
(979, 'products/83d2dbaf94857649d4778000eb37e1e0.jpg', 245, 'App\\Models\\Product', '2023-03-21 11:37:43', '2023-03-21 11:37:43'),
(980, 'products/541345352a879cdd526cf06ae2479fd1.jpg', 245, 'App\\Models\\Product', '2023-03-21 11:37:43', '2023-03-21 11:37:43'),
(981, 'products/03b5dfcaeb27e5aaac3e1131d58f3739.jpg', 246, 'App\\Models\\Product', '2023-03-21 11:37:44', '2023-03-21 11:37:44'),
(982, 'products/93f3e431c4729f1da1cd6733d5def4cd.jpg', 246, 'App\\Models\\Product', '2023-03-21 11:37:44', '2023-03-21 11:37:44'),
(983, 'products/73c10241adbf44d80ce28551de3d1e73.jpg', 246, 'App\\Models\\Product', '2023-03-21 11:37:44', '2023-03-21 11:37:44'),
(984, 'products/1fa5cc1f5a85afee906756275138f8fd.jpg', 246, 'App\\Models\\Product', '2023-03-21 11:37:44', '2023-03-21 11:37:44'),
(985, 'products/de6ea3f9c4062173d2bdfb6c4f5be203.jpg', 247, 'App\\Models\\Product', '2023-03-21 11:37:45', '2023-03-21 11:37:45'),
(986, 'products/a6e309703f9c4b42d183febbb42a4f14.jpg', 247, 'App\\Models\\Product', '2023-03-21 11:37:45', '2023-03-21 11:37:45'),
(987, 'products/33b27fd38571de5c84845ee043522895.jpg', 247, 'App\\Models\\Product', '2023-03-21 11:37:45', '2023-03-21 11:37:45'),
(988, 'products/7f6e5cf1eecc1d7c60169388cbb6ae98.jpg', 247, 'App\\Models\\Product', '2023-03-21 11:37:45', '2023-03-21 11:37:45'),
(989, 'products/904b1a549fe0f7a9d4d7bcf1f32f6fa6.jpg', 248, 'App\\Models\\Product', '2023-03-21 11:37:46', '2023-03-21 11:37:46'),
(990, 'products/069b93c27442953a41e9ed2adce546b4.jpg', 248, 'App\\Models\\Product', '2023-03-21 11:37:46', '2023-03-21 11:37:46'),
(991, 'products/44b5fc85ecb9337a689b3338b43fa157.jpg', 248, 'App\\Models\\Product', '2023-03-21 11:37:46', '2023-03-21 11:37:46'),
(992, 'products/8e37ecce0a9761284153379db95451e3.jpg', 248, 'App\\Models\\Product', '2023-03-21 11:37:46', '2023-03-21 11:37:46'),
(993, 'products/582d3da6fc5e473912ad92feb1ab5d50.jpg', 249, 'App\\Models\\Product', '2023-03-21 11:37:46', '2023-03-21 11:37:46'),
(994, 'products/1972f34f2d3642c0fa31a97790e37874.jpg', 249, 'App\\Models\\Product', '2023-03-21 11:37:46', '2023-03-21 11:37:46'),
(995, 'products/a5ad25a6f73a0bd230f6faf10c780696.jpg', 249, 'App\\Models\\Product', '2023-03-21 11:37:46', '2023-03-21 11:37:46'),
(996, 'products/2bc3b387c1a6e6af158268dff8b99ad9.jpg', 249, 'App\\Models\\Product', '2023-03-21 11:37:46', '2023-03-21 11:37:46'),
(997, 'products/72d0df36de84a61c0b58846047d55ead.jpg', 250, 'App\\Models\\Product', '2023-03-21 11:37:47', '2023-03-21 11:37:47'),
(998, 'products/6ab3bb2378232fb0efb315e2be7305a1.jpg', 250, 'App\\Models\\Product', '2023-03-21 11:37:47', '2023-03-21 11:37:47'),
(999, 'products/956a8b9347d19d8f435792d830ea6eab.jpg', 250, 'App\\Models\\Product', '2023-03-21 11:37:47', '2023-03-21 11:37:47'),
(1000, 'products/40da7d0e523978b914de291317ff3e86.jpg', 250, 'App\\Models\\Product', '2023-03-21 11:37:47', '2023-03-21 11:37:47');

-- --------------------------------------------------------

--
-- Estructura de tabla para la tabla `migrations`
--

CREATE TABLE `migrations` (
  `id` int UNSIGNED NOT NULL,
  `migration` varchar(255) COLLATE utf8mb4_unicode_ci NOT NULL,
  `batch` int NOT NULL
) ENGINE=InnoDB DEFAULT CHARSET=utf8mb4 COLLATE=utf8mb4_unicode_ci;

--
-- Volcado de datos para la tabla `migrations`
--

INSERT INTO `migrations` (`id`, `migration`, `batch`) VALUES
(1, '2014_10_12_000000_create_users_table', 1),
(2, '2014_10_12_100000_create_password_resets_table', 1),
(3, '2014_10_12_200000_add_two_factor_columns_to_users_table', 1),
(4, '2018_12_23_120000_create_shoppingcart_table', 1),
(5, '2019_08_19_000000_create_failed_jobs_table', 1),
(6, '2019_12_14_000001_create_personal_access_tokens_table', 1),
(7, '2021_07_24_162427_create_sessions_table', 1),
(8, '2021_07_24_165639_create_categories_table', 1),
(9, '2021_07_24_171541_create_subcategories_table', 1),
(10, '2021_07_24_172736_create_brands_table', 1),
(11, '2021_07_24_173146_create_brand_category_table', 1),
(12, '2021_07_24_173521_create_products_table', 1),
(13, '2021_07_26_163250_create_colors_table', 1),
(14, '2021_07_26_163623_create_color_product_table', 1),
(15, '2021_07_26_163855_create_sizes_table', 1),
(16, '2021_07_26_164456_create_color_size_table', 1),
(17, '2021_07_26_174546_create_images_table', 1),
(18, '2021_08_11_174308_create_departments_table', 1),
(19, '2021_08_11_174322_create_cities_table', 1),
(20, '2021_08_11_174331_create_districts_table', 1),
(21, '2021_08_11_174340_create_orders_table', 1),
(22, '2021_08_25_154104_create_permission_tables', 1);

-- --------------------------------------------------------

--
-- Estructura de tabla para la tabla `model_has_permissions`
--

CREATE TABLE `model_has_permissions` (
  `permission_id` bigint UNSIGNED NOT NULL,
  `model_type` varchar(255) COLLATE utf8mb4_unicode_ci NOT NULL,
  `model_id` bigint UNSIGNED NOT NULL
) ENGINE=InnoDB DEFAULT CHARSET=utf8mb4 COLLATE=utf8mb4_unicode_ci;

-- --------------------------------------------------------

--
-- Estructura de tabla para la tabla `model_has_roles`
--

CREATE TABLE `model_has_roles` (
  `role_id` bigint UNSIGNED NOT NULL,
  `model_type` varchar(255) COLLATE utf8mb4_unicode_ci NOT NULL,
  `model_id` bigint UNSIGNED NOT NULL
) ENGINE=InnoDB DEFAULT CHARSET=utf8mb4 COLLATE=utf8mb4_unicode_ci;

--
-- Volcado de datos para la tabla `model_has_roles`
--

INSERT INTO `model_has_roles` (`role_id`, `model_type`, `model_id`) VALUES
(1, 'App\\Models\\User', 1);

-- --------------------------------------------------------

--
-- Estructura de tabla para la tabla `orders`
--

CREATE TABLE `orders` (
  `id` bigint UNSIGNED NOT NULL,
  `user_id` bigint UNSIGNED NOT NULL,
  `contact` varchar(255) COLLATE utf8mb4_unicode_ci NOT NULL,
  `phone` varchar(255) COLLATE utf8mb4_unicode_ci NOT NULL,
  `status` enum('1','2','3','4','5') COLLATE utf8mb4_unicode_ci NOT NULL DEFAULT '1',
  `envio_type` enum('1','2') COLLATE utf8mb4_unicode_ci NOT NULL,
  `shipping_cost` double(8,2) NOT NULL,
  `total` double(8,2) NOT NULL,
  `content` json NOT NULL,
  `envio` json DEFAULT NULL,
  `created_at` timestamp NULL DEFAULT NULL,
  `updated_at` timestamp NULL DEFAULT NULL
) ENGINE=InnoDB DEFAULT CHARSET=utf8mb4 COLLATE=utf8mb4_unicode_ci;

-- --------------------------------------------------------

--
-- Estructura de tabla para la tabla `password_resets`
--

CREATE TABLE `password_resets` (
  `email` varchar(255) COLLATE utf8mb4_unicode_ci NOT NULL,
  `token` varchar(255) COLLATE utf8mb4_unicode_ci NOT NULL,
  `created_at` timestamp NULL DEFAULT NULL
) ENGINE=InnoDB DEFAULT CHARSET=utf8mb4 COLLATE=utf8mb4_unicode_ci;

-- --------------------------------------------------------

--
-- Estructura de tabla para la tabla `permissions`
--

CREATE TABLE `permissions` (
  `id` bigint UNSIGNED NOT NULL,
  `name` varchar(255) COLLATE utf8mb4_unicode_ci NOT NULL,
  `guard_name` varchar(255) COLLATE utf8mb4_unicode_ci NOT NULL,
  `created_at` timestamp NULL DEFAULT NULL,
  `updated_at` timestamp NULL DEFAULT NULL
) ENGINE=InnoDB DEFAULT CHARSET=utf8mb4 COLLATE=utf8mb4_unicode_ci;

-- --------------------------------------------------------

--
-- Estructura de tabla para la tabla `personal_access_tokens`
--

CREATE TABLE `personal_access_tokens` (
  `id` bigint UNSIGNED NOT NULL,
  `tokenable_type` varchar(255) COLLATE utf8mb4_unicode_ci NOT NULL,
  `tokenable_id` bigint UNSIGNED NOT NULL,
  `name` varchar(255) COLLATE utf8mb4_unicode_ci NOT NULL,
  `token` varchar(64) COLLATE utf8mb4_unicode_ci NOT NULL,
  `abilities` text COLLATE utf8mb4_unicode_ci,
  `last_used_at` timestamp NULL DEFAULT NULL,
  `created_at` timestamp NULL DEFAULT NULL,
  `updated_at` timestamp NULL DEFAULT NULL
) ENGINE=InnoDB DEFAULT CHARSET=utf8mb4 COLLATE=utf8mb4_unicode_ci;

-- --------------------------------------------------------

--
-- Estructura de tabla para la tabla `products`
--

CREATE TABLE `products` (
  `id` bigint UNSIGNED NOT NULL,
  `name` varchar(255) COLLATE utf8mb4_unicode_ci NOT NULL,
  `slug` varchar(255) COLLATE utf8mb4_unicode_ci NOT NULL,
  `description` text COLLATE utf8mb4_unicode_ci NOT NULL,
  `price` double(8,2) NOT NULL,
  `subcategory_id` bigint UNSIGNED NOT NULL,
  `brand_id` bigint UNSIGNED NOT NULL,
  `quantity` int DEFAULT NULL,
  `status` enum('1','2') COLLATE utf8mb4_unicode_ci NOT NULL DEFAULT '1',
  `created_at` timestamp NULL DEFAULT NULL,
  `updated_at` timestamp NULL DEFAULT NULL
) ENGINE=InnoDB DEFAULT CHARSET=utf8mb4 COLLATE=utf8mb4_unicode_ci;

--
-- Volcado de datos para la tabla `products`
--

INSERT INTO `products` (`id`, `name`, `slug`, `description`, `price`, `subcategory_id`, `brand_id`, `quantity`, `status`, `created_at`, `updated_at`) VALUES
(1, 'Ipsum quo.', 'ipsum-quo', 'Vel quidem provident modi corporis a fuga officiis. Quae sit natus dolores aut. Tenetur est eum voluptatem voluptatum iste voluptatibus. Ratione sit quidem facere nemo sit.', 49.99, 12, 14, 15, '2', '2023-03-21 11:34:23', '2023-03-21 11:34:23'),
(2, 'Aut maxime et.', 'aut-maxime-et', 'Nesciunt odio enim voluptates est maxime soluta. Debitis ut sunt quisquam ratione qui quo suscipit. Qui est omnis suscipit ea possimus et vel. Velit est natus magni nam sint eveniet incidunt.', 19.99, 18, 18, 15, '2', '2023-03-21 11:34:23', '2023-03-21 11:34:23'),
(3, 'Dignissimos corporis.', 'dignissimos-corporis', 'Accusamus necessitatibus id veritatis voluptas. Vel unde et rem assumenda. Sit in enim quis omnis.', 99.99, 11, 13, 15, '2', '2023-03-21 11:34:23', '2023-03-21 11:34:23'),
(4, 'Et perspiciatis eum.', 'et-perspiciatis-eum', 'Consectetur perferendis alias ut. Voluptas vel ratione amet et minima. Impedit assumenda iusto sint et corrupti laboriosam.', 99.99, 18, 17, 15, '2', '2023-03-21 11:34:23', '2023-03-21 11:34:23'),
(5, 'Quas sapiente.', 'quas-sapiente', 'Et ipsam quos corporis odit qui adipisci quasi. Et ullam laborum et officiis dolores. Voluptatum neque ratione ut minus nulla quod omnis.', 49.99, 12, 15, 15, '2', '2023-03-21 11:34:23', '2023-03-21 11:34:23'),
(6, 'Magni dolor.', 'magni-dolor', 'Quia rem labore ipsum est. Molestias modi illum explicabo incidunt.', 49.99, 7, 11, 15, '2', '2023-03-21 11:34:23', '2023-03-21 11:34:23'),
(7, 'Dicta sunt aut.', 'dicta-sunt-aut', 'Repudiandae explicabo voluptatem quia eligendi. Reiciendis id id minima voluptatum. Corporis adipisci eos eius ducimus. Sit magnam explicabo impedit nostrum atque illo eos.', 99.99, 12, 16, 15, '2', '2023-03-21 11:34:23', '2023-03-21 11:34:23'),
(8, 'Voluptate nesciunt.', 'voluptate-nesciunt', 'Aut praesentium asperiores praesentium accusamus molestias numquam. Inventore voluptatem itaque aut consequatur dicta. Modi optio consequatur quaerat fugiat.', 19.99, 14, 13, 15, '2', '2023-03-21 11:34:23', '2023-03-21 11:34:23'),
(9, 'Est non et.', 'est-non-et', 'Iste quia molestiae nulla reprehenderit. Quas labore et qui vel nisi est adipisci. Voluptatum aliquid nulla aut consectetur. Unde rerum laborum corrupti cum et et quisquam.', 19.99, 13, 15, 15, '2', '2023-03-21 11:34:23', '2023-03-21 11:34:23'),
(10, 'Odio et voluptatibus.', 'odio-et-voluptatibus', 'Perferendis dolore alias et. Excepturi aspernatur ipsa enim nulla deserunt et error. Sapiente non voluptatem maxime nemo aut fugit enim.', 19.99, 5, 5, 15, '2', '2023-03-21 11:34:23', '2023-03-21 11:34:23'),
(11, 'Sunt quia.', 'sunt-quia', 'Deserunt dolorum molestias facere numquam cum. Alias enim ea dolorem nemo. Aut illo est animi cum possimus. Sunt ipsam consectetur quo illum.', 49.99, 16, 20, NULL, '2', '2023-03-21 11:34:23', '2023-03-21 11:34:23'),
(12, 'Asperiores sed ut.', 'asperiores-sed-ut', 'Sit architecto praesentium id minima earum odio. Voluptatibus non beatae qui reprehenderit dolores inventore. Voluptates et illum est et in ex quod.', 99.99, 18, 20, 15, '2', '2023-03-21 11:34:23', '2023-03-21 11:34:23'),
(13, 'Quia numquam reiciendis.', 'quia-numquam-reiciendis', 'Modi repudiandae voluptas quisquam nemo possimus. Incidunt perferendis qui ut odio. Autem quidem corporis aut. Voluptate repellat libero recusandae sed vitae.', 49.99, 15, 18, NULL, '2', '2023-03-21 11:34:23', '2023-03-21 11:34:23'),
(14, 'Optio corporis.', 'optio-corporis', 'Quas omnis commodi quis facere doloribus. Ad et et ut quia optio. Doloremque dicta nemo vel et cumque dolores dignissimos.', 99.99, 2, 4, 15, '2', '2023-03-21 11:34:23', '2023-03-21 11:34:23'),
(15, 'Exercitationem quam.', 'exercitationem-quam', 'Sunt odit quibusdam quae tempora doloremque quas culpa. Perspiciatis molestiae quia laudantium enim ab. Qui corrupti quas odit occaecati quisquam pariatur. Vel modi quia quibusdam doloremque.', 49.99, 3, 2, 15, '2', '2023-03-21 11:34:23', '2023-03-21 11:34:23'),
(16, 'Animi ipsum velit.', 'animi-ipsum-velit', 'Molestiae illo eum dolorum est eum quibusdam. Ipsum eum qui aut consectetur non eos sint. Expedita eligendi quibusdam vero eius. Iste sit qui possimus nostrum.', 19.99, 8, 10, 15, '2', '2023-03-21 11:34:23', '2023-03-21 11:34:23'),
(17, 'Eos eos.', 'eos-eos', 'Nihil aut facere eos ipsam sint exercitationem. Rerum atque esse eum natus. Sed ullam consequatur voluptas quo a. Nobis accusantium non laudantium consectetur est accusantium numquam.', 49.99, 6, 5, 15, '2', '2023-03-21 11:34:23', '2023-03-21 11:34:23'),
(18, 'Sunt non.', 'sunt-non', 'Odio dolorem et hic incidunt voluptatem dolor. Corporis fugit sunt nobis dolores non. Maiores ipsum porro officiis qui iure exercitationem omnis incidunt.', 49.99, 14, 16, 15, '2', '2023-03-21 11:34:23', '2023-03-21 11:34:23'),
(19, 'Saepe officia.', 'saepe-officia', 'Dolor et non et illum voluptatem ut rerum. Beatae et temporibus iusto harum. Eligendi excepturi nisi voluptatem accusamus. Tempore hic labore ut quam consequatur cupiditate autem.', 99.99, 4, 6, 15, '2', '2023-03-21 11:34:23', '2023-03-21 11:34:23'),
(20, 'Est exercitationem expedita.', 'est-exercitationem-expedita', 'Nemo quaerat voluptate nemo voluptatem deleniti. Eum fugit recusandae at aperiam nihil iusto eius. Fuga corporis neque qui nemo.', 99.99, 4, 6, 15, '2', '2023-03-21 11:34:23', '2023-03-21 11:34:23'),
(21, 'Et eveniet ut.', 'et-eveniet-ut', 'Quae vel ab asperiores sit voluptates quis. Et dolores officia vero iste sint aut. Et et repellat autem id.', 19.99, 4, 7, 15, '2', '2023-03-21 11:34:23', '2023-03-21 11:34:23'),
(22, 'Quia et.', 'quia-et', 'Voluptatem aut dicta quidem aut. Et commodi animi distinctio neque rerum ipsam. Laudantium sapiente impedit cumque.', 99.99, 12, 16, 15, '2', '2023-03-21 11:34:23', '2023-03-21 11:34:23'),
(23, 'Ea a.', 'ea-a', 'Nihil consequatur at ratione quia perferendis consequatur. Dolores voluptas qui qui totam et aut ea. Illo nihil ut qui.', 49.99, 17, 19, 15, '2', '2023-03-21 11:34:23', '2023-03-21 11:34:23'),
(24, 'Sint velit.', 'sint-velit', 'Qui quia enim sint nisi est. Qui et veritatis velit neque excepturi. Ipsum illo aut assumenda voluptas est cumque. Vel et consequatur magnam.', 19.99, 10, 10, 15, '2', '2023-03-21 11:34:23', '2023-03-21 11:34:23'),
(25, 'Accusantium ea eligendi.', 'accusantium-ea-eligendi', 'Impedit illum repudiandae atque ut magnam nisi impedit. Totam sed voluptates ducimus perferendis praesentium sint nobis. Nihil neque dolores quis ipsum hic expedita omnis rerum.', 49.99, 5, 8, 15, '2', '2023-03-21 11:34:23', '2023-03-21 11:34:23'),
(26, 'Quisquam est eum.', 'quisquam-est-eum', 'Commodi quia magni commodi. Id qui est consequatur molestiae architecto doloribus et nostrum. Labore est accusamus in nesciunt sit deleniti maxime expedita.', 49.99, 9, 10, 15, '2', '2023-03-21 11:34:23', '2023-03-21 11:34:23'),
(27, 'Tenetur rerum consequatur.', 'tenetur-rerum-consequatur', 'Ea itaque quia eum reprehenderit non repellat ad. Quia fugit quis vitae eum quidem tenetur. Eligendi quis perferendis vel. Similique error impedit sed nihil aperiam omnis.', 99.99, 13, 15, 15, '2', '2023-03-21 11:34:23', '2023-03-21 11:34:23'),
(28, 'Est repellat.', 'est-repellat', 'Maiores et qui molestiae qui dicta. Omnis illum quibusdam aut architecto facere consequatur. Ea repellendus et ut. Quam at voluptate dolorum doloribus quaerat.', 99.99, 4, 5, 15, '2', '2023-03-21 11:34:23', '2023-03-21 11:34:23'),
(29, 'Minus odit aut.', 'minus-odit-aut', 'In consequatur beatae omnis ut corporis aliquam. Distinctio error dolores omnis accusantium. Labore nesciunt assumenda nostrum et est et explicabo. Illo deserunt qui non tempore qui autem.', 19.99, 8, 11, 15, '2', '2023-03-21 11:34:23', '2023-03-21 11:34:23'),
(30, 'Eius optio.', 'eius-optio', 'Repellat voluptatem voluptas consequuntur est ut id. Aut aut qui rem nostrum dignissimos. Aut et non eligendi et aut.', 99.99, 6, 7, 15, '2', '2023-03-21 11:34:23', '2023-03-21 11:34:23'),
(31, 'Optio minus necessitatibus.', 'optio-minus-necessitatibus', 'Vel saepe ullam et assumenda. Qui velit eaque expedita et et beatae. Quo quam quae dolores quia consequatur et.', 49.99, 3, 2, 15, '2', '2023-03-21 11:34:23', '2023-03-21 11:34:23'),
(32, 'Eos dicta.', 'eos-dicta', 'Cupiditate ut similique quod est in. Laborum voluptas hic libero vero eligendi necessitatibus rerum dolorem. Laudantium velit voluptatem molestiae et accusamus quis.', 99.99, 9, 10, 15, '2', '2023-03-21 11:34:23', '2023-03-21 11:34:23'),
(33, 'Voluptas soluta iure.', 'voluptas-soluta-iure', 'Nihil deleniti eum voluptate ea. Aliquam ut debitis libero voluptate qui et ab. Et vel excepturi ut reprehenderit quos et.', 19.99, 6, 8, 15, '2', '2023-03-21 11:34:23', '2023-03-21 11:34:23'),
(34, 'Autem hic at.', 'autem-hic-at', 'Molestiae tempore eligendi quia et tempora. Deserunt soluta esse hic rerum voluptatum rerum impedit. Voluptas omnis quibusdam veniam dignissimos. Molestias dolores minus neque illum autem ducimus.', 49.99, 10, 12, 15, '2', '2023-03-21 11:34:23', '2023-03-21 11:34:23'),
(35, 'Soluta numquam.', 'soluta-numquam', 'Praesentium nesciunt officia eos asperiores. Est necessitatibus qui praesentium nostrum. Alias harum iusto explicabo. Quibusdam et aut est et nisi tempore ea.', 49.99, 5, 5, 15, '2', '2023-03-21 11:34:23', '2023-03-21 11:34:23'),
(36, 'Perspiciatis omnis.', 'perspiciatis-omnis', 'Fugiat dolores excepturi molestiae facilis quasi. Rerum enim debitis nisi aut voluptatem. Libero possimus autem modi nisi corrupti non omnis qui.', 49.99, 15, 19, NULL, '2', '2023-03-21 11:34:23', '2023-03-21 11:34:23'),
(37, 'Veritatis et amet.', 'veritatis-et-amet', 'Est nesciunt consequatur quis et. Aut dolorem mollitia deserunt maxime nihil fuga. Consequuntur qui laudantium dolores ullam. Doloremque labore itaque et vitae sint deserunt.', 19.99, 14, 16, 15, '2', '2023-03-21 11:34:23', '2023-03-21 11:34:23'),
(38, 'Dolor nulla est.', 'dolor-nulla-est', 'Architecto modi sed rerum ab vero repudiandae ea assumenda. Quasi atque ipsa debitis voluptatum rerum et. Non officia voluptatibus vel itaque iure. In et voluptas quod vel voluptas nisi.', 49.99, 11, 16, 15, '2', '2023-03-21 11:34:23', '2023-03-21 11:34:23'),
(39, 'Laborum nulla.', 'laborum-nulla', 'Laudantium optio alias dolor perspiciatis sed eius. In aut voluptas iure est. Asperiores voluptas vero doloremque.', 19.99, 17, 18, 15, '2', '2023-03-21 11:34:23', '2023-03-21 11:34:23'),
(40, 'Mollitia expedita.', 'mollitia-expedita', 'Odio mollitia nam et. Nobis laudantium natus vitae reiciendis. Asperiores commodi quis rerum numquam sint perferendis.', 49.99, 16, 18, NULL, '2', '2023-03-21 11:34:23', '2023-03-21 11:34:23'),
(41, 'Voluptatem aut.', 'voluptatem-aut', 'Repellat repellendus sapiente id et assumenda praesentium culpa. Officia quos enim velit voluptas. Ut rerum sed velit ut.', 19.99, 11, 13, 15, '2', '2023-03-21 11:34:23', '2023-03-21 11:34:23'),
(42, 'Autem qui.', 'autem-qui', 'Amet corporis minus aut explicabo. Sit quia quia aut id nesciunt. Eveniet ut molestiae reiciendis debitis quasi quia repellendus. Labore autem voluptas perferendis suscipit consequatur dolore nam.', 99.99, 15, 19, NULL, '2', '2023-03-21 11:34:23', '2023-03-21 11:34:23'),
(43, 'Amet dolor.', 'amet-dolor', 'Aut magni aut expedita omnis beatae ut. Exercitationem eaque autem qui necessitatibus rem.', 99.99, 8, 10, 15, '2', '2023-03-21 11:34:23', '2023-03-21 11:34:23'),
(44, 'Deleniti aperiam numquam.', 'deleniti-aperiam-numquam', 'Dolor esse dignissimos voluptatum rerum harum libero. Expedita ex qui totam qui et sit error. Dolor qui nisi earum pariatur in aspernatur.', 99.99, 3, 3, 15, '2', '2023-03-21 11:34:23', '2023-03-21 11:34:23'),
(45, 'Beatae voluptate repellendus.', 'beatae-voluptate-repellendus', 'Totam qui blanditiis explicabo rerum alias itaque. Dolores ea et possimus veniam facere minima. Quia non voluptatem quae fugiat. Magni commodi rerum dolores rerum.', 99.99, 10, 11, 15, '2', '2023-03-21 11:34:23', '2023-03-21 11:34:23'),
(46, 'Magni adipisci id.', 'magni-adipisci-id', 'Qui ea sed ut unde dolore. Est et cumque dolore voluptatum commodi. Ex ut illo doloremque voluptatem. Modi velit ut ex cupiditate molestias et. Necessitatibus labore recusandae quo tenetur.', 49.99, 6, 6, 15, '2', '2023-03-21 11:34:23', '2023-03-21 11:34:23'),
(47, 'Autem dolorem nihil.', 'autem-dolorem-nihil', 'Consequatur aliquid ipsum et aspernatur occaecati natus repellat. Eos exercitationem facere esse alias. Neque vel sunt provident quasi. Suscipit autem iusto aspernatur sit velit non explicabo.', 99.99, 3, 3, 15, '2', '2023-03-21 11:34:23', '2023-03-21 11:34:23'),
(48, 'Tempora quod consequatur.', 'tempora-quod-consequatur', 'Occaecati corporis odio minima. Sint et dolorum quas. Id voluptatibus ipsa ex sapiente at dolores.', 19.99, 15, 20, NULL, '2', '2023-03-21 11:34:23', '2023-03-21 11:34:23'),
(49, 'Sint ducimus eum.', 'sint-ducimus-eum', 'Et autem itaque perspiciatis reiciendis aut. Reprehenderit aspernatur est maxime autem id et unde. Minus dolor et sint aut officia. Ut mollitia ea quas.', 49.99, 8, 11, 15, '2', '2023-03-21 11:34:23', '2023-03-21 11:34:23'),
(50, 'Hic magnam animi.', 'hic-magnam-animi', 'Natus ex consequatur maxime repellendus rem. Suscipit eos in qui amet. Eos quaerat dolorum animi. Veritatis blanditiis eveniet voluptatum id.', 99.99, 4, 5, 15, '2', '2023-03-21 11:34:23', '2023-03-21 11:34:23'),
(51, 'Corporis minus voluptas.', 'corporis-minus-voluptas', 'Adipisci quis accusamus officiis officia. Qui est architecto harum consectetur facere et error. Nihil dolor mollitia sed ea commodi dignissimos.', 99.99, 14, 14, 15, '2', '2023-03-21 11:34:23', '2023-03-21 11:34:23'),
(52, 'Error aut.', 'error-aut', 'Voluptatibus modi vero est cumque laudantium voluptas et laudantium. Nesciunt quam consequatur occaecati ipsa hic dolores voluptatem. Ut aspernatur mollitia et.', 49.99, 16, 17, NULL, '2', '2023-03-21 11:34:23', '2023-03-21 11:34:23'),
(53, 'Et consequuntur quis.', 'et-consequuntur-quis', 'Deserunt quia et facilis quisquam quibusdam. Libero exercitationem eos culpa laboriosam facere. Sapiente labore unde at eos.', 99.99, 13, 16, 15, '2', '2023-03-21 11:34:23', '2023-03-21 11:34:23'),
(54, 'Nihil nesciunt alias.', 'nihil-nesciunt-alias', 'Dolor iusto nostrum atque. Aut omnis vel architecto blanditiis dolores ea. Eaque ratione aliquid minima quia facilis dolor dolores.', 49.99, 17, 20, 15, '2', '2023-03-21 11:34:23', '2023-03-21 11:34:23'),
(55, 'Atque est dolore.', 'atque-est-dolore', 'Voluptatem eligendi repellendus id officiis sunt. Aliquam vel quo quas nisi fugit reprehenderit aspernatur. Non similique voluptatem et architecto cum minima.', 49.99, 16, 18, NULL, '2', '2023-03-21 11:34:23', '2023-03-21 11:34:23'),
(56, 'Molestiae voluptatem.', 'molestiae-voluptatem', 'Omnis voluptas temporibus minima laudantium nemo repudiandae. Sint ea quo dolorem non. Rerum soluta ea rerum quae velit. Ab deleniti at sit velit impedit.', 99.99, 15, 19, NULL, '2', '2023-03-21 11:34:23', '2023-03-21 11:34:23'),
(57, 'Non est quisquam.', 'non-est-quisquam', 'Aut mollitia laboriosam illum odit. Et aut adipisci et.', 99.99, 2, 4, 15, '2', '2023-03-21 11:34:23', '2023-03-21 11:34:23'),
(58, 'Nobis nulla.', 'nobis-nulla', 'Minima in quia harum maxime. Voluptatem accusantium dolorum aut unde blanditiis non expedita. Tempore placeat voluptas omnis nam est et.', 99.99, 14, 16, 15, '2', '2023-03-21 11:34:23', '2023-03-21 11:34:23'),
(59, 'Aperiam aut ipsa.', 'aperiam-aut-ipsa', 'Et harum veritatis molestiae tempore aperiam. Quis deserunt voluptatibus et eaque rerum ea fugit. Iusto perferendis ratione tempora quae aut quod.', 19.99, 12, 13, 15, '2', '2023-03-21 11:34:23', '2023-03-21 11:34:23'),
(60, 'Est vel ex.', 'est-vel-ex', 'Amet qui natus vero atque vitae quod in quisquam. Facere autem consequatur velit. Ipsam animi ullam qui. Aut in quia quisquam aliquid quam dolorem consequatur.', 99.99, 17, 18, 15, '2', '2023-03-21 11:34:23', '2023-03-21 11:34:23'),
(61, 'Sunt doloremque mollitia.', 'sunt-doloremque-mollitia', 'Non pariatur repudiandae sit provident. Quis sunt et quia suscipit.', 19.99, 11, 15, 15, '2', '2023-03-21 11:34:23', '2023-03-21 11:34:23'),
(62, 'Ducimus modi.', 'ducimus-modi', 'Voluptas excepturi laboriosam eum recusandae quis quam. Dolor reprehenderit aspernatur aut magni voluptatem explicabo ducimus. Possimus ab quasi tempore. Aspernatur nobis neque sunt repellendus.', 19.99, 3, 4, 15, '2', '2023-03-21 11:34:23', '2023-03-21 11:34:23'),
(63, 'Assumenda laboriosam.', 'assumenda-laboriosam', 'Assumenda sunt magni animi assumenda sapiente. Qui enim ut nihil suscipit. Unde non voluptatem et facere.', 19.99, 14, 16, 15, '2', '2023-03-21 11:34:23', '2023-03-21 11:34:23'),
(64, 'Excepturi sit.', 'excepturi-sit', 'Neque eaque vero laudantium tempore cupiditate. Sit dignissimos ut laborum aut nihil. Qui asperiores est excepturi dolores vel.', 19.99, 7, 12, 15, '2', '2023-03-21 11:34:23', '2023-03-21 11:34:23'),
(65, 'Expedita sit.', 'expedita-sit', 'Facere vel cumque dignissimos enim quo sed iure. Cupiditate repellat necessitatibus dolor. Et voluptatum consequatur dolore soluta.', 99.99, 5, 7, 15, '2', '2023-03-21 11:34:23', '2023-03-21 11:34:23'),
(66, 'Aut asperiores deserunt.', 'aut-asperiores-deserunt', 'Ut fugiat et sit atque nihil. Dolorem ut aut a deleniti quas consequatur. In error delectus quod adipisci. Illum illum ea magnam facere non hic laboriosam labore.', 19.99, 11, 16, 15, '2', '2023-03-21 11:34:23', '2023-03-21 11:34:23'),
(67, 'Eos quo cupiditate.', 'eos-quo-cupiditate', 'Minima facere eum soluta et. Error magnam iusto dolorum consequuntur ducimus voluptas sint distinctio. Qui accusantium et qui eveniet ipsam. Perferendis et quia cumque ut.', 99.99, 5, 7, 15, '2', '2023-03-21 11:34:23', '2023-03-21 11:34:23'),
(68, 'Esse rerum.', 'esse-rerum', 'Placeat est voluptatem sit molestiae atque. Voluptatibus minus ipsa est ut sit. Vel sed et sit voluptas dolor.', 19.99, 17, 17, 15, '2', '2023-03-21 11:34:23', '2023-03-21 11:34:23'),
(69, 'Similique qui.', 'similique-qui', 'Quasi mollitia incidunt et eveniet. Odio cumque non numquam earum voluptate assumenda maxime. Et qui architecto laboriosam nihil quia non. Dolorem quisquam id distinctio sit.', 19.99, 12, 16, 15, '2', '2023-03-21 11:34:23', '2023-03-21 11:34:23'),
(70, 'Voluptas ut ab.', 'voluptas-ut-ab', 'Ipsa quia aut magni. Magnam reprehenderit ea illo hic quaerat. Alias vel placeat officia quibusdam officia sit reiciendis eum.', 49.99, 1, 1, NULL, '2', '2023-03-21 11:34:23', '2023-03-21 11:34:23'),
(71, 'Veniam esse.', 'veniam-esse', 'Deserunt aut cum voluptas officiis ratione cupiditate consectetur sequi. Dolorem libero aut at et officia vero. Recusandae qui veritatis et sed quidem.', 49.99, 11, 15, 15, '2', '2023-03-21 11:34:23', '2023-03-21 11:34:23'),
(72, 'Libero deleniti.', 'libero-deleniti', 'Sit eaque provident et. Quia perferendis dolores dolor qui fugiat unde eveniet. Eius atque aspernatur esse dolorem cum quis in et. Quasi doloribus alias quis.', 99.99, 18, 18, 15, '2', '2023-03-21 11:34:23', '2023-03-21 11:34:23'),
(73, 'Voluptate voluptatem.', 'voluptate-voluptatem', 'Qui inventore distinctio totam ab. Animi hic impedit veritatis eum cum quos ut quae. Hic debitis quisquam modi praesentium velit.', 19.99, 11, 14, 15, '2', '2023-03-21 11:34:23', '2023-03-21 11:34:23'),
(74, 'Debitis et ducimus.', 'debitis-et-ducimus', 'Corporis et numquam libero commodi reprehenderit aut. Non dolor possimus molestiae libero quis cum optio. Fugit voluptas amet optio et nisi. Odio enim eum maiores voluptas suscipit.', 99.99, 8, 10, 15, '2', '2023-03-21 11:34:23', '2023-03-21 11:34:23'),
(75, 'Et non.', 'et-non', 'Illum occaecati aperiam eligendi a sequi. Cum dolores nulla qui magnam fuga recusandae sed ratione. Voluptas vel sapiente expedita sint dolorum.', 99.99, 2, 4, 15, '2', '2023-03-21 11:34:23', '2023-03-21 11:34:23'),
(76, 'Debitis eum.', 'debitis-eum', 'Vitae quaerat ad iure temporibus ut in ut. Et nobis optio excepturi harum. Minima qui quidem aliquam voluptate quasi. Rerum harum quis quis ipsa officia repellat rerum ut.', 19.99, 15, 20, NULL, '2', '2023-03-21 11:34:23', '2023-03-21 11:34:23'),
(77, 'Voluptates pariatur.', 'voluptates-pariatur', 'Non est veniam tempore ad omnis. Vero minus consequuntur fuga. Beatae consequatur quia est quaerat. Adipisci natus dolorem fuga quae iste.', 19.99, 2, 2, 15, '2', '2023-03-21 11:34:23', '2023-03-21 11:34:23'),
(78, 'Dolorem molestias.', 'dolorem-molestias', 'Incidunt dolor sed provident ut inventore in. Sunt sint quia eaque et.', 99.99, 10, 9, 15, '2', '2023-03-21 11:34:23', '2023-03-21 11:34:23'),
(79, 'Distinctio possimus rem.', 'distinctio-possimus-rem', 'Numquam ut quidem et cupiditate iure qui. Eos reprehenderit optio dolorem accusamus natus dicta. Eveniet eligendi dolores sapiente quia consequatur earum deserunt. Quia autem rerum et est unde.', 99.99, 6, 6, 15, '2', '2023-03-21 11:34:23', '2023-03-21 11:34:23'),
(80, 'Est error totam.', 'est-error-totam', 'Ut inventore velit non incidunt consequuntur natus itaque. Ipsum et minus non autem odio quae. Sequi nesciunt aut tempore corporis. Magni iure magnam ut cupiditate modi aperiam.', 19.99, 4, 6, 15, '2', '2023-03-21 11:34:23', '2023-03-21 11:34:23'),
(81, 'Impedit nobis.', 'impedit-nobis', 'Quae expedita sit voluptatibus consectetur. Minima dolores quod et sed nulla architecto. Maxime eligendi libero omnis aut iusto exercitationem.', 99.99, 18, 17, 15, '2', '2023-03-21 11:34:23', '2023-03-21 11:34:23'),
(82, 'Exercitationem non tempora.', 'exercitationem-non-tempora', 'Et sint beatae omnis quis ipsum veniam. Ex qui occaecati provident enim. Natus est nulla quod soluta dolorem labore.', 99.99, 1, 2, NULL, '2', '2023-03-21 11:34:23', '2023-03-21 11:34:23'),
(83, 'Ipsa aut.', 'ipsa-aut', 'Perferendis eius quisquam quia in. Optio praesentium non est suscipit iusto. Fuga suscipit dolor et voluptates ut.', 19.99, 14, 16, 15, '2', '2023-03-21 11:34:23', '2023-03-21 11:34:23'),
(84, 'Dolorem iusto.', 'dolorem-iusto', 'Exercitationem quo omnis consequatur dicta non quia voluptatum aspernatur. Odio recusandae ducimus qui nulla sed et non ea. Minus ut rerum alias in.', 99.99, 7, 10, 15, '2', '2023-03-21 11:34:23', '2023-03-21 11:34:23'),
(85, 'Eos velit dolorem.', 'eos-velit-dolorem', 'Molestias laboriosam voluptas quod hic. Cumque iste ab asperiores et earum velit aut non. Alias ea quisquam natus est.', 19.99, 7, 10, 15, '2', '2023-03-21 11:34:23', '2023-03-21 11:34:23'),
(86, 'Id ullam voluptatem.', 'id-ullam-voluptatem', 'Saepe aut facere saepe alias et. Sit dolores aliquid nesciunt ut. Tempore est est vel voluptatibus quis ratione aliquam.', 99.99, 14, 14, 15, '2', '2023-03-21 11:34:23', '2023-03-21 11:34:23'),
(87, 'Cumque eum.', 'cumque-eum', 'Rerum sunt eum eveniet consectetur animi labore. Sit autem veniam dignissimos odio excepturi. Quos facilis molestiae hic et odio veniam consequatur necessitatibus. Atque officia deserunt quod.', 49.99, 4, 5, 15, '2', '2023-03-21 11:34:23', '2023-03-21 11:34:23'),
(88, 'Voluptates inventore.', 'voluptates-inventore', 'Ipsam quas magni deserunt et. Harum consequatur ex qui sequi tempora. Dignissimos in aut asperiores rerum omnis.', 49.99, 14, 15, 15, '2', '2023-03-21 11:34:23', '2023-03-21 11:34:23'),
(89, 'Quod sed vel.', 'quod-sed-vel', 'Assumenda quibusdam reprehenderit repudiandae molestiae soluta assumenda incidunt. Non ut sint id. Reprehenderit ipsam sint facere officiis labore nostrum fugit neque.', 99.99, 11, 14, 15, '2', '2023-03-21 11:34:23', '2023-03-21 11:34:23'),
(90, 'Magnam ipsa ex.', 'magnam-ipsa-ex', 'Provident dolores sint ipsam. Voluptas consectetur quam sunt aut. Quia assumenda et natus omnis. Repellat et ratione reprehenderit aut voluptatem.', 99.99, 14, 15, 15, '2', '2023-03-21 11:34:23', '2023-03-21 11:34:23'),
(91, 'Sed ut.', 'sed-ut', 'Ullam ipsa excepturi omnis fugiat atque minus natus. Qui expedita vero facere. Labore at ad aliquam eos aliquid aut perferendis.', 19.99, 8, 11, 15, '2', '2023-03-21 11:34:23', '2023-03-21 11:34:23'),
(92, 'Nihil sunt quibusdam.', 'nihil-sunt-quibusdam', 'Sed dolores perferendis ab esse. Quod totam molestiae ad et. Sint suscipit et et sed excepturi quam harum voluptas. Quia eveniet totam consequatur laboriosam suscipit ipsa.', 19.99, 9, 9, 15, '2', '2023-03-21 11:34:23', '2023-03-21 11:34:23'),
(93, 'Error mollitia.', 'error-mollitia', 'Consequuntur repellat quis eius consequatur porro praesentium. Quod neque mollitia nobis fuga incidunt sit sit.', 19.99, 11, 15, 15, '2', '2023-03-21 11:34:23', '2023-03-21 11:34:23'),
(94, 'Ducimus voluptatem.', 'ducimus-voluptatem', 'Aperiam amet distinctio velit incidunt dolorem nesciunt labore. Placeat rem harum voluptas deleniti ut. Rerum explicabo quod necessitatibus voluptas culpa tenetur.', 99.99, 6, 7, 15, '2', '2023-03-21 11:34:23', '2023-03-21 11:34:23'),
(95, 'Ut quia a.', 'ut-quia-a', 'Iste nihil est odit vel rerum eligendi. Vitae sed et id aut minima. Et id eligendi sit quo.', 99.99, 8, 9, 15, '2', '2023-03-21 11:34:23', '2023-03-21 11:34:23'),
(96, 'Rem ipsum non.', 'rem-ipsum-non', 'Amet nihil consequuntur sit dolorum rerum libero. Ducimus eum dolores ut. Et magnam facilis placeat dolorem cupiditate quibusdam explicabo ex. Autem pariatur impedit dicta.', 49.99, 18, 17, 15, '2', '2023-03-21 11:34:23', '2023-03-21 11:34:23'),
(97, 'Rerum laboriosam impedit.', 'rerum-laboriosam-impedit', 'Dolores iure omnis molestias facere aut voluptas iusto. Dolor molestiae quasi quisquam. Aut iure consequuntur quod eum optio.', 99.99, 5, 5, 15, '2', '2023-03-21 11:34:23', '2023-03-21 11:34:23'),
(98, 'Consequatur et quas.', 'consequatur-et-quas', 'In amet quidem ipsam modi. Odio alias quis inventore. Ducimus non cupiditate excepturi vero laborum. Eaque ad dicta et sint necessitatibus.', 99.99, 15, 20, NULL, '2', '2023-03-21 11:34:23', '2023-03-21 11:34:23'),
(99, 'Vel totam.', 'vel-totam', 'Illum porro officia sunt architecto aut ipsum. Qui quia et placeat et. Rerum magnam ut nulla numquam soluta et.', 49.99, 3, 2, 15, '2', '2023-03-21 11:34:23', '2023-03-21 11:34:23'),
(100, 'Voluptatem quos molestiae.', 'voluptatem-quos-molestiae', 'Expedita ullam provident inventore et iure illum fuga. Sed ut nobis eos expedita. Ut nihil eum velit sed. Laborum odit reiciendis repudiandae soluta vero et. Ad aut voluptas quaerat.', 99.99, 3, 3, 15, '2', '2023-03-21 11:34:23', '2023-03-21 11:34:23'),
(101, 'Architecto dolorem.', 'architecto-dolorem', 'Non perferendis omnis asperiores eos. Modi atque officiis enim architecto distinctio. Minus id ea qui.', 49.99, 11, 15, 15, '2', '2023-03-21 11:34:23', '2023-03-21 11:34:23'),
(102, 'Rerum non est.', 'rerum-non-est', 'Dolore maxime explicabo maiores. Labore ad et temporibus commodi impedit quis. Mollitia odit ut aut nisi nobis aliquam est.', 49.99, 3, 2, 15, '2', '2023-03-21 11:34:23', '2023-03-21 11:34:23'),
(103, 'Consequatur dicta.', 'consequatur-dicta', 'Possimus distinctio qui nihil voluptatum ab. Est similique neque sit sint odit tempora ipsum.', 19.99, 5, 5, 15, '2', '2023-03-21 11:34:23', '2023-03-21 11:34:23'),
(104, 'Aut ad eveniet.', 'aut-ad-eveniet', 'Odit officia veritatis commodi et. Quia delectus adipisci quia recusandae. Et qui sed dignissimos nam impedit. Quia magni explicabo qui facere.', 99.99, 9, 12, 15, '2', '2023-03-21 11:34:23', '2023-03-21 11:34:23'),
(105, 'Saepe eius.', 'saepe-eius', 'Laboriosam sequi minus est voluptatem. Quos dolorum ea distinctio odit. Nostrum ducimus autem totam impedit. Nihil dolores sit rerum sit.', 19.99, 13, 13, 15, '2', '2023-03-21 11:34:23', '2023-03-21 11:34:23'),
(106, 'Rem qui.', 'rem-qui', 'Assumenda architecto at nesciunt. Aliquam dolor voluptas quia aut ut in. Consequatur aut et et in enim quas vel. Quam rem molestias officia.', 49.99, 18, 18, 15, '2', '2023-03-21 11:34:23', '2023-03-21 11:34:23'),
(107, 'Nemo ut quae.', 'nemo-ut-quae', 'Culpa illum necessitatibus dolores autem quod odio. Reprehenderit aut cupiditate est et. Sint dignissimos voluptatem quae ad repellat doloremque quo exercitationem.', 49.99, 16, 20, NULL, '2', '2023-03-21 11:34:23', '2023-03-21 11:34:23'),
(108, 'Aspernatur inventore nisi.', 'aspernatur-inventore-nisi', 'Voluptatem velit ipsa neque nemo ut. Quod eos odio provident. Praesentium laborum eaque et adipisci.', 49.99, 17, 18, 15, '2', '2023-03-21 11:34:23', '2023-03-21 11:34:23'),
(109, 'Dolor dolore.', 'dolor-dolore', 'Vero molestiae dolores repellat fuga. Dolorem voluptatibus quasi omnis sed. Voluptatum enim enim reprehenderit quia modi ut omnis porro.', 19.99, 11, 16, 15, '2', '2023-03-21 11:34:23', '2023-03-21 11:34:23'),
(110, 'Quis pariatur et.', 'quis-pariatur-et', 'Delectus consequatur facere cumque et. Id et deleniti ex consequatur qui corporis iure.', 49.99, 6, 5, 15, '2', '2023-03-21 11:34:23', '2023-03-21 11:34:23'),
(111, 'Amet rerum vel.', 'amet-rerum-vel', 'Illo non quia molestiae nulla ipsam quia ad. Qui nulla enim facere soluta aut nostrum blanditiis. Laboriosam ut facilis optio eos.', 99.99, 16, 19, NULL, '2', '2023-03-21 11:34:23', '2023-03-21 11:34:23'),
(112, 'Facere voluptatum.', 'facere-voluptatum', 'Vitae et quae dignissimos minima consequatur. Est iste accusamus esse et inventore optio dolore. Eum esse corporis rerum quis est deserunt.', 19.99, 8, 9, 15, '2', '2023-03-21 11:34:23', '2023-03-21 11:34:23'),
(113, 'Soluta odio.', 'soluta-odio', 'Rem id molestiae repellendus. Et non sed recusandae eum. Ad dolorem enim quia sed nulla. Consequatur dolores maiores pariatur non.', 99.99, 5, 8, 15, '2', '2023-03-21 11:34:23', '2023-03-21 11:34:23'),
(114, 'Quia ut cum.', 'quia-ut-cum', 'Et voluptatem omnis vitae deleniti aut et id consequuntur. Voluptate ut aut incidunt. Dolorum occaecati voluptatem incidunt. Quibusdam sint ea recusandae ratione.', 49.99, 17, 20, 15, '2', '2023-03-21 11:34:23', '2023-03-21 11:34:23'),
(115, 'Praesentium quia aut.', 'praesentium-quia-aut', 'Praesentium maiores voluptates incidunt asperiores. Modi beatae dolor reprehenderit nihil architecto quod eum. Laborum eum id temporibus. Officia et iste deleniti eum voluptas ducimus.', 49.99, 12, 16, 15, '2', '2023-03-21 11:34:23', '2023-03-21 11:34:23'),
(116, 'Et eius nobis.', 'et-eius-nobis', 'Pariatur quibusdam soluta ipsa. Temporibus quo exercitationem consequatur sed nesciunt. Iusto reprehenderit laborum quidem officiis. Temporibus maiores voluptatem deleniti.', 99.99, 9, 12, 15, '2', '2023-03-21 11:34:23', '2023-03-21 11:34:23'),
(117, 'Dolores minima voluptates.', 'dolores-minima-voluptates', 'Non ipsa non iusto quaerat. Dolor qui quidem ad non autem. Accusamus aut neque nostrum doloremque vero unde. Placeat molestiae sint totam optio beatae laudantium illum.', 99.99, 11, 14, 15, '2', '2023-03-21 11:34:23', '2023-03-21 11:34:23'),
(118, 'Beatae sint.', 'beatae-sint', 'Sunt accusamus cupiditate eos occaecati eos laborum sunt. Exercitationem doloribus molestiae nisi illum sed cumque. Autem illum ipsa repellendus dolores voluptatibus iusto.', 99.99, 18, 18, 15, '2', '2023-03-21 11:34:23', '2023-03-21 11:34:23'),
(119, 'Et reiciendis.', 'et-reiciendis', 'Modi id consequuntur officiis mollitia veniam. Repellat qui maiores repellendus quia. Totam nobis voluptas rerum sed. Ut aspernatur occaecati unde aperiam qui.', 49.99, 7, 10, 15, '2', '2023-03-21 11:34:23', '2023-03-21 11:34:23'),
(120, 'Sit incidunt.', 'sit-incidunt', 'Eos ex in commodi iure nulla sint. Dignissimos quisquam in aliquid incidunt quam. Ut recusandae deserunt alias aut. Nam fugit repellendus quia explicabo tempore nihil minus.', 49.99, 8, 11, 15, '2', '2023-03-21 11:34:23', '2023-03-21 11:34:23'),
(121, 'Non in iure.', 'non-in-iure', 'Iure fugiat tempore perferendis alias qui. Et est sunt ut deserunt. Eum ipsam et maiores ut non dolorem assumenda. Ut laborum neque sit minima. Animi sunt voluptate aut earum excepturi.', 19.99, 2, 4, 15, '2', '2023-03-21 11:34:23', '2023-03-21 11:34:23'),
(122, 'Magni veritatis.', 'magni-veritatis', 'Nobis nam ipsam non suscipit. Vitae in natus possimus ut voluptatibus culpa magni dolore. Et sit dolores magni quo nostrum. Modi voluptas quia voluptatem sit esse corporis.', 99.99, 6, 6, 15, '2', '2023-03-21 11:34:23', '2023-03-21 11:34:23'),
(123, 'Et est et.', 'et-est-et', 'Nesciunt libero consequuntur voluptate consequuntur. Numquam dolor sed tenetur quidem ut nulla.', 19.99, 10, 9, 15, '2', '2023-03-21 11:34:23', '2023-03-21 11:34:23'),
(124, 'Illum debitis.', 'illum-debitis', 'Ab qui voluptas facere repudiandae enim. Quia sapiente incidunt aut voluptatem ullam. Debitis et ipsa voluptatem sunt.', 19.99, 16, 20, NULL, '2', '2023-03-21 11:34:23', '2023-03-21 11:34:23'),
(125, 'Dolorem nihil ut.', 'dolorem-nihil-ut', 'Numquam nobis et sint et aut dolorem magni. Excepturi animi ullam consequuntur totam nemo maiores unde. Numquam iusto consequatur quod numquam qui voluptatem.', 49.99, 15, 19, NULL, '2', '2023-03-21 11:34:23', '2023-03-21 11:34:23'),
(126, 'Libero occaecati.', 'libero-occaecati', 'Vel quo iste illum a eligendi. Adipisci pariatur consequatur et. Vero vero omnis repudiandae ipsum veniam non commodi. Nihil consequatur nihil labore possimus.', 19.99, 13, 16, 15, '2', '2023-03-21 11:34:23', '2023-03-21 11:34:23'),
(127, 'Quisquam beatae rerum.', 'quisquam-beatae-rerum', 'Dolor cupiditate qui ut eos voluptatem aliquid voluptate. Consequatur aut ea qui ea. Quibusdam fuga fugit iste esse. Qui sed officia alias voluptatem. Itaque et fuga nam aut. Ut qui libero fugiat.', 99.99, 10, 11, 15, '2', '2023-03-21 11:34:23', '2023-03-21 11:34:23'),
(128, 'Nam quas et.', 'nam-quas-et', 'Ut facilis iste et blanditiis eligendi. Aut neque qui eos numquam saepe. Vel tenetur voluptates eos aperiam exercitationem. Autem similique enim et est maxime.', 49.99, 18, 19, 15, '2', '2023-03-21 11:34:23', '2023-03-21 11:34:23'),
(129, 'Libero mollitia eos.', 'libero-mollitia-eos', 'Magnam omnis dolores aut magnam. Quo deserunt impedit molestias iure officiis officiis deserunt. Delectus vel eaque id molestiae quo. Odio ratione dolores officiis rerum minima exercitationem.', 99.99, 17, 17, 15, '2', '2023-03-21 11:34:23', '2023-03-21 11:34:23'),
(130, 'Odit voluptatum minima.', 'odit-voluptatum-minima', 'Et accusantium quasi accusamus in iste. Dolorem quis quaerat fuga dicta error.', 99.99, 16, 20, NULL, '2', '2023-03-21 11:34:23', '2023-03-21 11:34:23'),
(131, 'Ullam libero.', 'ullam-libero', 'Minima nesciunt eos dolorem id eligendi. Adipisci animi officia sed. Ipsa reprehenderit omnis repellendus.', 49.99, 18, 19, 15, '2', '2023-03-21 11:34:23', '2023-03-21 11:34:23'),
(132, 'Aut aperiam est.', 'aut-aperiam-est', 'Enim eum distinctio qui alias occaecati. Quos et enim blanditiis eos quas. Ut hic eveniet ab minima. Et dignissimos corporis nam inventore quaerat. Consequatur aut ipsa ex temporibus eum ut.', 99.99, 14, 15, 15, '2', '2023-03-21 11:34:23', '2023-03-21 11:34:23'),
(133, 'Cupiditate officiis.', 'cupiditate-officiis', 'Mollitia nisi pariatur fugit et molestiae omnis. Ut totam voluptas dolores fuga nemo assumenda molestiae. Cumque quis illum expedita praesentium quas et cupiditate.', 49.99, 12, 13, 15, '2', '2023-03-21 11:34:23', '2023-03-21 11:34:23'),
(134, 'Qui possimus repellat.', 'qui-possimus-repellat', 'Nobis quia enim ut amet. Consequatur dolore vel sed in quam tempora. Quisquam officia et et enim. Beatae ipsa quia tenetur provident ea. Repellendus ut porro libero.', 19.99, 9, 9, 15, '2', '2023-03-21 11:34:23', '2023-03-21 11:34:23'),
(135, 'Voluptatem ut et.', 'voluptatem-ut-et', 'Consectetur magnam ipsa debitis. Voluptatem expedita consequatur eos. Pariatur non eveniet rem consequatur id accusantium et.', 99.99, 17, 18, 15, '2', '2023-03-21 11:34:23', '2023-03-21 11:34:23'),
(136, 'Magnam quia porro.', 'magnam-quia-porro', 'Nemo quam amet qui aut officiis vero. Quo sapiente earum ut aut. Rem quod ea qui repellat. Repudiandae itaque voluptas dolorum aperiam aperiam aut pariatur.', 99.99, 17, 19, 15, '2', '2023-03-21 11:34:23', '2023-03-21 11:34:23'),
(137, 'Architecto ea.', 'architecto-ea', 'Deserunt voluptatem eligendi modi qui nobis. Voluptatem ea labore deleniti mollitia voluptates voluptatem aut harum. Omnis rerum ea dolores consequuntur nihil soluta.', 99.99, 17, 17, 15, '2', '2023-03-21 11:34:23', '2023-03-21 11:34:23'),
(138, 'Amet voluptatem odio.', 'amet-voluptatem-odio', 'Ut neque est culpa quasi omnis odio. Deleniti ex voluptatum ad recusandae provident deleniti. Nemo sunt at iusto fugit. Dignissimos quasi est repudiandae et eaque est. Et et quo ut magnam.', 49.99, 6, 6, 15, '2', '2023-03-21 11:34:23', '2023-03-21 11:34:23'),
(139, 'Voluptas consequatur corporis.', 'voluptas-consequatur-corporis', 'Et et veritatis voluptas neque dignissimos molestiae voluptatibus. Fugiat ut sequi odio dolores et rerum. Adipisci aperiam ratione quos. Perspiciatis asperiores temporibus cumque est sequi ab.', 19.99, 6, 5, 15, '2', '2023-03-21 11:34:23', '2023-03-21 11:34:23'),
(140, 'Nisi saepe quia.', 'nisi-saepe-quia', 'Sit non est et suscipit sed aut. Qui sint natus aut sapiente aut veritatis. Ad id numquam error rerum.', 99.99, 15, 18, NULL, '2', '2023-03-21 11:34:23', '2023-03-21 11:34:23'),
(141, 'Dolores aperiam assumenda.', 'dolores-aperiam-assumenda', 'Id expedita quia doloremque. Ullam omnis nemo tempore quaerat consequatur ea. Pariatur quia dolores ipsam voluptatum expedita sunt soluta. Maxime iure sequi occaecati minima quas ut.', 19.99, 14, 14, 15, '2', '2023-03-21 11:34:23', '2023-03-21 11:34:23'),
(142, 'Velit ut dolorem.', 'velit-ut-dolorem', 'Ut quia dicta aut ex totam voluptas. Enim dolorem minima dolorum consequatur recusandae beatae. Placeat eligendi quis autem saepe tempore fugiat. Voluptatum voluptatem dolore tempore eum fugit a.', 49.99, 5, 8, 15, '2', '2023-03-21 11:34:23', '2023-03-21 11:34:23'),
(143, 'Sed quidem quas.', 'sed-quidem-quas', 'Aut quia quidem veniam quas dignissimos est. Et quis qui ut est quidem expedita itaque quasi. Quisquam et dolore accusamus eligendi quo est qui. Aliquam sint animi qui ex et.', 19.99, 2, 2, 15, '2', '2023-03-21 11:34:23', '2023-03-21 11:34:23'),
(144, 'Suscipit quis.', 'suscipit-quis', 'Maiores quis magnam ea rerum consequatur. Ea et nihil quod aut. Porro aliquid ut vero est velit.', 19.99, 6, 7, 15, '2', '2023-03-21 11:34:23', '2023-03-21 11:34:23'),
(145, 'Sed repudiandae.', 'sed-repudiandae', 'Dolores atque asperiores optio debitis neque voluptas. Voluptatem illum et recusandae id amet vero. Nam quis hic quo sunt doloribus. Deleniti est est nostrum.', 49.99, 6, 5, 15, '2', '2023-03-21 11:34:23', '2023-03-21 11:34:23'),
(146, 'Atque debitis natus.', 'atque-debitis-natus', 'Asperiores est repellendus voluptatem non. Labore dolor corporis eveniet beatae officia. Sit voluptas qui magni ea laboriosam qui. Veniam facere necessitatibus delectus facere.', 99.99, 14, 14, 15, '2', '2023-03-21 11:34:23', '2023-03-21 11:34:23'),
(147, 'Sit iste.', 'sit-iste', 'Et non mollitia vel sapiente ut ratione impedit. Voluptas sunt incidunt eum quos ut deleniti et. Labore officia consequuntur dolor non eveniet fugiat eum. Molestias est et sint aliquam unde.', 49.99, 3, 2, 15, '2', '2023-03-21 11:34:23', '2023-03-21 11:34:23'),
(148, 'Sed omnis hic.', 'sed-omnis-hic', 'Et sunt quis illum voluptatum id fugiat placeat. Placeat quae tenetur deleniti corrupti inventore explicabo omnis dolores. Tenetur ut doloremque saepe ducimus.', 49.99, 18, 18, 15, '2', '2023-03-21 11:34:23', '2023-03-21 11:34:23'),
(149, 'Temporibus accusantium eum.', 'temporibus-accusantium-eum', 'Dolorum cum culpa vero adipisci voluptas blanditiis. Praesentium expedita recusandae ab necessitatibus occaecati. Sint neque officia eum velit. Eligendi nisi mollitia totam ut.', 19.99, 5, 7, 15, '2', '2023-03-21 11:34:23', '2023-03-21 11:34:23'),
(150, 'Provident eum.', 'provident-eum', 'Nihil nam cumque numquam velit nihil ullam nulla. Eum id possimus facilis sequi consequuntur cum. Sed commodi ipsum voluptas. Molestiae beatae non enim animi.', 19.99, 9, 9, 15, '2', '2023-03-21 11:34:23', '2023-03-21 11:34:23'),
(151, 'Pariatur qui quasi.', 'pariatur-qui-quasi', 'Praesentium voluptas culpa qui animi veniam molestiae expedita. Praesentium omnis magnam sint. Earum qui impedit reiciendis quos quas est. Corrupti corporis similique sit sapiente neque ab.', 99.99, 18, 18, 15, '2', '2023-03-21 11:34:23', '2023-03-21 11:34:23'),
(152, 'Ut aut.', 'ut-aut', 'Dolores consectetur minima expedita qui tempora architecto velit. Molestiae sequi et delectus in. Voluptates necessitatibus aut vero qui.', 19.99, 13, 15, 15, '2', '2023-03-21 11:34:23', '2023-03-21 11:34:23'),
(153, 'Sed aut.', 'sed-aut', 'Blanditiis ut earum aut quas eveniet. Voluptas id culpa maiores voluptatem quam expedita animi. Et tempora eveniet magnam.', 99.99, 2, 4, 15, '2', '2023-03-21 11:34:23', '2023-03-21 11:34:23'),
(154, 'Quam omnis qui.', 'quam-omnis-qui', 'Quia ullam dolore ipsa quae perspiciatis. Aliquid magnam rem exercitationem.', 99.99, 9, 9, 15, '2', '2023-03-21 11:34:23', '2023-03-21 11:34:23'),
(155, 'Animi dolor aut.', 'animi-dolor-aut', 'Quia nesciunt nesciunt qui optio voluptatibus voluptate magnam quo. Ut quia in vel odit aperiam corporis. Omnis maxime nisi a beatae.', 99.99, 5, 6, 15, '2', '2023-03-21 11:34:23', '2023-03-21 11:34:23'),
(156, 'Facilis dolorem ad.', 'facilis-dolorem-ad', 'Deserunt earum repellendus consequuntur eos. Mollitia quia sit magni. Autem exercitationem velit minus autem impedit ut.', 19.99, 8, 11, 15, '2', '2023-03-21 11:34:23', '2023-03-21 11:34:23'),
(157, 'Ut dolores harum.', 'ut-dolores-harum', 'Veniam consequuntur aliquid modi et. Officiis dolorem non omnis sint aut sed qui. Totam voluptatibus dicta reprehenderit.', 49.99, 6, 8, 15, '2', '2023-03-21 11:34:23', '2023-03-21 11:34:23'),
(158, 'Itaque iure alias.', 'itaque-iure-alias', 'Et nihil eligendi quod pariatur excepturi. Rerum nemo laudantium dolores unde. Ex nostrum consectetur voluptatem reiciendis ut dolorem sunt.', 99.99, 12, 15, 15, '2', '2023-03-21 11:34:23', '2023-03-21 11:34:23'),
(159, 'Animi aspernatur.', 'animi-aspernatur', 'Itaque sint porro magnam alias. Eaque dolorum quos odit et non sint dignissimos suscipit. Nemo perspiciatis iusto ut.', 49.99, 9, 12, 15, '2', '2023-03-21 11:34:23', '2023-03-21 11:34:23'),
(160, 'Ea natus doloremque.', 'ea-natus-doloremque', 'Dolor dolores quidem vero sunt. Labore voluptate cumque architecto ratione eum. A perferendis possimus temporibus quia.', 49.99, 12, 15, 15, '2', '2023-03-21 11:34:23', '2023-03-21 11:34:23'),
(161, 'Sunt voluptatibus ut.', 'sunt-voluptatibus-ut', 'Qui quis architecto commodi deleniti. Dolore totam sunt modi. Et odio itaque esse.', 99.99, 1, 4, NULL, '2', '2023-03-21 11:34:23', '2023-03-21 11:34:23'),
(162, 'Qui et sint.', 'qui-et-sint', 'Eum atque culpa et eos quod. Voluptatem ut doloremque quo distinctio.', 19.99, 13, 16, 15, '2', '2023-03-21 11:34:23', '2023-03-21 11:34:23'),
(163, 'Optio ipsa dignissimos.', 'optio-ipsa-dignissimos', 'Et in inventore ex ipsum. Quia iusto similique minima necessitatibus esse. Enim reprehenderit adipisci aut quis praesentium.', 19.99, 18, 17, 15, '2', '2023-03-21 11:34:23', '2023-03-21 11:34:23'),
(164, 'Doloribus deserunt provident.', 'doloribus-deserunt-provident', 'Est vel sed repudiandae praesentium quisquam consequatur repudiandae. Ut voluptatem laudantium quo aut excepturi et facere laudantium. Eveniet possimus praesentium quia blanditiis eos amet.', 49.99, 9, 11, 15, '2', '2023-03-21 11:34:23', '2023-03-21 11:34:23'),
(165, 'Ducimus deleniti et.', 'ducimus-deleniti-et', 'Aspernatur veniam numquam iure et est laborum optio. Aut quam ipsum voluptatem natus quidem quaerat temporibus.', 49.99, 12, 14, 15, '2', '2023-03-21 11:34:23', '2023-03-21 11:34:23'),
(166, 'Non et.', 'non-et', 'Suscipit unde fugit vero eligendi. Impedit quae omnis perferendis voluptatem doloribus dolor. Porro aliquid culpa sunt itaque illo. Tempora ut sint quisquam itaque.', 19.99, 6, 6, 15, '2', '2023-03-21 11:34:23', '2023-03-21 11:34:23'),
(167, 'Molestiae blanditiis deleniti.', 'molestiae-blanditiis-deleniti', 'Cum sunt doloremque eveniet eveniet. Sit commodi dolorum esse et. Aliquid aut accusamus doloribus amet minima et.', 49.99, 11, 14, 15, '2', '2023-03-21 11:34:23', '2023-03-21 11:34:23'),
(168, 'Sint et pariatur.', 'sint-et-pariatur', 'Sed minus assumenda sint optio quasi consequatur eum. Qui reprehenderit ut sunt mollitia est facilis aliquam. Possimus necessitatibus in distinctio vitae velit modi architecto dignissimos.', 99.99, 9, 12, 15, '2', '2023-03-21 11:34:23', '2023-03-21 11:34:23'),
(169, 'Omnis ut nulla.', 'omnis-ut-nulla', 'Ut suscipit quasi quia quidem. Et at tempora modi voluptas veniam voluptatem. Qui quo quos accusamus cumque. Blanditiis similique itaque molestiae ea.', 49.99, 13, 15, 15, '2', '2023-03-21 11:34:23', '2023-03-21 11:34:23'),
(170, 'Dolores deserunt.', 'dolores-deserunt', 'Minima beatae necessitatibus et occaecati. Voluptatem aspernatur rem nam sed officia possimus quia. Qui nam aut atque vero distinctio. Id doloremque dolor non quae distinctio officia.', 49.99, 17, 18, 15, '2', '2023-03-21 11:34:23', '2023-03-21 11:34:23'),
(171, 'Aut veniam deleniti.', 'aut-veniam-deleniti', 'Voluptatum velit laboriosam corrupti. Facere aspernatur autem ut veritatis quis a. Eos non optio ea est.', 99.99, 11, 14, 15, '2', '2023-03-21 11:34:23', '2023-03-21 11:34:23'),
(172, 'Quas aliquid.', 'quas-aliquid', 'Quos fuga tenetur consequatur eum porro quia cumque. Dolores rerum veniam aliquam aut rem possimus. Tempore sunt facilis ut nihil soluta. Labore rem iusto quod quia in possimus minus.', 99.99, 2, 2, 15, '2', '2023-03-21 11:34:23', '2023-03-21 11:34:23'),
(173, 'Iste omnis quia.', 'iste-omnis-quia', 'Quidem sed autem magni quia. Laboriosam magnam eius similique dolor ipsam labore quo. Accusamus ipsam ut dicta tenetur et. Est aliquam aut molestiae magni aut recusandae vel.', 99.99, 15, 20, NULL, '2', '2023-03-21 11:34:23', '2023-03-21 11:34:23'),
(174, 'Omnis vitae aut.', 'omnis-vitae-aut', 'Et voluptatem recusandae perspiciatis esse dolorem minus. Aliquid commodi vel earum quia commodi. Consequatur quibusdam consectetur ab quod et vitae nihil.', 99.99, 12, 16, 15, '2', '2023-03-21 11:34:23', '2023-03-21 11:34:23'),
(175, 'Dicta consequatur.', 'dicta-consequatur', 'Dolores consequuntur corrupti illum omnis harum accusantium laudantium. Et commodi consequatur dolor dolorem.', 49.99, 5, 6, 15, '2', '2023-03-21 11:34:23', '2023-03-21 11:34:23'),
(176, 'Qui eum.', 'qui-eum', 'Blanditiis voluptas dolores totam occaecati. Id ut atque aut officia voluptatum officiis laboriosam.', 49.99, 13, 14, 15, '2', '2023-03-21 11:34:23', '2023-03-21 11:34:23'),
(177, 'Distinctio dolorum at.', 'distinctio-dolorum-at', 'Perferendis quia aut cumque deleniti quia. Qui eos provident sint. Officiis fugit quibusdam excepturi quo consequuntur.', 19.99, 15, 19, NULL, '2', '2023-03-21 11:34:23', '2023-03-21 11:34:23'),
(178, 'Vel odio officia.', 'vel-odio-officia', 'Et pariatur placeat tenetur aut qui. Quia impedit aut similique voluptatum commodi commodi. Mollitia cumque nemo tenetur sit numquam illo. Sapiente at ut tenetur illo voluptas non.', 99.99, 5, 5, 15, '2', '2023-03-21 11:34:23', '2023-03-21 11:34:23'),
(179, 'Dolor et.', 'dolor-et', 'Commodi nostrum facilis sed molestias sint quasi. Veniam vero dolorum adipisci qui amet possimus.', 19.99, 17, 20, 15, '2', '2023-03-21 11:34:23', '2023-03-21 11:34:23'),
(180, 'Rem vel aperiam.', 'rem-vel-aperiam', 'Laborum eligendi ratione amet blanditiis. Omnis unde expedita reiciendis suscipit quasi sunt. Id vel similique expedita ut ab ut laudantium. Vero non illo iusto.', 19.99, 7, 10, 15, '2', '2023-03-21 11:34:23', '2023-03-21 11:34:23'),
(181, 'Sit dolorum.', 'sit-dolorum', 'Porro quasi dolorum quod molestiae deleniti qui. Deserunt vel quas eius sit voluptatem suscipit. Ut veritatis autem ipsa et aspernatur nihil corrupti.', 49.99, 3, 2, 15, '2', '2023-03-21 11:34:23', '2023-03-21 11:34:23'),
(182, 'Deserunt et.', 'deserunt-et', 'Expedita earum in quibusdam modi qui. Voluptatem voluptas rerum distinctio eum et dolorem. Eum at quasi aut sed illum quis dolor. Ut consequatur pariatur sapiente magni.', 49.99, 10, 11, 15, '2', '2023-03-21 11:34:23', '2023-03-21 11:34:23'),
(183, 'Quia laborum dolores.', 'quia-laborum-dolores', 'Ipsa et rerum facere quidem. Delectus provident qui quasi iure neque quia. Ea qui aut quia. Iusto cumque quis dolor ipsa dicta dignissimos. Cupiditate incidunt dolor ut ut.', 19.99, 17, 17, 15, '2', '2023-03-21 11:34:23', '2023-03-21 11:34:23'),
(184, 'Quidem facilis qui.', 'quidem-facilis-qui', 'Deleniti qui omnis magni eum. Voluptates eaque aut architecto tempora et dolor atque. Consequatur libero perferendis ducimus nemo dolorem molestiae vitae. Maiores dolor ea ipsum sed voluptatem.', 19.99, 18, 19, 15, '2', '2023-03-21 11:34:23', '2023-03-21 11:34:23'),
(185, 'Consequatur velit.', 'consequatur-velit', 'Ea et facilis molestiae impedit. Totam odio iusto tempora sed assumenda molestiae placeat non.', 19.99, 1, 1, NULL, '2', '2023-03-21 11:34:23', '2023-03-21 11:34:23'),
(186, 'Earum magni rerum.', 'earum-magni-rerum', 'Quis voluptatem nobis similique possimus et. Illum est voluptates harum. Ipsa omnis optio quas amet.', 99.99, 7, 11, 15, '2', '2023-03-21 11:34:23', '2023-03-21 11:34:23'),
(187, 'Eaque distinctio reiciendis.', 'eaque-distinctio-reiciendis', 'Voluptatem sed tempore libero suscipit. Unde ut vitae architecto praesentium corrupti fugiat tempora exercitationem. Illo saepe delectus sit.', 99.99, 18, 20, 15, '2', '2023-03-21 11:34:23', '2023-03-21 11:34:23'),
(188, 'Quibusdam necessitatibus velit.', 'quibusdam-necessitatibus-velit', 'In ea dicta aspernatur sit quod ut. Ipsum id id exercitationem et occaecati. Id velit nulla ipsam voluptas rerum et.', 49.99, 9, 10, 15, '2', '2023-03-21 11:34:23', '2023-03-21 11:34:23'),
(189, 'Porro inventore ut.', 'porro-inventore-ut', 'Quidem ipsam rerum eaque sunt error magni deserunt. Possimus fugit eum pariatur debitis aliquam. Commodi aperiam non non consequatur. Voluptatem et magnam quas quas.', 99.99, 7, 10, 15, '2', '2023-03-21 11:34:23', '2023-03-21 11:34:23');
INSERT INTO `products` (`id`, `name`, `slug`, `description`, `price`, `subcategory_id`, `brand_id`, `quantity`, `status`, `created_at`, `updated_at`) VALUES
(190, 'Temporibus fuga officia.', 'temporibus-fuga-officia', 'Sunt nihil id libero. Cumque perferendis nisi doloribus. Error minus molestiae dicta sed molestias. Voluptas id voluptatum velit necessitatibus. Aut deserunt quaerat officiis.', 19.99, 10, 11, 15, '2', '2023-03-21 11:34:23', '2023-03-21 11:34:23'),
(191, 'Quos odit.', 'quos-odit', 'Nihil non necessitatibus accusamus nemo. Iusto qui dolorem ex placeat impedit id. Aperiam dolores exercitationem molestiae ducimus. Vero vel doloribus sed. Qui maxime rem facilis dicta.', 49.99, 13, 16, 15, '2', '2023-03-21 11:34:23', '2023-03-21 11:34:23'),
(192, 'Labore est autem.', 'labore-est-autem', 'Harum similique soluta autem. Eius sed est repellat in quo repellendus eos. Sapiente dicta eum quisquam et rem.', 49.99, 12, 16, 15, '2', '2023-03-21 11:34:23', '2023-03-21 11:34:23'),
(193, 'Nam impedit autem.', 'nam-impedit-autem', 'Inventore occaecati dolorem magnam porro. Qui excepturi ex labore est quam maiores. Laboriosam non porro ut consequatur ullam.', 49.99, 17, 20, 15, '2', '2023-03-21 11:34:23', '2023-03-21 11:34:23'),
(194, 'Inventore tempore distinctio.', 'inventore-tempore-distinctio', 'Id molestiae exercitationem magnam recusandae vel. Vero ea hic omnis porro earum. Qui molestiae et at impedit in nulla. Et nulla et ut repudiandae consequatur et.', 19.99, 16, 18, NULL, '2', '2023-03-21 11:34:23', '2023-03-21 11:34:23'),
(195, 'Ea autem.', 'ea-autem', 'Id qui ea sapiente explicabo. Ut itaque voluptas aut culpa distinctio natus. Laborum saepe voluptatum rerum rem aliquam eum nihil.', 19.99, 12, 15, 15, '2', '2023-03-21 11:34:23', '2023-03-21 11:34:23'),
(196, 'Perferendis sunt.', 'perferendis-sunt', 'Velit aut inventore iste illo qui fugiat. Numquam ut rerum aliquam omnis temporibus voluptas. Omnis est earum molestias reiciendis consectetur nostrum.', 19.99, 7, 11, 15, '2', '2023-03-21 11:34:23', '2023-03-21 11:34:23'),
(197, 'Perspiciatis asperiores.', 'perspiciatis-asperiores', 'Nam distinctio rem pariatur. Pariatur vero tempora ut et dignissimos numquam. Sunt velit vel laborum laboriosam corrupti. Eum sequi enim ipsam animi facere pariatur nulla.', 49.99, 6, 8, 15, '2', '2023-03-21 11:34:23', '2023-03-21 11:34:23'),
(198, 'Voluptatem nemo sit.', 'voluptatem-nemo-sit', 'Autem id repellendus deleniti reprehenderit. Laborum iusto est exercitationem omnis provident et. Harum voluptas aut explicabo asperiores voluptate. Et alias inventore ex amet deleniti.', 49.99, 18, 18, 15, '2', '2023-03-21 11:34:23', '2023-03-21 11:34:23'),
(199, 'Et esse explicabo.', 'et-esse-explicabo', 'Aut qui aut fuga totam laborum et. Quidem occaecati et ut maiores sint. Qui maxime et saepe. Pariatur aut omnis et quae qui natus sint.', 99.99, 13, 13, 15, '2', '2023-03-21 11:34:23', '2023-03-21 11:34:23'),
(200, 'Commodi quo.', 'commodi-quo', 'Architecto aut laborum quaerat quis sunt similique quis. Totam animi earum eos tempore dicta officiis. Ab quis ut vel quibusdam tempore et sint dolorem. Et distinctio possimus est ut voluptatibus.', 99.99, 4, 6, 15, '2', '2023-03-21 11:34:23', '2023-03-21 11:34:23'),
(201, 'Provident consequatur qui.', 'provident-consequatur-qui', 'Earum laborum molestiae cupiditate illum. Sed molestiae porro quis harum praesentium. Natus veritatis magnam dolore omnis et officia. Necessitatibus autem sequi est sint architecto labore.', 49.99, 1, 2, NULL, '2', '2023-03-21 11:34:23', '2023-03-21 11:34:23'),
(202, 'Minus quis.', 'minus-quis', 'Aliquid qui qui minima optio exercitationem. Deleniti aliquid rem iusto aut impedit. Alias pariatur dolore atque porro. Officiis non nobis deserunt facilis facilis.', 19.99, 4, 6, 15, '2', '2023-03-21 11:34:23', '2023-03-21 11:34:23'),
(203, 'Non sequi.', 'non-sequi', 'Eum voluptatem tempora sunt. Sint accusamus perspiciatis aut quia doloribus. Ratione asperiores facilis molestias autem aut qui.', 19.99, 11, 15, 15, '2', '2023-03-21 11:34:23', '2023-03-21 11:34:23'),
(204, 'Aut beatae pariatur.', 'aut-beatae-pariatur', 'Dolores veniam ut repellat aut. Illo sit non quo nemo. Qui unde totam laudantium quos libero quia. Qui debitis ut facere et.', 19.99, 17, 19, 15, '2', '2023-03-21 11:34:23', '2023-03-21 11:34:23'),
(205, 'Recusandae sint.', 'recusandae-sint', 'Et quia tenetur itaque eaque iure. Non quis incidunt optio dolorem sit aut nemo. Libero et odio eum est rerum delectus.', 49.99, 8, 10, 15, '2', '2023-03-21 11:34:23', '2023-03-21 11:34:23'),
(206, 'Vero consequatur molestiae.', 'vero-consequatur-molestiae', 'Perferendis quam autem rem quo. Labore vel eos est sit dolore voluptas ea. Provident modi est delectus quasi omnis quis. Odit provident et laudantium porro atque.', 19.99, 13, 14, 15, '2', '2023-03-21 11:34:23', '2023-03-21 11:34:23'),
(207, 'Laudantium ea accusamus.', 'laudantium-ea-accusamus', 'Est tempore incidunt ut aut quam. Est facilis suscipit doloribus dolorum. Officia voluptates laudantium illo illo aperiam perferendis a error. Tenetur et sunt qui natus illo commodi.', 99.99, 5, 5, 15, '2', '2023-03-21 11:34:23', '2023-03-21 11:34:23'),
(208, 'Hic assumenda neque.', 'hic-assumenda-neque', 'Soluta culpa similique error et libero dignissimos. Consequatur dicta quod ad repellat nihil dolores sit. Et et dolorem voluptas cumque in vitae voluptatibus molestiae.', 49.99, 15, 19, NULL, '2', '2023-03-21 11:34:23', '2023-03-21 11:34:23'),
(209, 'Rerum aut.', 'rerum-aut', 'Placeat omnis et libero illum. Labore doloremque aspernatur libero nihil non optio. Non quis qui commodi officia. Sint ducimus sit enim. Quis illo ullam non nam aut quibusdam voluptatibus sunt.', 99.99, 6, 7, 15, '2', '2023-03-21 11:34:23', '2023-03-21 11:34:23'),
(210, 'Veniam sunt explicabo.', 'veniam-sunt-explicabo', 'Tempora et ut aperiam totam quis maiores qui. Neque deleniti tempora minima expedita commodi. Dolorum sapiente molestias aperiam dolores modi reprehenderit.', 99.99, 1, 2, NULL, '2', '2023-03-21 11:34:23', '2023-03-21 11:34:23'),
(211, 'Ab repellat enim.', 'ab-repellat-enim', 'Voluptas sapiente rem qui sint autem voluptatem. Quae aspernatur sint est dolores est quo quae. Nisi deserunt quos id ducimus. Ut sint repudiandae voluptatem enim molestiae harum molestiae.', 19.99, 14, 14, 15, '2', '2023-03-21 11:34:23', '2023-03-21 11:34:23'),
(212, 'Temporibus aut reiciendis.', 'temporibus-aut-reiciendis', 'Nisi est voluptates ut perspiciatis quibusdam ipsa. Iste ipsa beatae nam ipsam est. Maxime error eum fuga asperiores quisquam voluptatem. Et sint modi quis sequi voluptatem laborum.', 99.99, 10, 11, 15, '2', '2023-03-21 11:34:23', '2023-03-21 11:34:23'),
(213, 'Et eveniet repudiandae.', 'et-eveniet-repudiandae', 'Harum aperiam occaecati sint. Reiciendis aperiam enim commodi consequatur. Eveniet vel veniam harum sed.', 19.99, 16, 19, NULL, '2', '2023-03-21 11:34:23', '2023-03-21 11:34:23'),
(214, 'Similique sit ullam.', 'similique-sit-ullam', 'Alias ratione esse repellendus quo aperiam laborum rerum corporis. Explicabo placeat provident nihil aut molestiae. Ad ut voluptas nobis sed sunt nihil. Est natus doloremque et atque.', 49.99, 10, 11, 15, '2', '2023-03-21 11:34:23', '2023-03-21 11:34:23'),
(215, 'Sit ut facilis.', 'sit-ut-facilis', 'Eum assumenda corrupti odit quo omnis voluptates. Laudantium omnis et ea dolorem eum dolores. Labore modi alias magni quidem.', 99.99, 2, 1, 15, '2', '2023-03-21 11:34:23', '2023-03-21 11:34:23'),
(216, 'Nihil est quae.', 'nihil-est-quae', 'Eos eaque illo sit possimus laborum ut. Vero molestiae ut amet enim. Aut consequatur labore accusantium officia. Neque nihil qui quibusdam. Minus et ab quibusdam magni. Optio ut harum occaecati ut.', 19.99, 4, 6, 15, '2', '2023-03-21 11:34:23', '2023-03-21 11:34:23'),
(217, 'Laboriosam quasi est.', 'laboriosam-quasi-est', 'Fugit unde non facere ipsa. Et nihil consequatur qui laborum doloribus in. Doloremque error dolorem incidunt non. Nihil ducimus voluptatibus est voluptatem commodi et vel minus.', 99.99, 14, 15, 15, '2', '2023-03-21 11:34:23', '2023-03-21 11:34:23'),
(218, 'Reprehenderit nihil.', 'reprehenderit-nihil', 'Sint nulla consequatur laudantium. Aut odio magni accusamus aut in iure sequi. Cumque aspernatur sit iste molestiae.', 49.99, 6, 5, 15, '2', '2023-03-21 11:34:23', '2023-03-21 11:34:23'),
(219, 'Nihil saepe est.', 'nihil-saepe-est', 'Voluptatem nemo voluptatum id mollitia. Accusamus earum deleniti consequatur consequuntur aperiam sint provident. Non vel sit sapiente minus cumque voluptatibus qui.', 99.99, 15, 17, NULL, '2', '2023-03-21 11:34:23', '2023-03-21 11:34:23'),
(220, 'Qui rerum blanditiis.', 'qui-rerum-blanditiis', 'Atque est beatae aliquam eveniet unde sit. Dolor eligendi suscipit quam illo.', 19.99, 9, 10, 15, '2', '2023-03-21 11:34:23', '2023-03-21 11:34:23'),
(221, 'Qui aspernatur.', 'qui-aspernatur', 'Asperiores et impedit sed ipsum ut ipsa. Non ex in et beatae id rem. Ut ut ut assumenda totam facere quasi eos.', 49.99, 3, 1, 15, '2', '2023-03-21 11:34:23', '2023-03-21 11:34:23'),
(222, 'Nihil laborum ea.', 'nihil-laborum-ea', 'Voluptas nemo consequuntur rerum dolorem facilis. Praesentium rerum possimus illum totam. Asperiores velit earum quae officia quis.', 99.99, 4, 5, 15, '2', '2023-03-21 11:34:23', '2023-03-21 11:34:23'),
(223, 'Autem quaerat voluptate.', 'autem-quaerat-voluptate', 'Natus molestiae deserunt quidem suscipit. Deserunt quia porro non corrupti magni tenetur in. Temporibus temporibus porro et ipsa et et et.', 19.99, 16, 19, NULL, '2', '2023-03-21 11:34:23', '2023-03-21 11:34:23'),
(224, 'Porro saepe ipsa.', 'porro-saepe-ipsa', 'Quasi sit doloremque vel tempore ad et qui. Est et dicta saepe aliquid aperiam dolor assumenda. Tempore quis perspiciatis nam eos rerum voluptatem.', 19.99, 6, 7, 15, '2', '2023-03-21 11:34:23', '2023-03-21 11:34:23'),
(225, 'Sed repellat saepe.', 'sed-repellat-saepe', 'Dolore atque quia aspernatur harum qui. Nisi officia dolores ipsum. Ex quia vel impedit eius beatae. Quia ea molestiae officia maiores quis ut.', 49.99, 14, 15, 15, '2', '2023-03-21 11:34:23', '2023-03-21 11:34:23'),
(226, 'Dolor corrupti.', 'dolor-corrupti', 'Sequi cum qui nostrum nesciunt et. Molestiae voluptates vero ipsam saepe iure saepe. Repellendus et ut fugit et dolore blanditiis.', 49.99, 1, 4, NULL, '2', '2023-03-21 11:34:23', '2023-03-21 11:34:23'),
(227, 'Et expedita.', 'et-expedita', 'Est sed molestiae est eligendi recusandae. Vero enim vel earum sed in. Iure enim dolor molestias odio. Id eaque quae cumque.', 19.99, 14, 14, 15, '2', '2023-03-21 11:34:23', '2023-03-21 11:34:23'),
(228, 'Doloremque cum.', 'doloremque-cum', 'Odio ut ut repellat reprehenderit nostrum. Est dolorum nulla magnam veritatis. Et iste necessitatibus nulla dicta. Magnam et quod quasi rem.', 49.99, 12, 16, 15, '2', '2023-03-21 11:34:23', '2023-03-21 11:34:23'),
(229, 'Nobis quia beatae.', 'nobis-quia-beatae', 'Quia labore magni non animi dignissimos. Vel illo ea dicta eaque quibusdam. Repellendus eius harum voluptatem architecto voluptatem quae sed.', 99.99, 13, 15, 15, '2', '2023-03-21 11:34:23', '2023-03-21 11:34:23'),
(230, 'Ipsam velit qui.', 'ipsam-velit-qui', 'Et eos labore esse rem et sit optio. Temporibus quia ad asperiores. Esse optio sapiente nihil eius quo error rerum. Esse voluptatem rerum est vel ipsam commodi labore perferendis.', 19.99, 4, 6, 15, '2', '2023-03-21 11:34:23', '2023-03-21 11:34:23'),
(231, 'Nesciunt qui.', 'nesciunt-qui', 'Aut esse sapiente vel quo aperiam sint quidem. Est qui ducimus dignissimos in quia beatae sit. Alias error non dolor et.', 49.99, 2, 2, 15, '2', '2023-03-21 11:34:23', '2023-03-21 11:34:23'),
(232, 'Autem exercitationem aspernatur.', 'autem-exercitationem-aspernatur', 'Nobis reprehenderit voluptas qui molestiae voluptas molestiae deserunt doloribus. Qui nobis dolor adipisci aut quas blanditiis beatae. Harum ab perspiciatis autem magni cupiditate velit sed.', 99.99, 2, 3, 15, '2', '2023-03-21 11:34:23', '2023-03-21 11:34:23'),
(233, 'Voluptas dolorem.', 'voluptas-dolorem', 'Deleniti sequi nemo dolor. Maiores est natus corrupti minima tempore. Iusto exercitationem mollitia ab laborum voluptas. Aut non aut placeat.', 99.99, 8, 9, 15, '2', '2023-03-21 11:34:23', '2023-03-21 11:34:23'),
(234, 'Fugiat at porro.', 'fugiat-at-porro', 'Explicabo doloribus dolores id adipisci. Inventore aspernatur deserunt alias illo est labore ut. Sit est qui et culpa.', 99.99, 16, 17, NULL, '2', '2023-03-21 11:34:23', '2023-03-21 11:34:23'),
(235, 'Consequatur eum.', 'consequatur-eum', 'Id quis consequuntur et sint dolorem maiores. Voluptatibus mollitia doloremque amet voluptatem modi officiis eaque.', 99.99, 2, 2, 15, '2', '2023-03-21 11:34:23', '2023-03-21 11:34:23'),
(236, 'Culpa qui neque.', 'culpa-qui-neque', 'Deleniti velit ut qui vero. Ipsam aut aut eius consequatur aliquam voluptatem esse iste. Distinctio deserunt ipsa est eum.', 99.99, 4, 6, 15, '2', '2023-03-21 11:34:23', '2023-03-21 11:34:23'),
(237, 'Consequatur sint.', 'consequatur-sint', 'Ut eum tempore cum molestiae voluptatum cum dolorem. Voluptate laudantium et dolorem. Dignissimos reprehenderit est voluptatibus et quo tempora non. Laboriosam nemo ex ipsam.', 19.99, 16, 19, NULL, '2', '2023-03-21 11:34:23', '2023-03-21 11:34:23'),
(238, 'Deleniti earum similique.', 'deleniti-earum-similique', 'Ut in eius sed eveniet repellat. Cumque exercitationem ipsa iste iusto. Totam quas consectetur dolor praesentium soluta. Distinctio est vel accusantium voluptatem earum.', 99.99, 16, 19, NULL, '2', '2023-03-21 11:34:23', '2023-03-21 11:34:23'),
(239, 'Rerum vel.', 'rerum-vel', 'Dolores illum et quaerat. Et et ea veritatis atque saepe corporis. Qui illo non dolores aut. Aut voluptas aut est libero dolores et quo in.', 19.99, 1, 4, NULL, '2', '2023-03-21 11:34:23', '2023-03-21 11:34:23'),
(240, 'Ea rerum consequatur.', 'ea-rerum-consequatur', 'Quaerat est odit itaque. Odit molestiae ut eius voluptates optio. Ipsa et aut labore qui soluta quas. In voluptatibus sit est quia explicabo corporis.', 49.99, 9, 9, 15, '2', '2023-03-21 11:34:23', '2023-03-21 11:34:23'),
(241, 'Accusamus sapiente voluptatem.', 'accusamus-sapiente-voluptatem', 'Odit officia quis tempora dolores laborum maxime praesentium nisi. Quam quo dolore nostrum provident eveniet. Provident corporis odio in autem omnis in blanditiis.', 19.99, 8, 9, 15, '2', '2023-03-21 11:34:23', '2023-03-21 11:34:23'),
(242, 'Culpa et numquam.', 'culpa-et-numquam', 'Corporis maxime sint assumenda voluptas aliquam. Qui debitis et temporibus inventore minima quibusdam. Nesciunt modi enim excepturi necessitatibus cupiditate iste.', 49.99, 7, 10, 15, '2', '2023-03-21 11:34:23', '2023-03-21 11:34:23'),
(243, 'Enim quos.', 'enim-quos', 'Debitis non maxime corrupti in rerum. Vitae sed repellat necessitatibus reiciendis accusantium laboriosam sit nulla. Molestiae omnis id omnis et illo vitae alias.', 99.99, 9, 10, 15, '2', '2023-03-21 11:34:24', '2023-03-21 11:34:24'),
(244, 'Dicta et.', 'dicta-et', 'Ullam aspernatur animi soluta eum cum. Consectetur est quia enim et a. Voluptatem aliquam ab consequuntur. Quisquam et molestiae quia nulla modi ratione accusamus.', 99.99, 17, 19, 15, '2', '2023-03-21 11:34:24', '2023-03-21 11:34:24'),
(245, 'Vel minima.', 'vel-minima', 'Aperiam quia sed ut quia omnis non molestias. Consequatur nam quo tenetur fugiat cum dolores voluptas. Enim molestias qui qui aspernatur unde qui aut sed. Ut ut quis et iste voluptates.', 99.99, 6, 5, 15, '2', '2023-03-21 11:34:24', '2023-03-21 11:34:24'),
(246, 'Cumque voluptatem.', 'cumque-voluptatem', 'Quia voluptatem qui vel sed esse et cumque dolores. Molestiae incidunt deleniti consequatur voluptatem neque impedit. Vero nam aut eos rerum debitis. Qui et culpa inventore quo fugit.', 19.99, 11, 13, 15, '2', '2023-03-21 11:34:24', '2023-03-21 11:34:24'),
(247, 'A sunt.', 'a-sunt', 'Ut esse eos reiciendis. Laudantium maiores aut alias nesciunt dolores quis. Ut est quisquam explicabo culpa ut voluptatem. Vel aut et placeat commodi rerum maxime sit.', 99.99, 4, 8, 15, '2', '2023-03-21 11:34:24', '2023-03-21 11:34:24'),
(248, 'Quae magni sed.', 'quae-magni-sed', 'Voluptatem molestiae impedit illo consequatur minima sapiente dolorem quod. Eos soluta deserunt neque nemo iusto. Nihil a doloremque in non.', 99.99, 18, 18, 15, '2', '2023-03-21 11:34:24', '2023-03-21 11:34:24'),
(249, 'Voluptatem sapiente aperiam.', 'voluptatem-sapiente-aperiam', 'Qui quisquam et fuga est iure voluptatem perferendis. Sed nihil voluptatum maiores et placeat molestias. Facilis consequuntur accusantium explicabo ea tempore minus laudantium reprehenderit.', 99.99, 9, 9, 15, '2', '2023-03-21 11:34:24', '2023-03-21 11:34:24'),
(250, 'Consequuntur quia.', 'consequuntur-quia', 'Ducimus eos ea consequatur. Maxime unde quisquam nesciunt omnis. Quis qui dolores harum. Doloremque omnis ab cum quas molestiae dolor.', 99.99, 17, 19, 15, '2', '2023-03-21 11:34:24', '2023-03-21 11:34:24');

-- --------------------------------------------------------

--
-- Estructura de tabla para la tabla `roles`
--

CREATE TABLE `roles` (
  `id` bigint UNSIGNED NOT NULL,
  `name` varchar(255) COLLATE utf8mb4_unicode_ci NOT NULL,
  `guard_name` varchar(255) COLLATE utf8mb4_unicode_ci NOT NULL,
  `created_at` timestamp NULL DEFAULT NULL,
  `updated_at` timestamp NULL DEFAULT NULL
) ENGINE=InnoDB DEFAULT CHARSET=utf8mb4 COLLATE=utf8mb4_unicode_ci;

--
-- Volcado de datos para la tabla `roles`
--

INSERT INTO `roles` (`id`, `name`, `guard_name`, `created_at`, `updated_at`) VALUES
(1, 'admin', 'web', '2023-03-21 11:34:21', '2023-03-21 11:34:21');

-- --------------------------------------------------------

--
-- Estructura de tabla para la tabla `role_has_permissions`
--

CREATE TABLE `role_has_permissions` (
  `permission_id` bigint UNSIGNED NOT NULL,
  `role_id` bigint UNSIGNED NOT NULL
) ENGINE=InnoDB DEFAULT CHARSET=utf8mb4 COLLATE=utf8mb4_unicode_ci;

-- --------------------------------------------------------

--
-- Estructura de tabla para la tabla `sessions`
--

CREATE TABLE `sessions` (
  `id` varchar(255) COLLATE utf8mb4_unicode_ci NOT NULL,
  `user_id` bigint UNSIGNED DEFAULT NULL,
  `ip_address` varchar(45) COLLATE utf8mb4_unicode_ci DEFAULT NULL,
  `user_agent` text COLLATE utf8mb4_unicode_ci,
  `payload` text COLLATE utf8mb4_unicode_ci NOT NULL,
  `last_activity` int NOT NULL
) ENGINE=InnoDB DEFAULT CHARSET=utf8mb4 COLLATE=utf8mb4_unicode_ci;

--
-- Volcado de datos para la tabla `sessions`
--

INSERT INTO `sessions` (`id`, `user_id`, `ip_address`, `user_agent`, `payload`, `last_activity`) VALUES
('kPYfJrwRbZQCwo12B3JZJtctKd1ImrzH9uzh5gU8', NULL, '172.20.0.1', 'Mozilla/5.0 (X11; Ubuntu; Linux x86_64; rv:109.0) Gecko/20100101 Firefox/111.0', 'YTozOntzOjY6Il90b2tlbiI7czo0MDoiVXpvVTVUTGlrQ3N1dDl3TERuSlNuRXZjaExSbUpxM2VINHI5WkhTeiI7czo2OiJfZmxhc2giO2E6Mjp7czozOiJvbGQiO2E6MDp7fXM6MzoibmV3IjthOjA6e319czo5OiJfcHJldmlvdXMiO2E6MTp7czozOiJ1cmwiO3M6MjI6Imh0dHA6Ly9lY29tbWVyY2UyLnRlc3QiO319', 1679420013);

-- --------------------------------------------------------

--
-- Estructura de tabla para la tabla `shoppingcart`
--

CREATE TABLE `shoppingcart` (
  `identifier` varchar(255) COLLATE utf8mb4_unicode_ci NOT NULL,
  `instance` varchar(255) COLLATE utf8mb4_unicode_ci NOT NULL,
  `content` longtext COLLATE utf8mb4_unicode_ci NOT NULL,
  `created_at` timestamp NULL DEFAULT NULL,
  `updated_at` timestamp NULL DEFAULT NULL
) ENGINE=InnoDB DEFAULT CHARSET=utf8mb4 COLLATE=utf8mb4_unicode_ci;

--
-- Volcado de datos para la tabla `shoppingcart`
--

INSERT INTO `shoppingcart` (`identifier`, `instance`, `content`, `created_at`, `updated_at`) VALUES
('1', 'default', 'O:29:\"Illuminate\\Support\\Collection\":2:{s:8:\"\0*\0items\";a:0:{}s:28:\"\0*\0escapeWhenCastingToString\";b:0;}', '2023-03-21 17:33:32', '2023-03-21 17:33:32'),
('102', 'default', 'O:29:\"Illuminate\\Support\\Collection\":2:{s:8:\"\0*\0items\";a:0:{}s:28:\"\0*\0escapeWhenCastingToString\";b:0;}', '2023-03-21 17:33:26', '2023-03-21 17:33:26');

-- --------------------------------------------------------

--
-- Estructura de tabla para la tabla `sizes`
--

CREATE TABLE `sizes` (
  `id` bigint UNSIGNED NOT NULL,
  `name` varchar(255) COLLATE utf8mb4_unicode_ci NOT NULL,
  `product_id` bigint UNSIGNED NOT NULL,
  `created_at` timestamp NULL DEFAULT NULL,
  `updated_at` timestamp NULL DEFAULT NULL
) ENGINE=InnoDB DEFAULT CHARSET=utf8mb4 COLLATE=utf8mb4_unicode_ci;

--
-- Volcado de datos para la tabla `sizes`
--

INSERT INTO `sizes` (`id`, `name`, `product_id`, `created_at`, `updated_at`) VALUES
(1, 'Talla S', 13, '2023-03-21 11:37:47', '2023-03-21 11:37:47'),
(2, 'Talla M', 13, '2023-03-21 11:37:47', '2023-03-21 11:37:47'),
(3, 'Talla L', 13, '2023-03-21 11:37:48', '2023-03-21 11:37:48'),
(4, 'Talla S', 36, '2023-03-21 11:37:48', '2023-03-21 11:37:48'),
(5, 'Talla M', 36, '2023-03-21 11:37:48', '2023-03-21 11:37:48'),
(6, 'Talla L', 36, '2023-03-21 11:37:48', '2023-03-21 11:37:48'),
(7, 'Talla S', 42, '2023-03-21 11:37:48', '2023-03-21 11:37:48'),
(8, 'Talla M', 42, '2023-03-21 11:37:48', '2023-03-21 11:37:48'),
(9, 'Talla L', 42, '2023-03-21 11:37:48', '2023-03-21 11:37:48'),
(10, 'Talla S', 48, '2023-03-21 11:37:48', '2023-03-21 11:37:48'),
(11, 'Talla M', 48, '2023-03-21 11:37:48', '2023-03-21 11:37:48'),
(12, 'Talla L', 48, '2023-03-21 11:37:48', '2023-03-21 11:37:48'),
(13, 'Talla S', 56, '2023-03-21 11:37:48', '2023-03-21 11:37:48'),
(14, 'Talla M', 56, '2023-03-21 11:37:48', '2023-03-21 11:37:48'),
(15, 'Talla L', 56, '2023-03-21 11:37:48', '2023-03-21 11:37:48'),
(16, 'Talla S', 76, '2023-03-21 11:37:48', '2023-03-21 11:37:48'),
(17, 'Talla M', 76, '2023-03-21 11:37:48', '2023-03-21 11:37:48'),
(18, 'Talla L', 76, '2023-03-21 11:37:48', '2023-03-21 11:37:48'),
(19, 'Talla S', 98, '2023-03-21 11:37:48', '2023-03-21 11:37:48'),
(20, 'Talla M', 98, '2023-03-21 11:37:48', '2023-03-21 11:37:48'),
(21, 'Talla L', 98, '2023-03-21 11:37:48', '2023-03-21 11:37:48'),
(22, 'Talla S', 125, '2023-03-21 11:37:48', '2023-03-21 11:37:48'),
(23, 'Talla M', 125, '2023-03-21 11:37:48', '2023-03-21 11:37:48'),
(24, 'Talla L', 125, '2023-03-21 11:37:48', '2023-03-21 11:37:48'),
(25, 'Talla S', 140, '2023-03-21 11:37:48', '2023-03-21 11:37:48'),
(26, 'Talla M', 140, '2023-03-21 11:37:48', '2023-03-21 11:37:48'),
(27, 'Talla L', 140, '2023-03-21 11:37:48', '2023-03-21 11:37:48'),
(28, 'Talla S', 173, '2023-03-21 11:37:48', '2023-03-21 11:37:48'),
(29, 'Talla M', 173, '2023-03-21 11:37:48', '2023-03-21 11:37:48'),
(30, 'Talla L', 173, '2023-03-21 11:37:48', '2023-03-21 11:37:48'),
(31, 'Talla S', 177, '2023-03-21 11:37:48', '2023-03-21 11:37:48'),
(32, 'Talla M', 177, '2023-03-21 11:37:48', '2023-03-21 11:37:48'),
(33, 'Talla L', 177, '2023-03-21 11:37:48', '2023-03-21 11:37:48'),
(34, 'Talla S', 208, '2023-03-21 11:37:48', '2023-03-21 11:37:48'),
(35, 'Talla M', 208, '2023-03-21 11:37:48', '2023-03-21 11:37:48'),
(36, 'Talla L', 208, '2023-03-21 11:37:48', '2023-03-21 11:37:48'),
(37, 'Talla S', 219, '2023-03-21 11:37:48', '2023-03-21 11:37:48'),
(38, 'Talla M', 219, '2023-03-21 11:37:48', '2023-03-21 11:37:48'),
(39, 'Talla L', 219, '2023-03-21 11:37:48', '2023-03-21 11:37:48'),
(40, 'Talla S', 11, '2023-03-21 11:37:48', '2023-03-21 11:37:48'),
(41, 'Talla M', 11, '2023-03-21 11:37:48', '2023-03-21 11:37:48'),
(42, 'Talla L', 11, '2023-03-21 11:37:48', '2023-03-21 11:37:48'),
(43, 'Talla S', 40, '2023-03-21 11:37:48', '2023-03-21 11:37:48'),
(44, 'Talla M', 40, '2023-03-21 11:37:48', '2023-03-21 11:37:48'),
(45, 'Talla L', 40, '2023-03-21 11:37:48', '2023-03-21 11:37:48'),
(46, 'Talla S', 52, '2023-03-21 11:37:48', '2023-03-21 11:37:48'),
(47, 'Talla M', 52, '2023-03-21 11:37:48', '2023-03-21 11:37:48'),
(48, 'Talla L', 52, '2023-03-21 11:37:48', '2023-03-21 11:37:48'),
(49, 'Talla S', 55, '2023-03-21 11:37:48', '2023-03-21 11:37:48'),
(50, 'Talla M', 55, '2023-03-21 11:37:48', '2023-03-21 11:37:48'),
(51, 'Talla L', 55, '2023-03-21 11:37:48', '2023-03-21 11:37:48'),
(52, 'Talla S', 107, '2023-03-21 11:37:48', '2023-03-21 11:37:48'),
(53, 'Talla M', 107, '2023-03-21 11:37:48', '2023-03-21 11:37:48'),
(54, 'Talla L', 107, '2023-03-21 11:37:48', '2023-03-21 11:37:48'),
(55, 'Talla S', 111, '2023-03-21 11:37:48', '2023-03-21 11:37:48'),
(56, 'Talla M', 111, '2023-03-21 11:37:48', '2023-03-21 11:37:48'),
(57, 'Talla L', 111, '2023-03-21 11:37:48', '2023-03-21 11:37:48'),
(58, 'Talla S', 124, '2023-03-21 11:37:48', '2023-03-21 11:37:48'),
(59, 'Talla M', 124, '2023-03-21 11:37:48', '2023-03-21 11:37:48'),
(60, 'Talla L', 124, '2023-03-21 11:37:48', '2023-03-21 11:37:48'),
(61, 'Talla S', 130, '2023-03-21 11:37:48', '2023-03-21 11:37:48'),
(62, 'Talla M', 130, '2023-03-21 11:37:48', '2023-03-21 11:37:48'),
(63, 'Talla L', 130, '2023-03-21 11:37:48', '2023-03-21 11:37:48'),
(64, 'Talla S', 194, '2023-03-21 11:37:48', '2023-03-21 11:37:48'),
(65, 'Talla M', 194, '2023-03-21 11:37:48', '2023-03-21 11:37:48'),
(66, 'Talla L', 194, '2023-03-21 11:37:48', '2023-03-21 11:37:48'),
(67, 'Talla S', 213, '2023-03-21 11:37:48', '2023-03-21 11:37:48'),
(68, 'Talla M', 213, '2023-03-21 11:37:48', '2023-03-21 11:37:48'),
(69, 'Talla L', 213, '2023-03-21 11:37:48', '2023-03-21 11:37:48'),
(70, 'Talla S', 223, '2023-03-21 11:37:48', '2023-03-21 11:37:48'),
(71, 'Talla M', 223, '2023-03-21 11:37:48', '2023-03-21 11:37:48'),
(72, 'Talla L', 223, '2023-03-21 11:37:48', '2023-03-21 11:37:48'),
(73, 'Talla S', 234, '2023-03-21 11:37:48', '2023-03-21 11:37:48'),
(74, 'Talla M', 234, '2023-03-21 11:37:48', '2023-03-21 11:37:48'),
(75, 'Talla L', 234, '2023-03-21 11:37:48', '2023-03-21 11:37:48'),
(76, 'Talla S', 237, '2023-03-21 11:37:48', '2023-03-21 11:37:48'),
(77, 'Talla M', 237, '2023-03-21 11:37:48', '2023-03-21 11:37:48'),
(78, 'Talla L', 237, '2023-03-21 11:37:48', '2023-03-21 11:37:48'),
(79, 'Talla S', 238, '2023-03-21 11:37:48', '2023-03-21 11:37:48'),
(80, 'Talla M', 238, '2023-03-21 11:37:48', '2023-03-21 11:37:48'),
(81, 'Talla L', 238, '2023-03-21 11:37:48', '2023-03-21 11:37:48');

-- --------------------------------------------------------

--
-- Estructura de tabla para la tabla `subcategories`
--

CREATE TABLE `subcategories` (
  `id` bigint UNSIGNED NOT NULL,
  `name` varchar(255) COLLATE utf8mb4_unicode_ci NOT NULL,
  `slug` varchar(255) COLLATE utf8mb4_unicode_ci NOT NULL,
  `color` tinyint(1) NOT NULL DEFAULT '0',
  `size` tinyint(1) NOT NULL DEFAULT '0',
  `category_id` bigint UNSIGNED NOT NULL,
  `created_at` timestamp NULL DEFAULT NULL,
  `updated_at` timestamp NULL DEFAULT NULL
) ENGINE=InnoDB DEFAULT CHARSET=utf8mb4 COLLATE=utf8mb4_unicode_ci;

--
-- Volcado de datos para la tabla `subcategories`
--

INSERT INTO `subcategories` (`id`, `name`, `slug`, `color`, `size`, `category_id`, `created_at`, `updated_at`) VALUES
(1, 'Celulares y smartphones', 'celulares-y-smartphones', 1, 0, 1, '2023-03-21 11:34:22', '2023-03-21 11:34:22'),
(2, 'Accesorios para celulares', 'accesorios-para-celulares', 0, 0, 1, '2023-03-21 11:34:22', '2023-03-21 11:34:22'),
(3, 'Smartwatches', 'smartwatches', 0, 0, 1, '2023-03-21 11:34:22', '2023-03-21 11:34:22'),
(4, 'TV y audio', 'tv-y-audio', 0, 0, 2, '2023-03-21 11:34:22', '2023-03-21 11:34:22'),
(5, 'Audios', 'audios', 0, 0, 2, '2023-03-21 11:34:22', '2023-03-21 11:34:22'),
(6, 'Audio para autos', 'audio-para-autos', 0, 0, 2, '2023-03-21 11:34:22', '2023-03-21 11:34:22'),
(7, 'Xbox', 'xbox', 0, 0, 3, '2023-03-21 11:34:22', '2023-03-21 11:34:22'),
(8, 'Play Station', 'play-station', 0, 0, 3, '2023-03-21 11:34:22', '2023-03-21 11:34:22'),
(9, 'Videojuegos para PC', 'videojuegos-para-pc', 0, 0, 3, '2023-03-21 11:34:22', '2023-03-21 11:34:22'),
(10, 'Nintendo', 'nintendo', 0, 0, 3, '2023-03-21 11:34:22', '2023-03-21 11:34:22'),
(11, 'Port谩tiles', 'portatiles', 0, 0, 4, '2023-03-21 11:34:22', '2023-03-21 11:34:22'),
(12, 'PC escritorio', 'pc-escritorio', 0, 0, 4, '2023-03-21 11:34:22', '2023-03-21 11:34:22'),
(13, 'Almacenamiento', 'almacenamiento', 0, 0, 4, '2023-03-21 11:34:22', '2023-03-21 11:34:22'),
(14, 'Accesorios computadoras', 'accesorios-computadoras', 0, 0, 4, '2023-03-21 11:34:22', '2023-03-21 11:34:22'),
(15, 'Mujeres', 'mujeres', 1, 1, 5, '2023-03-21 11:34:22', '2023-03-21 11:34:22'),
(16, 'Hombres', 'hombres', 1, 1, 5, '2023-03-21 11:34:22', '2023-03-21 11:34:22'),
(17, 'Lentes', 'lentes', 0, 0, 5, '2023-03-21 11:34:22', '2023-03-21 11:34:22'),
(18, 'Relojes', 'relojes', 0, 0, 5, '2023-03-21 11:34:22', '2023-03-21 11:34:22');

-- --------------------------------------------------------

--
-- Estructura de tabla para la tabla `users`
--

CREATE TABLE `users` (
  `id` bigint UNSIGNED NOT NULL,
  `name` varchar(255) COLLATE utf8mb4_unicode_ci NOT NULL,
  `email` varchar(255) COLLATE utf8mb4_unicode_ci NOT NULL,
  `email_verified_at` timestamp NULL DEFAULT NULL,
  `password` varchar(255) COLLATE utf8mb4_unicode_ci NOT NULL,
  `two_factor_secret` text COLLATE utf8mb4_unicode_ci,
  `two_factor_recovery_codes` text COLLATE utf8mb4_unicode_ci,
  `remember_token` varchar(100) COLLATE utf8mb4_unicode_ci DEFAULT NULL,
  `current_team_id` bigint UNSIGNED DEFAULT NULL,
  `profile_photo_path` varchar(2048) COLLATE utf8mb4_unicode_ci DEFAULT NULL,
  `created_at` timestamp NULL DEFAULT NULL,
  `updated_at` timestamp NULL DEFAULT NULL
) ENGINE=InnoDB DEFAULT CHARSET=utf8mb4 COLLATE=utf8mb4_unicode_ci;

--
-- Volcado de datos para la tabla `users`
--

INSERT INTO `users` (`id`, `name`, `email`, `email_verified_at`, `password`, `two_factor_secret`, `two_factor_recovery_codes`, `remember_token`, `current_team_id`, `profile_photo_path`, `created_at`, `updated_at`) VALUES
(1, 'Salvador C茅spedes', 'salva@test.com', '2023-03-21 11:34:21', '$2y$10$/f8IOO.KI5TnSjxjow9oi./CD1FBkmGvJWqOnMoAWZEwu8eQGL3jC', NULL, NULL, 'kJW9IdHXT1PeDaNRhxJnyUqC5HeHoBWINiAqgzDFu5nR9Srl58vMxsX83NGp', NULL, NULL, '2023-03-21 11:34:21', '2023-03-21 11:34:21'),
(2, 'Carmel Gerlach', 'reinger.sunny@example.com', '2023-03-21 11:34:21', '$2y$10$92IXUNpkjO0rOQ5byMi.Ye4oKoEa3Ro9llC/.og/at2.uheWG/igi', NULL, NULL, '2BkfCtThCe', NULL, NULL, '2023-03-21 11:34:21', '2023-03-21 11:34:21'),
(3, 'Buck McKenzie', 'leuschke.isai@example.org', '2023-03-21 11:34:21', '$2y$10$92IXUNpkjO0rOQ5byMi.Ye4oKoEa3Ro9llC/.og/at2.uheWG/igi', NULL, NULL, 'XKv1YiNg2Z', NULL, NULL, '2023-03-21 11:34:21', '2023-03-21 11:34:21'),
(4, 'Orville Hamill PhD', 'legros.merle@example.com', '2023-03-21 11:34:21', '$2y$10$92IXUNpkjO0rOQ5byMi.Ye4oKoEa3Ro9llC/.og/at2.uheWG/igi', NULL, NULL, 'zzRbpXokso', NULL, NULL, '2023-03-21 11:34:21', '2023-03-21 11:34:21'),
(5, 'Mayra Brekke', 'aherman@example.com', '2023-03-21 11:34:21', '$2y$10$92IXUNpkjO0rOQ5byMi.Ye4oKoEa3Ro9llC/.og/at2.uheWG/igi', NULL, NULL, 'fcd2noo1BF', NULL, NULL, '2023-03-21 11:34:21', '2023-03-21 11:34:21'),
(6, 'Ima Boehm', 'lstamm@example.net', '2023-03-21 11:34:21', '$2y$10$92IXUNpkjO0rOQ5byMi.Ye4oKoEa3Ro9llC/.og/at2.uheWG/igi', NULL, NULL, 'mHAbqCifDJ', NULL, NULL, '2023-03-21 11:34:21', '2023-03-21 11:34:21'),
(7, 'Tyshawn Lakin I', 'kianna51@example.net', '2023-03-21 11:34:21', '$2y$10$92IXUNpkjO0rOQ5byMi.Ye4oKoEa3Ro9llC/.og/at2.uheWG/igi', NULL, NULL, 'GxKnty6BBp', NULL, NULL, '2023-03-21 11:34:21', '2023-03-21 11:34:21'),
(8, 'Cristian Huels', 'kamille20@example.net', '2023-03-21 11:34:21', '$2y$10$92IXUNpkjO0rOQ5byMi.Ye4oKoEa3Ro9llC/.og/at2.uheWG/igi', NULL, NULL, '1ChsROoJpW', NULL, NULL, '2023-03-21 11:34:21', '2023-03-21 11:34:21'),
(9, 'Percy Steuber', 'ulesch@example.org', '2023-03-21 11:34:21', '$2y$10$92IXUNpkjO0rOQ5byMi.Ye4oKoEa3Ro9llC/.og/at2.uheWG/igi', NULL, NULL, 'ZLoutkMs30', NULL, NULL, '2023-03-21 11:34:21', '2023-03-21 11:34:21'),
(10, 'Jordan Kihn Sr.', 'spinka.leanne@example.org', '2023-03-21 11:34:21', '$2y$10$92IXUNpkjO0rOQ5byMi.Ye4oKoEa3Ro9llC/.og/at2.uheWG/igi', NULL, NULL, 'C1Ntrp4XYb', NULL, NULL, '2023-03-21 11:34:21', '2023-03-21 11:34:21'),
(11, 'Dr. Brandyn Rath DDS', 'norbert.davis@example.org', '2023-03-21 11:34:21', '$2y$10$92IXUNpkjO0rOQ5byMi.Ye4oKoEa3Ro9llC/.og/at2.uheWG/igi', NULL, NULL, 'MKYG3JpKXi', NULL, NULL, '2023-03-21 11:34:21', '2023-03-21 11:34:21'),
(12, 'Lue Marvin', 'elenora57@example.com', '2023-03-21 11:34:21', '$2y$10$92IXUNpkjO0rOQ5byMi.Ye4oKoEa3Ro9llC/.og/at2.uheWG/igi', NULL, NULL, 'GHCN0L2ma8', NULL, NULL, '2023-03-21 11:34:21', '2023-03-21 11:34:21'),
(13, 'Prof. Aracely Brekke', 'jbayer@example.org', '2023-03-21 11:34:21', '$2y$10$92IXUNpkjO0rOQ5byMi.Ye4oKoEa3Ro9llC/.og/at2.uheWG/igi', NULL, NULL, 'ybzN03eAiX', NULL, NULL, '2023-03-21 11:34:21', '2023-03-21 11:34:21'),
(14, 'Kaylee McKenzie V', 'joelle.gibson@example.net', '2023-03-21 11:34:21', '$2y$10$92IXUNpkjO0rOQ5byMi.Ye4oKoEa3Ro9llC/.og/at2.uheWG/igi', NULL, NULL, 'yrIvI9rYXn', NULL, NULL, '2023-03-21 11:34:21', '2023-03-21 11:34:21'),
(15, 'Prof. Frankie Predovic V', 'mhills@example.org', '2023-03-21 11:34:21', '$2y$10$92IXUNpkjO0rOQ5byMi.Ye4oKoEa3Ro9llC/.og/at2.uheWG/igi', NULL, NULL, 'ki1BrBJJHG', NULL, NULL, '2023-03-21 11:34:21', '2023-03-21 11:34:21'),
(16, 'Leda Jaskolski', 'ullrich.alia@example.org', '2023-03-21 11:34:21', '$2y$10$92IXUNpkjO0rOQ5byMi.Ye4oKoEa3Ro9llC/.og/at2.uheWG/igi', NULL, NULL, 'WcPovEgAvL', NULL, NULL, '2023-03-21 11:34:21', '2023-03-21 11:34:21'),
(17, 'Aliyah Heller', 'casey.corwin@example.net', '2023-03-21 11:34:21', '$2y$10$92IXUNpkjO0rOQ5byMi.Ye4oKoEa3Ro9llC/.og/at2.uheWG/igi', NULL, NULL, 'WYfy6C6fYB', NULL, NULL, '2023-03-21 11:34:21', '2023-03-21 11:34:21'),
(18, 'Timmothy Hahn', 'luther67@example.net', '2023-03-21 11:34:21', '$2y$10$92IXUNpkjO0rOQ5byMi.Ye4oKoEa3Ro9llC/.og/at2.uheWG/igi', NULL, NULL, 'sdnXHueTND', NULL, NULL, '2023-03-21 11:34:21', '2023-03-21 11:34:21'),
(19, 'Clinton Conroy', 'ndare@example.org', '2023-03-21 11:34:21', '$2y$10$92IXUNpkjO0rOQ5byMi.Ye4oKoEa3Ro9llC/.og/at2.uheWG/igi', NULL, NULL, '2zXbtS4Ave', NULL, NULL, '2023-03-21 11:34:21', '2023-03-21 11:34:21'),
(20, 'Dr. Marietta Hackett', 'giovanni.durgan@example.com', '2023-03-21 11:34:21', '$2y$10$92IXUNpkjO0rOQ5byMi.Ye4oKoEa3Ro9llC/.og/at2.uheWG/igi', NULL, NULL, 'cqSbKk4ka5', NULL, NULL, '2023-03-21 11:34:21', '2023-03-21 11:34:21'),
(21, 'Lexi Purdy', 'bruen.karlee@example.net', '2023-03-21 11:34:21', '$2y$10$92IXUNpkjO0rOQ5byMi.Ye4oKoEa3Ro9llC/.og/at2.uheWG/igi', NULL, NULL, 'oMXcHsnS6k', NULL, NULL, '2023-03-21 11:34:21', '2023-03-21 11:34:21'),
(22, 'Marlon Schulist', 'hudson.augusta@example.net', '2023-03-21 11:34:21', '$2y$10$92IXUNpkjO0rOQ5byMi.Ye4oKoEa3Ro9llC/.og/at2.uheWG/igi', NULL, NULL, 'YeybqiLw5x', NULL, NULL, '2023-03-21 11:34:21', '2023-03-21 11:34:21'),
(23, 'Kitty Adams', 'cielo10@example.org', '2023-03-21 11:34:21', '$2y$10$92IXUNpkjO0rOQ5byMi.Ye4oKoEa3Ro9llC/.og/at2.uheWG/igi', NULL, NULL, 'Z6297bEhW0', NULL, NULL, '2023-03-21 11:34:21', '2023-03-21 11:34:21'),
(24, 'Miss Tomasa Barton', 'filiberto.marks@example.com', '2023-03-21 11:34:21', '$2y$10$92IXUNpkjO0rOQ5byMi.Ye4oKoEa3Ro9llC/.og/at2.uheWG/igi', NULL, NULL, 'UA2Ec0P6gL', NULL, NULL, '2023-03-21 11:34:21', '2023-03-21 11:34:21'),
(25, 'Jaylan Lehner', 'sydnee44@example.com', '2023-03-21 11:34:21', '$2y$10$92IXUNpkjO0rOQ5byMi.Ye4oKoEa3Ro9llC/.og/at2.uheWG/igi', NULL, NULL, 'Rzy7n9PbAP', NULL, NULL, '2023-03-21 11:34:21', '2023-03-21 11:34:21'),
(26, 'Anjali Jones', 'kailey14@example.com', '2023-03-21 11:34:21', '$2y$10$92IXUNpkjO0rOQ5byMi.Ye4oKoEa3Ro9llC/.og/at2.uheWG/igi', NULL, NULL, 'gAASDTJwt5', NULL, NULL, '2023-03-21 11:34:21', '2023-03-21 11:34:21'),
(27, 'Emiliano Schneider', 'velva31@example.net', '2023-03-21 11:34:21', '$2y$10$92IXUNpkjO0rOQ5byMi.Ye4oKoEa3Ro9llC/.og/at2.uheWG/igi', NULL, NULL, 'ErSlTrLRP5', NULL, NULL, '2023-03-21 11:34:21', '2023-03-21 11:34:21'),
(28, 'Prof. Garfield Rosenbaum DVM', 'kamron.kautzer@example.net', '2023-03-21 11:34:21', '$2y$10$92IXUNpkjO0rOQ5byMi.Ye4oKoEa3Ro9llC/.og/at2.uheWG/igi', NULL, NULL, 'ld0rjBrz9K', NULL, NULL, '2023-03-21 11:34:21', '2023-03-21 11:34:21'),
(29, 'Prof. Elijah Bernier IV', 'ollie92@example.net', '2023-03-21 11:34:21', '$2y$10$92IXUNpkjO0rOQ5byMi.Ye4oKoEa3Ro9llC/.og/at2.uheWG/igi', NULL, NULL, 'g26jTV2cE4', NULL, NULL, '2023-03-21 11:34:21', '2023-03-21 11:34:21'),
(30, 'Haylie Bergnaum', 'lesch.abbey@example.org', '2023-03-21 11:34:21', '$2y$10$92IXUNpkjO0rOQ5byMi.Ye4oKoEa3Ro9llC/.og/at2.uheWG/igi', NULL, NULL, 'FPPpgZmFEc', NULL, NULL, '2023-03-21 11:34:21', '2023-03-21 11:34:21'),
(31, 'Prof. Flossie Hammes', 'pkautzer@example.net', '2023-03-21 11:34:21', '$2y$10$92IXUNpkjO0rOQ5byMi.Ye4oKoEa3Ro9llC/.og/at2.uheWG/igi', NULL, NULL, 'uKsfziL9ZE', NULL, NULL, '2023-03-21 11:34:21', '2023-03-21 11:34:21'),
(32, 'Jamar Rodriguez', 'mkuhic@example.net', '2023-03-21 11:34:21', '$2y$10$92IXUNpkjO0rOQ5byMi.Ye4oKoEa3Ro9llC/.og/at2.uheWG/igi', NULL, NULL, 'MLUIcuQzpB', NULL, NULL, '2023-03-21 11:34:21', '2023-03-21 11:34:21'),
(33, 'Dr. Mathew Kautzer', 'sunny79@example.net', '2023-03-21 11:34:21', '$2y$10$92IXUNpkjO0rOQ5byMi.Ye4oKoEa3Ro9llC/.og/at2.uheWG/igi', NULL, NULL, 'awHBFJElY7', NULL, NULL, '2023-03-21 11:34:21', '2023-03-21 11:34:21'),
(34, 'Kendall Brekke', 'npfannerstill@example.com', '2023-03-21 11:34:21', '$2y$10$92IXUNpkjO0rOQ5byMi.Ye4oKoEa3Ro9llC/.og/at2.uheWG/igi', NULL, NULL, 'WzmkNg9Xpf', NULL, NULL, '2023-03-21 11:34:21', '2023-03-21 11:34:21'),
(35, 'Issac Baumbach', 'chelsey.beier@example.org', '2023-03-21 11:34:21', '$2y$10$92IXUNpkjO0rOQ5byMi.Ye4oKoEa3Ro9llC/.og/at2.uheWG/igi', NULL, NULL, 'cOjdvs4tZV', NULL, NULL, '2023-03-21 11:34:21', '2023-03-21 11:34:21'),
(36, 'Mabelle Wiza MD', 'jermaine.gislason@example.org', '2023-03-21 11:34:21', '$2y$10$92IXUNpkjO0rOQ5byMi.Ye4oKoEa3Ro9llC/.og/at2.uheWG/igi', NULL, NULL, 'qXMOPFMlmm', NULL, NULL, '2023-03-21 11:34:21', '2023-03-21 11:34:21'),
(37, 'Prof. Sydnee Wilderman I', 'lilian.rolfson@example.net', '2023-03-21 11:34:21', '$2y$10$92IXUNpkjO0rOQ5byMi.Ye4oKoEa3Ro9llC/.og/at2.uheWG/igi', NULL, NULL, 'haB4QSChre', NULL, NULL, '2023-03-21 11:34:21', '2023-03-21 11:34:21'),
(38, 'Kavon Hessel', 'sally.larson@example.com', '2023-03-21 11:34:21', '$2y$10$92IXUNpkjO0rOQ5byMi.Ye4oKoEa3Ro9llC/.og/at2.uheWG/igi', NULL, NULL, 'a4rsvs0IfZ', NULL, NULL, '2023-03-21 11:34:21', '2023-03-21 11:34:21'),
(39, 'Daphne Daugherty', 'kdonnelly@example.com', '2023-03-21 11:34:21', '$2y$10$92IXUNpkjO0rOQ5byMi.Ye4oKoEa3Ro9llC/.og/at2.uheWG/igi', NULL, NULL, '4s6zf9RYi6', NULL, NULL, '2023-03-21 11:34:21', '2023-03-21 11:34:21'),
(40, 'Judge Ward', 'zjohnston@example.org', '2023-03-21 11:34:21', '$2y$10$92IXUNpkjO0rOQ5byMi.Ye4oKoEa3Ro9llC/.og/at2.uheWG/igi', NULL, NULL, 'MV8MLnlnE1', NULL, NULL, '2023-03-21 11:34:21', '2023-03-21 11:34:21'),
(41, 'Gaston Streich', 'lschuster@example.net', '2023-03-21 11:34:21', '$2y$10$92IXUNpkjO0rOQ5byMi.Ye4oKoEa3Ro9llC/.og/at2.uheWG/igi', NULL, NULL, 'y0nu0fGEsS', NULL, NULL, '2023-03-21 11:34:21', '2023-03-21 11:34:21'),
(42, 'Johnathan Blanda DVM', 'mitchell.mara@example.net', '2023-03-21 11:34:21', '$2y$10$92IXUNpkjO0rOQ5byMi.Ye4oKoEa3Ro9llC/.og/at2.uheWG/igi', NULL, NULL, 'MHWGBW4RJ1', NULL, NULL, '2023-03-21 11:34:21', '2023-03-21 11:34:21'),
(43, 'Noemi Bosco', 'cgreenholt@example.org', '2023-03-21 11:34:21', '$2y$10$92IXUNpkjO0rOQ5byMi.Ye4oKoEa3Ro9llC/.og/at2.uheWG/igi', NULL, NULL, '1husf1sra2', NULL, NULL, '2023-03-21 11:34:21', '2023-03-21 11:34:21'),
(44, 'Abdul Mills Jr.', 'rkreiger@example.org', '2023-03-21 11:34:21', '$2y$10$92IXUNpkjO0rOQ5byMi.Ye4oKoEa3Ro9llC/.og/at2.uheWG/igi', NULL, NULL, 'GVNI2ZApgW', NULL, NULL, '2023-03-21 11:34:21', '2023-03-21 11:34:21'),
(45, 'Clementine Green', 'lauretta73@example.com', '2023-03-21 11:34:21', '$2y$10$92IXUNpkjO0rOQ5byMi.Ye4oKoEa3Ro9llC/.og/at2.uheWG/igi', NULL, NULL, 'nuiDshvxlo', NULL, NULL, '2023-03-21 11:34:21', '2023-03-21 11:34:21'),
(46, 'Mr. Ludwig Hackett III', 'robel.vivianne@example.net', '2023-03-21 11:34:21', '$2y$10$92IXUNpkjO0rOQ5byMi.Ye4oKoEa3Ro9llC/.og/at2.uheWG/igi', NULL, NULL, '0JDtIZHMBQ', NULL, NULL, '2023-03-21 11:34:21', '2023-03-21 11:34:21'),
(47, 'Meghan Kertzmann', 'iabshire@example.org', '2023-03-21 11:34:21', '$2y$10$92IXUNpkjO0rOQ5byMi.Ye4oKoEa3Ro9llC/.og/at2.uheWG/igi', NULL, NULL, 'o41WMLNXej', NULL, NULL, '2023-03-21 11:34:21', '2023-03-21 11:34:21'),
(48, 'Madisyn Schiller', 'skiles.pink@example.org', '2023-03-21 11:34:21', '$2y$10$92IXUNpkjO0rOQ5byMi.Ye4oKoEa3Ro9llC/.og/at2.uheWG/igi', NULL, NULL, 'GTCwd31e7p', NULL, NULL, '2023-03-21 11:34:21', '2023-03-21 11:34:21'),
(49, 'Chyna Olson', 'pagac.louisa@example.com', '2023-03-21 11:34:21', '$2y$10$92IXUNpkjO0rOQ5byMi.Ye4oKoEa3Ro9llC/.og/at2.uheWG/igi', NULL, NULL, '13zmPBKYP3', NULL, NULL, '2023-03-21 11:34:21', '2023-03-21 11:34:21'),
(50, 'Dr. Jamarcus Kuvalis DDS', 'garett.schmeler@example.net', '2023-03-21 11:34:21', '$2y$10$92IXUNpkjO0rOQ5byMi.Ye4oKoEa3Ro9llC/.og/at2.uheWG/igi', NULL, NULL, 'ELPJn8iZoi', NULL, NULL, '2023-03-21 11:34:21', '2023-03-21 11:34:21'),
(51, 'Elenora Batz DDS', 'beahan.morris@example.com', '2023-03-21 11:34:21', '$2y$10$92IXUNpkjO0rOQ5byMi.Ye4oKoEa3Ro9llC/.og/at2.uheWG/igi', NULL, NULL, 'DGWqQRPoe8', NULL, NULL, '2023-03-21 11:34:21', '2023-03-21 11:34:21'),
(52, 'Miss Mossie Upton', 'unienow@example.net', '2023-03-21 11:34:21', '$2y$10$92IXUNpkjO0rOQ5byMi.Ye4oKoEa3Ro9llC/.og/at2.uheWG/igi', NULL, NULL, 'ocelKE2VuO', NULL, NULL, '2023-03-21 11:34:21', '2023-03-21 11:34:21'),
(53, 'Queenie Hahn', 'vquigley@example.net', '2023-03-21 11:34:21', '$2y$10$92IXUNpkjO0rOQ5byMi.Ye4oKoEa3Ro9llC/.og/at2.uheWG/igi', NULL, NULL, 'Cu3CTItS45', NULL, NULL, '2023-03-21 11:34:21', '2023-03-21 11:34:21'),
(54, 'Keegan Bergnaum', 'carolina01@example.org', '2023-03-21 11:34:21', '$2y$10$92IXUNpkjO0rOQ5byMi.Ye4oKoEa3Ro9llC/.og/at2.uheWG/igi', NULL, NULL, 'BMQXgRz7fR', NULL, NULL, '2023-03-21 11:34:21', '2023-03-21 11:34:21'),
(55, 'Eleanore Cormier', 'tyrel.yundt@example.org', '2023-03-21 11:34:21', '$2y$10$92IXUNpkjO0rOQ5byMi.Ye4oKoEa3Ro9llC/.og/at2.uheWG/igi', NULL, NULL, 'vTJ3Xc3WXC', NULL, NULL, '2023-03-21 11:34:21', '2023-03-21 11:34:21'),
(56, 'Ms. Daniella Feil III', 'xtillman@example.net', '2023-03-21 11:34:21', '$2y$10$92IXUNpkjO0rOQ5byMi.Ye4oKoEa3Ro9llC/.og/at2.uheWG/igi', NULL, NULL, 'oO1IET5n6O', NULL, NULL, '2023-03-21 11:34:21', '2023-03-21 11:34:21'),
(57, 'Kevin Gerhold', 'gdickinson@example.net', '2023-03-21 11:34:21', '$2y$10$92IXUNpkjO0rOQ5byMi.Ye4oKoEa3Ro9llC/.og/at2.uheWG/igi', NULL, NULL, 'JLSsBfXB41', NULL, NULL, '2023-03-21 11:34:21', '2023-03-21 11:34:21'),
(58, 'Arlo Gerlach', 'izabella70@example.org', '2023-03-21 11:34:21', '$2y$10$92IXUNpkjO0rOQ5byMi.Ye4oKoEa3Ro9llC/.og/at2.uheWG/igi', NULL, NULL, 'MAhZnzTj3M', NULL, NULL, '2023-03-21 11:34:21', '2023-03-21 11:34:21'),
(59, 'Shaun Johns', 'ecruickshank@example.com', '2023-03-21 11:34:21', '$2y$10$92IXUNpkjO0rOQ5byMi.Ye4oKoEa3Ro9llC/.og/at2.uheWG/igi', NULL, NULL, 'uLoDzvVCC5', NULL, NULL, '2023-03-21 11:34:21', '2023-03-21 11:34:21'),
(60, 'Emmalee Leffler', 'hand.chance@example.com', '2023-03-21 11:34:21', '$2y$10$92IXUNpkjO0rOQ5byMi.Ye4oKoEa3Ro9llC/.og/at2.uheWG/igi', NULL, NULL, 'HFa8q4XHI0', NULL, NULL, '2023-03-21 11:34:21', '2023-03-21 11:34:21'),
(61, 'Kurtis Stanton V', 'destany21@example.org', '2023-03-21 11:34:21', '$2y$10$92IXUNpkjO0rOQ5byMi.Ye4oKoEa3Ro9llC/.og/at2.uheWG/igi', NULL, NULL, 'ROBtIi2Zfs', NULL, NULL, '2023-03-21 11:34:21', '2023-03-21 11:34:21'),
(62, 'Allison Streich', 'dannie.vonrueden@example.org', '2023-03-21 11:34:21', '$2y$10$92IXUNpkjO0rOQ5byMi.Ye4oKoEa3Ro9llC/.og/at2.uheWG/igi', NULL, NULL, 'Z4lnxD0GoL', NULL, NULL, '2023-03-21 11:34:21', '2023-03-21 11:34:21'),
(63, 'Mrs. Kaylee Hamill I', 'vhickle@example.com', '2023-03-21 11:34:21', '$2y$10$92IXUNpkjO0rOQ5byMi.Ye4oKoEa3Ro9llC/.og/at2.uheWG/igi', NULL, NULL, '0j8CuS2rwW', NULL, NULL, '2023-03-21 11:34:21', '2023-03-21 11:34:21'),
(64, 'Dr. Justina Wiegand I', 'lpollich@example.org', '2023-03-21 11:34:21', '$2y$10$92IXUNpkjO0rOQ5byMi.Ye4oKoEa3Ro9llC/.og/at2.uheWG/igi', NULL, NULL, '0DXgiW6wFZ', NULL, NULL, '2023-03-21 11:34:21', '2023-03-21 11:34:21'),
(65, 'Laverna Bednar', 'bashirian.ransom@example.org', '2023-03-21 11:34:21', '$2y$10$92IXUNpkjO0rOQ5byMi.Ye4oKoEa3Ro9llC/.og/at2.uheWG/igi', NULL, NULL, 'fmuWLTfqxh', NULL, NULL, '2023-03-21 11:34:21', '2023-03-21 11:34:21'),
(66, 'Reinhold Ratke', 'adrienne.wyman@example.net', '2023-03-21 11:34:21', '$2y$10$92IXUNpkjO0rOQ5byMi.Ye4oKoEa3Ro9llC/.og/at2.uheWG/igi', NULL, NULL, 'RCSDBdcu3C', NULL, NULL, '2023-03-21 11:34:21', '2023-03-21 11:34:21'),
(67, 'Prof. Tremayne Hirthe MD', 'bednar.katharina@example.com', '2023-03-21 11:34:21', '$2y$10$92IXUNpkjO0rOQ5byMi.Ye4oKoEa3Ro9llC/.og/at2.uheWG/igi', NULL, NULL, 'KKIo1UGrpx', NULL, NULL, '2023-03-21 11:34:21', '2023-03-21 11:34:21'),
(68, 'Lonie O\'Kon', 'hgrimes@example.org', '2023-03-21 11:34:21', '$2y$10$92IXUNpkjO0rOQ5byMi.Ye4oKoEa3Ro9llC/.og/at2.uheWG/igi', NULL, NULL, '3jyJsgHyJl', NULL, NULL, '2023-03-21 11:34:21', '2023-03-21 11:34:21'),
(69, 'Prof. Shayne Breitenberg', 'lzemlak@example.org', '2023-03-21 11:34:21', '$2y$10$92IXUNpkjO0rOQ5byMi.Ye4oKoEa3Ro9llC/.og/at2.uheWG/igi', NULL, NULL, 'x59iik4CMT', NULL, NULL, '2023-03-21 11:34:21', '2023-03-21 11:34:21'),
(70, 'Jany Collins', 'xupton@example.net', '2023-03-21 11:34:21', '$2y$10$92IXUNpkjO0rOQ5byMi.Ye4oKoEa3Ro9llC/.og/at2.uheWG/igi', NULL, NULL, 'hLR503S0E6', NULL, NULL, '2023-03-21 11:34:21', '2023-03-21 11:34:21'),
(71, 'Dr. Antonetta Torp I', 'flavio.toy@example.com', '2023-03-21 11:34:21', '$2y$10$92IXUNpkjO0rOQ5byMi.Ye4oKoEa3Ro9llC/.og/at2.uheWG/igi', NULL, NULL, 'CwB5ixCNVw', NULL, NULL, '2023-03-21 11:34:21', '2023-03-21 11:34:21'),
(72, 'Prof. Keshawn Jacobs Sr.', 'jamison00@example.com', '2023-03-21 11:34:21', '$2y$10$92IXUNpkjO0rOQ5byMi.Ye4oKoEa3Ro9llC/.og/at2.uheWG/igi', NULL, NULL, 'sFSLLbU08a', NULL, NULL, '2023-03-21 11:34:21', '2023-03-21 11:34:21'),
(73, 'Prof. Ashly Tillman', 'kevin63@example.net', '2023-03-21 11:34:21', '$2y$10$92IXUNpkjO0rOQ5byMi.Ye4oKoEa3Ro9llC/.og/at2.uheWG/igi', NULL, NULL, 'hLqOz7bL6y', NULL, NULL, '2023-03-21 11:34:21', '2023-03-21 11:34:21'),
(74, 'Dallas Botsford PhD', 'hilpert.ezekiel@example.net', '2023-03-21 11:34:21', '$2y$10$92IXUNpkjO0rOQ5byMi.Ye4oKoEa3Ro9llC/.og/at2.uheWG/igi', NULL, NULL, 'gHt6gS815j', NULL, NULL, '2023-03-21 11:34:21', '2023-03-21 11:34:21'),
(75, 'Tierra Greenfelder', 'pattie78@example.com', '2023-03-21 11:34:21', '$2y$10$92IXUNpkjO0rOQ5byMi.Ye4oKoEa3Ro9llC/.og/at2.uheWG/igi', NULL, NULL, 'GJ3YxLowuY', NULL, NULL, '2023-03-21 11:34:21', '2023-03-21 11:34:21'),
(76, 'Rodrigo Kuhlman I', 'hhansen@example.com', '2023-03-21 11:34:21', '$2y$10$92IXUNpkjO0rOQ5byMi.Ye4oKoEa3Ro9llC/.og/at2.uheWG/igi', NULL, NULL, 'OT5ZbkD5Og', NULL, NULL, '2023-03-21 11:34:21', '2023-03-21 11:34:21'),
(77, 'Reginald Crona', 'franco23@example.org', '2023-03-21 11:34:21', '$2y$10$92IXUNpkjO0rOQ5byMi.Ye4oKoEa3Ro9llC/.og/at2.uheWG/igi', NULL, NULL, 'hqn5SnENIe', NULL, NULL, '2023-03-21 11:34:21', '2023-03-21 11:34:21'),
(78, 'Reynold Rosenbaum II', 'yolson@example.org', '2023-03-21 11:34:21', '$2y$10$92IXUNpkjO0rOQ5byMi.Ye4oKoEa3Ro9llC/.og/at2.uheWG/igi', NULL, NULL, 'mwxfQb4jLn', NULL, NULL, '2023-03-21 11:34:21', '2023-03-21 11:34:21'),
(79, 'Mr. Hiram Erdman', 'april.collins@example.com', '2023-03-21 11:34:21', '$2y$10$92IXUNpkjO0rOQ5byMi.Ye4oKoEa3Ro9llC/.og/at2.uheWG/igi', NULL, NULL, 'mH1fNId0Er', NULL, NULL, '2023-03-21 11:34:21', '2023-03-21 11:34:21'),
(80, 'Prof. Stuart Kozey III', 'tbreitenberg@example.org', '2023-03-21 11:34:21', '$2y$10$92IXUNpkjO0rOQ5byMi.Ye4oKoEa3Ro9llC/.og/at2.uheWG/igi', NULL, NULL, 'YFQ4cHsEjR', NULL, NULL, '2023-03-21 11:34:21', '2023-03-21 11:34:21'),
(81, 'Prof. Ocie Yundt II', 'zrodriguez@example.net', '2023-03-21 11:34:21', '$2y$10$92IXUNpkjO0rOQ5byMi.Ye4oKoEa3Ro9llC/.og/at2.uheWG/igi', NULL, NULL, 'EEJGcse2Je', NULL, NULL, '2023-03-21 11:34:21', '2023-03-21 11:34:21'),
(82, 'Mr. Lamar Parisian', 'schuyler.cole@example.com', '2023-03-21 11:34:21', '$2y$10$92IXUNpkjO0rOQ5byMi.Ye4oKoEa3Ro9llC/.og/at2.uheWG/igi', NULL, NULL, 'ROr8uwzn0f', NULL, NULL, '2023-03-21 11:34:21', '2023-03-21 11:34:21'),
(83, 'Dr. Blaise Von', 'cmckenzie@example.net', '2023-03-21 11:34:21', '$2y$10$92IXUNpkjO0rOQ5byMi.Ye4oKoEa3Ro9llC/.og/at2.uheWG/igi', NULL, NULL, 'S7T1OlEKP3', NULL, NULL, '2023-03-21 11:34:21', '2023-03-21 11:34:21'),
(84, 'Adele Stoltenberg', 'xwaters@example.com', '2023-03-21 11:34:21', '$2y$10$92IXUNpkjO0rOQ5byMi.Ye4oKoEa3Ro9llC/.og/at2.uheWG/igi', NULL, NULL, 'ZjjriX7QJp', NULL, NULL, '2023-03-21 11:34:21', '2023-03-21 11:34:21'),
(85, 'Jessica Mohr', 'hollie25@example.com', '2023-03-21 11:34:21', '$2y$10$92IXUNpkjO0rOQ5byMi.Ye4oKoEa3Ro9llC/.og/at2.uheWG/igi', NULL, NULL, 'UiNnr3VtLl', NULL, NULL, '2023-03-21 11:34:21', '2023-03-21 11:34:21'),
(86, 'Bailey Farrell MD', 'wuckert.immanuel@example.org', '2023-03-21 11:34:21', '$2y$10$92IXUNpkjO0rOQ5byMi.Ye4oKoEa3Ro9llC/.og/at2.uheWG/igi', NULL, NULL, 'z0rYHUATmA', NULL, NULL, '2023-03-21 11:34:21', '2023-03-21 11:34:21'),
(87, 'Dr. Amely Toy Jr.', 'cathryn63@example.com', '2023-03-21 11:34:21', '$2y$10$92IXUNpkjO0rOQ5byMi.Ye4oKoEa3Ro9llC/.og/at2.uheWG/igi', NULL, NULL, 'WYifT6Hw9R', NULL, NULL, '2023-03-21 11:34:21', '2023-03-21 11:34:21'),
(88, 'Gia Gibson DDS', 'sadie09@example.org', '2023-03-21 11:34:21', '$2y$10$92IXUNpkjO0rOQ5byMi.Ye4oKoEa3Ro9llC/.og/at2.uheWG/igi', NULL, NULL, 'ZHeuItWnAo', NULL, NULL, '2023-03-21 11:34:21', '2023-03-21 11:34:21'),
(89, 'Dr. Marcelo Wisozk', 'ted.stamm@example.net', '2023-03-21 11:34:21', '$2y$10$92IXUNpkjO0rOQ5byMi.Ye4oKoEa3Ro9llC/.og/at2.uheWG/igi', NULL, NULL, 'uBeKOZ8JIt', NULL, NULL, '2023-03-21 11:34:21', '2023-03-21 11:34:21'),
(90, 'Brayan Kreiger', 'spagac@example.org', '2023-03-21 11:34:21', '$2y$10$92IXUNpkjO0rOQ5byMi.Ye4oKoEa3Ro9llC/.og/at2.uheWG/igi', NULL, NULL, 'eWPHEBOH8r', NULL, NULL, '2023-03-21 11:34:21', '2023-03-21 11:34:21'),
(91, 'Mrs. Camylle Hermiston', 'barrett.balistreri@example.com', '2023-03-21 11:34:21', '$2y$10$92IXUNpkjO0rOQ5byMi.Ye4oKoEa3Ro9llC/.og/at2.uheWG/igi', NULL, NULL, 'nGqnPxHcer', NULL, NULL, '2023-03-21 11:34:21', '2023-03-21 11:34:21'),
(92, 'Mr. Damian Ferry Jr.', 'dicki.gino@example.net', '2023-03-21 11:34:21', '$2y$10$92IXUNpkjO0rOQ5byMi.Ye4oKoEa3Ro9llC/.og/at2.uheWG/igi', NULL, NULL, 't0bvi7LrSz', NULL, NULL, '2023-03-21 11:34:21', '2023-03-21 11:34:21'),
(93, 'Delphia Lebsack DVM', 'nmedhurst@example.org', '2023-03-21 11:34:21', '$2y$10$92IXUNpkjO0rOQ5byMi.Ye4oKoEa3Ro9llC/.og/at2.uheWG/igi', NULL, NULL, 'sg24DZMl0T', NULL, NULL, '2023-03-21 11:34:21', '2023-03-21 11:34:21'),
(94, 'Prof. Macy Heidenreich', 'schultz.lela@example.net', '2023-03-21 11:34:21', '$2y$10$92IXUNpkjO0rOQ5byMi.Ye4oKoEa3Ro9llC/.og/at2.uheWG/igi', NULL, NULL, 'CGQOfFMDoy', NULL, NULL, '2023-03-21 11:34:21', '2023-03-21 11:34:21'),
(95, 'Shannon Lindgren', 'lempi84@example.net', '2023-03-21 11:34:21', '$2y$10$92IXUNpkjO0rOQ5byMi.Ye4oKoEa3Ro9llC/.og/at2.uheWG/igi', NULL, NULL, 'l9IHE7gVGh', NULL, NULL, '2023-03-21 11:34:21', '2023-03-21 11:34:21'),
(96, 'Layne Maggio', 'oran.terry@example.com', '2023-03-21 11:34:21', '$2y$10$92IXUNpkjO0rOQ5byMi.Ye4oKoEa3Ro9llC/.og/at2.uheWG/igi', NULL, NULL, 'aNMAFBgTQl', NULL, NULL, '2023-03-21 11:34:21', '2023-03-21 11:34:21'),
(97, 'Miss Melba Kulas', 'odaugherty@example.org', '2023-03-21 11:34:21', '$2y$10$92IXUNpkjO0rOQ5byMi.Ye4oKoEa3Ro9llC/.og/at2.uheWG/igi', NULL, NULL, 'e1UIQKf5N6', NULL, NULL, '2023-03-21 11:34:21', '2023-03-21 11:34:21'),
(98, 'Prof. Lonny Batz', 'frankie.reynolds@example.org', '2023-03-21 11:34:21', '$2y$10$92IXUNpkjO0rOQ5byMi.Ye4oKoEa3Ro9llC/.og/at2.uheWG/igi', NULL, NULL, 'eKWbviDXvv', NULL, NULL, '2023-03-21 11:34:21', '2023-03-21 11:34:21'),
(99, 'Ova Oberbrunner', 'gayle61@example.net', '2023-03-21 11:34:21', '$2y$10$92IXUNpkjO0rOQ5byMi.Ye4oKoEa3Ro9llC/.og/at2.uheWG/igi', NULL, NULL, 'ofohwBVnIJ', NULL, NULL, '2023-03-21 11:34:21', '2023-03-21 11:34:21'),
(100, 'Miss Lori Huels Jr.', 'myles.gerhold@example.net', '2023-03-21 11:34:21', '$2y$10$92IXUNpkjO0rOQ5byMi.Ye4oKoEa3Ro9llC/.og/at2.uheWG/igi', NULL, NULL, 'HVHvl0LiDn', NULL, NULL, '2023-03-21 11:34:21', '2023-03-21 11:34:21'),
(101, 'Prof. Elsie Gislason DDS', 'abarton@example.org', '2023-03-21 11:34:21', '$2y$10$92IXUNpkjO0rOQ5byMi.Ye4oKoEa3Ro9llC/.og/at2.uheWG/igi', NULL, NULL, 'IbVz9Oz02B', NULL, NULL, '2023-03-21 11:34:21', '2023-03-21 11:34:21'),
(102, 'Prueba', 'prueba@gmail.es', '2023-03-21 11:34:21', '$2y$10$QV.zrhDWt2kugdhfosrON.fFdMcmMR4rOAj8.9rXAxtshmVa.iYtS', NULL, NULL, 'BdS2jaPqGUIRb1VrquLsJaVuP1BRXsOAGaOnWurWzH3F9wCSCAMahfqjSQUH', NULL, NULL, '2023-03-21 11:34:21', '2023-03-21 11:34:21');

--
-- ndices para tablas volcadas
--

--
-- Indices de la tabla `brands`
--
ALTER TABLE `brands`
  ADD PRIMARY KEY (`id`);

--
-- Indices de la tabla `brand_category`
--
ALTER TABLE `brand_category`
  ADD PRIMARY KEY (`id`),
  ADD KEY `brand_category_brand_id_foreign` (`brand_id`),
  ADD KEY `brand_category_category_id_foreign` (`category_id`);

--
-- Indices de la tabla `categories`
--
ALTER TABLE `categories`
  ADD PRIMARY KEY (`id`);

--
-- Indices de la tabla `cities`
--
ALTER TABLE `cities`
  ADD PRIMARY KEY (`id`),
  ADD KEY `cities_department_id_foreign` (`department_id`);

--
-- Indices de la tabla `colors`
--
ALTER TABLE `colors`
  ADD PRIMARY KEY (`id`);

--
-- Indices de la tabla `color_product`
--
ALTER TABLE `color_product`
  ADD PRIMARY KEY (`id`),
  ADD KEY `color_product_color_id_foreign` (`color_id`),
  ADD KEY `color_product_product_id_foreign` (`product_id`);

--
-- Indices de la tabla `color_size`
--
ALTER TABLE `color_size`
  ADD PRIMARY KEY (`id`),
  ADD KEY `color_size_color_id_foreign` (`color_id`),
  ADD KEY `color_size_size_id_foreign` (`size_id`);

--
-- Indices de la tabla `departments`
--
ALTER TABLE `departments`
  ADD PRIMARY KEY (`id`);

--
-- Indices de la tabla `districts`
--
ALTER TABLE `districts`
  ADD PRIMARY KEY (`id`),
  ADD KEY `districts_city_id_foreign` (`city_id`);

--
-- Indices de la tabla `failed_jobs`
--
ALTER TABLE `failed_jobs`
  ADD PRIMARY KEY (`id`),
  ADD UNIQUE KEY `failed_jobs_uuid_unique` (`uuid`);

--
-- Indices de la tabla `images`
--
ALTER TABLE `images`
  ADD PRIMARY KEY (`id`);

--
-- Indices de la tabla `migrations`
--
ALTER TABLE `migrations`
  ADD PRIMARY KEY (`id`);

--
-- Indices de la tabla `model_has_permissions`
--
ALTER TABLE `model_has_permissions`
  ADD PRIMARY KEY (`permission_id`,`model_id`,`model_type`),
  ADD KEY `model_has_permissions_model_id_model_type_index` (`model_id`,`model_type`);

--
-- Indices de la tabla `model_has_roles`
--
ALTER TABLE `model_has_roles`
  ADD PRIMARY KEY (`role_id`,`model_id`,`model_type`),
  ADD KEY `model_has_roles_model_id_model_type_index` (`model_id`,`model_type`);

--
-- Indices de la tabla `orders`
--
ALTER TABLE `orders`
  ADD PRIMARY KEY (`id`),
  ADD KEY `orders_user_id_foreign` (`user_id`);

--
-- Indices de la tabla `password_resets`
--
ALTER TABLE `password_resets`
  ADD KEY `password_resets_email_index` (`email`);

--
-- Indices de la tabla `permissions`
--
ALTER TABLE `permissions`
  ADD PRIMARY KEY (`id`),
  ADD UNIQUE KEY `permissions_name_guard_name_unique` (`name`,`guard_name`);

--
-- Indices de la tabla `personal_access_tokens`
--
ALTER TABLE `personal_access_tokens`
  ADD PRIMARY KEY (`id`),
  ADD UNIQUE KEY `personal_access_tokens_token_unique` (`token`),
  ADD KEY `personal_access_tokens_tokenable_type_tokenable_id_index` (`tokenable_type`,`tokenable_id`);

--
-- Indices de la tabla `products`
--
ALTER TABLE `products`
  ADD PRIMARY KEY (`id`),
  ADD KEY `products_subcategory_id_foreign` (`subcategory_id`),
  ADD KEY `products_brand_id_foreign` (`brand_id`);

--
-- Indices de la tabla `roles`
--
ALTER TABLE `roles`
  ADD PRIMARY KEY (`id`),
  ADD UNIQUE KEY `roles_name_guard_name_unique` (`name`,`guard_name`);

--
-- Indices de la tabla `role_has_permissions`
--
ALTER TABLE `role_has_permissions`
  ADD PRIMARY KEY (`permission_id`,`role_id`),
  ADD KEY `role_has_permissions_role_id_foreign` (`role_id`);

--
-- Indices de la tabla `sessions`
--
ALTER TABLE `sessions`
  ADD PRIMARY KEY (`id`),
  ADD KEY `sessions_user_id_index` (`user_id`),
  ADD KEY `sessions_last_activity_index` (`last_activity`);

--
-- Indices de la tabla `shoppingcart`
--
ALTER TABLE `shoppingcart`
  ADD PRIMARY KEY (`identifier`,`instance`);

--
-- Indices de la tabla `sizes`
--
ALTER TABLE `sizes`
  ADD PRIMARY KEY (`id`),
  ADD KEY `sizes_product_id_foreign` (`product_id`);

--
-- Indices de la tabla `subcategories`
--
ALTER TABLE `subcategories`
  ADD PRIMARY KEY (`id`),
  ADD KEY `subcategories_category_id_foreign` (`category_id`);

--
-- Indices de la tabla `users`
--
ALTER TABLE `users`
  ADD PRIMARY KEY (`id`),
  ADD UNIQUE KEY `users_email_unique` (`email`);

--
-- AUTO_INCREMENT de las tablas volcadas
--

--
-- AUTO_INCREMENT de la tabla `brands`
--
ALTER TABLE `brands`
  MODIFY `id` bigint UNSIGNED NOT NULL AUTO_INCREMENT, AUTO_INCREMENT=21;

--
-- AUTO_INCREMENT de la tabla `brand_category`
--
ALTER TABLE `brand_category`
  MODIFY `id` bigint UNSIGNED NOT NULL AUTO_INCREMENT, AUTO_INCREMENT=21;

--
-- AUTO_INCREMENT de la tabla `categories`
--
ALTER TABLE `categories`
  MODIFY `id` bigint UNSIGNED NOT NULL AUTO_INCREMENT, AUTO_INCREMENT=6;

--
-- AUTO_INCREMENT de la tabla `cities`
--
ALTER TABLE `cities`
  MODIFY `id` bigint UNSIGNED NOT NULL AUTO_INCREMENT, AUTO_INCREMENT=65;

--
-- AUTO_INCREMENT de la tabla `colors`
--
ALTER TABLE `colors`
  MODIFY `id` bigint UNSIGNED NOT NULL AUTO_INCREMENT, AUTO_INCREMENT=5;

--
-- AUTO_INCREMENT de la tabla `color_product`
--
ALTER TABLE `color_product`
  MODIFY `id` bigint UNSIGNED NOT NULL AUTO_INCREMENT, AUTO_INCREMENT=33;

--
-- AUTO_INCREMENT de la tabla `color_size`
--
ALTER TABLE `color_size`
  MODIFY `id` bigint UNSIGNED NOT NULL AUTO_INCREMENT, AUTO_INCREMENT=325;

--
-- AUTO_INCREMENT de la tabla `departments`
--
ALTER TABLE `departments`
  MODIFY `id` bigint UNSIGNED NOT NULL AUTO_INCREMENT, AUTO_INCREMENT=9;

--
-- AUTO_INCREMENT de la tabla `districts`
--
ALTER TABLE `districts`
  MODIFY `id` bigint UNSIGNED NOT NULL AUTO_INCREMENT, AUTO_INCREMENT=513;

--
-- AUTO_INCREMENT de la tabla `failed_jobs`
--
ALTER TABLE `failed_jobs`
  MODIFY `id` bigint UNSIGNED NOT NULL AUTO_INCREMENT;

--
-- AUTO_INCREMENT de la tabla `images`
--
ALTER TABLE `images`
  MODIFY `id` bigint UNSIGNED NOT NULL AUTO_INCREMENT, AUTO_INCREMENT=1001;

--
-- AUTO_INCREMENT de la tabla `migrations`
--
ALTER TABLE `migrations`
  MODIFY `id` int UNSIGNED NOT NULL AUTO_INCREMENT, AUTO_INCREMENT=23;

--
-- AUTO_INCREMENT de la tabla `orders`
--
ALTER TABLE `orders`
  MODIFY `id` bigint UNSIGNED NOT NULL AUTO_INCREMENT;

--
-- AUTO_INCREMENT de la tabla `permissions`
--
ALTER TABLE `permissions`
  MODIFY `id` bigint UNSIGNED NOT NULL AUTO_INCREMENT;

--
-- AUTO_INCREMENT de la tabla `personal_access_tokens`
--
ALTER TABLE `personal_access_tokens`
  MODIFY `id` bigint UNSIGNED NOT NULL AUTO_INCREMENT;

--
-- AUTO_INCREMENT de la tabla `products`
--
ALTER TABLE `products`
  MODIFY `id` bigint UNSIGNED NOT NULL AUTO_INCREMENT, AUTO_INCREMENT=251;

--
-- AUTO_INCREMENT de la tabla `roles`
--
ALTER TABLE `roles`
  MODIFY `id` bigint UNSIGNED NOT NULL AUTO_INCREMENT, AUTO_INCREMENT=2;

--
-- AUTO_INCREMENT de la tabla `sizes`
--
ALTER TABLE `sizes`
  MODIFY `id` bigint UNSIGNED NOT NULL AUTO_INCREMENT, AUTO_INCREMENT=82;

--
-- AUTO_INCREMENT de la tabla `subcategories`
--
ALTER TABLE `subcategories`
  MODIFY `id` bigint UNSIGNED NOT NULL AUTO_INCREMENT, AUTO_INCREMENT=19;

--
-- AUTO_INCREMENT de la tabla `users`
--
ALTER TABLE `users`
  MODIFY `id` bigint UNSIGNED NOT NULL AUTO_INCREMENT, AUTO_INCREMENT=103;

--
-- Restricciones para tablas volcadas
--

--
-- Filtros para la tabla `brand_category`
--
ALTER TABLE `brand_category`
  ADD CONSTRAINT `brand_category_brand_id_foreign` FOREIGN KEY (`brand_id`) REFERENCES `brands` (`id`) ON DELETE CASCADE,
  ADD CONSTRAINT `brand_category_category_id_foreign` FOREIGN KEY (`category_id`) REFERENCES `categories` (`id`) ON DELETE CASCADE;

--
-- Filtros para la tabla `cities`
--
ALTER TABLE `cities`
  ADD CONSTRAINT `cities_department_id_foreign` FOREIGN KEY (`department_id`) REFERENCES `departments` (`id`) ON DELETE CASCADE;

--
-- Filtros para la tabla `color_product`
--
ALTER TABLE `color_product`
  ADD CONSTRAINT `color_product_color_id_foreign` FOREIGN KEY (`color_id`) REFERENCES `colors` (`id`) ON DELETE CASCADE,
  ADD CONSTRAINT `color_product_product_id_foreign` FOREIGN KEY (`product_id`) REFERENCES `products` (`id`) ON DELETE CASCADE;

--
-- Filtros para la tabla `color_size`
--
ALTER TABLE `color_size`
  ADD CONSTRAINT `color_size_color_id_foreign` FOREIGN KEY (`color_id`) REFERENCES `colors` (`id`) ON DELETE CASCADE,
  ADD CONSTRAINT `color_size_size_id_foreign` FOREIGN KEY (`size_id`) REFERENCES `sizes` (`id`) ON DELETE CASCADE;

--
-- Filtros para la tabla `districts`
--
ALTER TABLE `districts`
  ADD CONSTRAINT `districts_city_id_foreign` FOREIGN KEY (`city_id`) REFERENCES `cities` (`id`) ON DELETE CASCADE;

--
-- Filtros para la tabla `model_has_permissions`
--
ALTER TABLE `model_has_permissions`
  ADD CONSTRAINT `model_has_permissions_permission_id_foreign` FOREIGN KEY (`permission_id`) REFERENCES `permissions` (`id`) ON DELETE CASCADE;

--
-- Filtros para la tabla `model_has_roles`
--
ALTER TABLE `model_has_roles`
  ADD CONSTRAINT `model_has_roles_role_id_foreign` FOREIGN KEY (`role_id`) REFERENCES `roles` (`id`) ON DELETE CASCADE;

--
-- Filtros para la tabla `orders`
--
ALTER TABLE `orders`
  ADD CONSTRAINT `orders_user_id_foreign` FOREIGN KEY (`user_id`) REFERENCES `users` (`id`);

--
-- Filtros para la tabla `products`
--
ALTER TABLE `products`
  ADD CONSTRAINT `products_brand_id_foreign` FOREIGN KEY (`brand_id`) REFERENCES `brands` (`id`) ON DELETE CASCADE,
  ADD CONSTRAINT `products_subcategory_id_foreign` FOREIGN KEY (`subcategory_id`) REFERENCES `subcategories` (`id`) ON DELETE CASCADE;

--
-- Filtros para la tabla `role_has_permissions`
--
ALTER TABLE `role_has_permissions`
  ADD CONSTRAINT `role_has_permissions_permission_id_foreign` FOREIGN KEY (`permission_id`) REFERENCES `permissions` (`id`) ON DELETE CASCADE,
  ADD CONSTRAINT `role_has_permissions_role_id_foreign` FOREIGN KEY (`role_id`) REFERENCES `roles` (`id`) ON DELETE CASCADE;

--
-- Filtros para la tabla `sizes`
--
ALTER TABLE `sizes`
  ADD CONSTRAINT `sizes_product_id_foreign` FOREIGN KEY (`product_id`) REFERENCES `products` (`id`) ON DELETE CASCADE;

--
-- Filtros para la tabla `subcategories`
--
ALTER TABLE `subcategories`
  ADD CONSTRAINT `subcategories_category_id_foreign` FOREIGN KEY (`category_id`) REFERENCES `categories` (`id`) ON DELETE CASCADE;
COMMIT;

/*!40101 SET CHARACTER_SET_CLIENT=@OLD_CHARACTER_SET_CLIENT */;
/*!40101 SET CHARACTER_SET_RESULTS=@OLD_CHARACTER_SET_RESULTS */;
/*!40101 SET COLLATION_CONNECTION=@OLD_COLLATION_CONNECTION */;
